size_bin,-8000.0,-7950.0,-7900.0,-7850.0,-7800.0,-7750.0,-7700.0,-7650.0,-7600.0,-7550.0,-7500.0,-7450.0,-7400.0,-7350.0,-7300.0,-7250.0,-7200.0,-7150.0,-7100.0,-7050.0,-7000.0,-6950.0,-6900.0,-6850.0,-6800.0,-6750.0,-6700.0,-6650.0,-6600.0,-6550.0,-6500.0,-6450.0,-6400.0,-6350.0,-6300.0,-6250.0,-6200.0,-6150.0,-6100.0,-6050.0,-6000.0,-5950.0,-5900.0,-5850.0,-5800.0,-5750.0,-5700.0,-5650.0,-5600.0,-5550.0,-5500.0,-5450.0,-5400.0,-5350.0,-5300.0,-5250.0,-5200.0,-5150.0,-5100.0,-5050.0,-5000.0,-4950.0,-4900.0,-4850.0,-4800.0,-4750.0,-4700.0,-4650.0,-4600.0,-4550.0,-4500.0,-4450.0,-4400.0,-4350.0,-4300.0,-4250.0,-4200.0,-4150.0,-4100.0,-4050.0,-4000.0,-3950.0,-3900.0,-3850.0,-3800.0,-3750.0,-3700.0,-3650.0,-3600.0,-3550.0,-3500.0,-3450.0,-3400.0,-3350.0,-3300.0,-3250.0,-3200.0,-3150.0,-3100.0,-3050.0,-3000.0,-2950.0,-2900.0,-2850.0,-2800.0,-2750.0,-2700.0,-2650.0,-2600.0,-2550.0,-2500.0,-2450.0,-2400.0,-2350.0,-2300.0,-2250.0,-2200.0,-2150.0,-2100.0,-2050.0,-2000.0,-1950.0,-1900.0,-1850.0,-1800.0,-1750.0,-1700.0,-1650.0,-1600.0,-1550.0,-1500.0,-1450.0,-1400.0,-1350.0,-1300.0,-1250.0,-1200.0,-1150.0,-1100.0,-1050.0,-1000.0,-950.0,-900.0,-850.0,-800.0,-750.0,-700.0,-650.0,-600.0,-550.0,-500.0,-450.0,-400.0,-350.0,-300.0,-250.0,-200.0,-150.0,-100.0,-50.0,0.0,50.0,100.0,150.0,200.0,250.0,300.0,350.0,400.0,450.0,500.0,550.0,600.0,650.0,700.0,750.0,800.0,850.0,900.0,950.0,1000.0,1050.0,1100.0,1150.0,1200.0,1250.0,1300.0,1350.0,1400.0,1450.0,1500.0,1550.0,1600.0,1650.0,1700.0,1750.0,1800.0,1850.0,1900.0,1950.0,2000.0,2050.0,2100.0,2150.0,2200.0,2250.0,2300.0,2350.0,2400.0,2450.0,2500.0,2550.0,2600.0,2650.0,2700.0,2750.0,2800.0,2850.0,2900.0,2950.0,3000.0,3050.0,3100.0,3150.0,3200.0,3250.0,3300.0,3350.0,3400.0,3450.0,3500.0,3550.0,3600.0,3650.0,3700.0,3750.0,3800.0,3850.0,3900.0,3950.0,4000.0,4050.0,4100.0,4150.0,4200.0,4250.0,4300.0,4350.0,4400.0,4450.0,4500.0,4550.0,4600.0,4650.0,4700.0,4750.0,4800.0,4850.0,4900.0,4950.0,5000.0,5050.0,5100.0,5150.0,5200.0,5250.0,5300.0,5350.0,5400.0,5450.0,5500.0,5550.0,5600.0,5650.0,5700.0,5750.0,5800.0,5850.0,5900.0,5950.0,6000.0,6050.0,6100.0,6150.0,6200.0,6250.0,6300.0,6350.0,6400.0,6450.0,6500.0,6550.0,6600.0,6650.0,6700.0,6750.0,6800.0,6850.0,6900.0,6950.0,7000.0,7050.0,7100.0,7150.0,7200.0,7250.0,7300.0,7350.0,7400.0,7450.0,7500.0,7550.0,7600.0,7650.0,7700.0,7750.0,7800.0,7850.0,7900.0,7950.0
18,,,,,,,,,,,,,,,,,,,,,,,,,,,,,,,,,,,,,,,,,,,,,,,,,,,,,,,,,,,,,,,,,,,,,,,,,,,,,,,,,,,,,,,,,,,,,,,,,,,,,,,,,,,,,,,,,,,,,,,,,,,,,,,,,,,,,,,,,,,,,,,,,,,,,,,,0.20071352466610226,0.22357242993150872,0.2361776621270847,0.22844088609803612,0.20273604898886435,,0.2328992436129312,0.27949324104838924,0.2962699249116145,0.28040182112748513,0.2555594960830202,0.2371820394882868,0.21751564909942397,,,,0.21764265979031136,0.23264787945776805,0.24921253628571632,0.27144177923755625,0.2818781569003542,0.27183136675857206,0.2521660559348479,0.2364707194564551,0.22773775629399862,0.22524474337751765,0.22661726716345787,0.21561648794241886,,,,,,,,,,,,,,,,,,,,,,,,,,,,,,,,,,,,,,,,,,,,,,,,,,,,,,,,,,,,,,,,,,,,,,,,,,,,,,,,,,,,,,,,,,,,,,,,,,,,,,,,,,,,,,,,,,,,,,,,,,,,,,,,,,,,,,,,,,,,,
23,,,,,,,,,,,,,,,,,,,,,,,,,,,,,,,,,,,,,,,,,,,,,,,,,,,,,,,,,,,,,,,,,,,,,,,,,,,,,,,,,,,,,,,,,,,,,,,,,,,,,,,,,,,,,,,,,,,,,,,,,,,,,,,,,,,,,,,,,,,,,,,,,,,,,,,,,0.2035950612541732,0.2065395955225517,,,,,0.22572400567547846,0.24396278763140578,0.24030499734737631,0.22720156891396875,0.21318046873160562,,,,,,0.20202923945116613,0.22293663010137668,0.24352732460290927,0.24755285613610362,0.23396238034633116,0.2157156093873588,0.2023014850092686,,,,,,,,,,,,,,,,,,,,,,,,,,,,,,,,,,,,,,,,,,,,,,,,,,,,,,,,,,,,,,,,,,,,,,,,,,,,,,,,,,,,,,,,,,,,,,,,,,,,,,,,,,,,,,,,,,,,,,,,,,,,,,,,,,,,,,,,,,,,,,,,,
28,,,,,,,,,,,,,,,,,,,,,,,,,,,,,,,,,,,,,,,,,,,,,,,,,,,,,,,,,,,,,,,,,,,,,,,,,,,,,,,,,,,,,,,,,,,,,,,,,,,,,,,,,,,,,,,,,,,,,,,,,,,,,,,,,,,,,,,,,,,,,,,,,,,,,,,,,,,,,,,,,0.20540230216575495,0.20981687425214618,0.20615467487502848,,,,,,,,0.20896051790096834,0.202123828020872,,,,,,,,,,,,,,,,,,,,,,,,,,,,,,,,,,,,,,,,,,,,,,,,,,,,,,,,,,,,,,,,,,,,,,,,,,,,,,,,,,,,,,,,,,,,,,,,,,,,,,,,,,,,,,,,,,,,,,,,,,,,,,,,,,,,,,,,,,,,,,,,,,,,
33,,,,,,,,,,,,,,,,,,,,,,,,,,,,,,,,,,,,,,,,,,,,,,,,,,,,,,,,,,,,,,,,,,,,,,,,,,,,,,,,,,,,,,,,,,,,,,,,,,,,,,,,,,,,,,,,,,,,,,,,,,,,,,,,,,,,,,,,,,,,,,,,,,,,,,,,,,,,,,,,,0.2246290172485535,0.23927523157455577,0.2454648871713682,0.2385599419843814,0.21164842385887347,,,,,0.20006559070398158,0.2004973176581804,,,,,,,,,,,,,,,,,,,,,,,,,,,,,,,,,,,,,,,,,,,,,,,,,,,,,,,,,,,,,,,,,,,,,,,,,,,,,,,,,,,,,,,,,,,,,,,,,,,,,,,,,,,,,,,,,,,,,,,,,,,,,,,,,,,,,,,,,,,,,,,,,,,,,
38,,,,,,,,,,,,,,,,,,,,,,,,,,,,,,,,,,,,,,,,,,,,,,,,,,,,,,,,,,,,,,,,,,,,,,,,,,,,,,,,,,,,,,,,,,,,,,,,,,,,,,,,,,,,,,,,,,,,,,,,,,,,,,,,,,,,,,,,,,,,,,,,,,,,0.2007535397413242,0.2200231353783036,0.21537685309390459,0.2063569023890054,0.20059213595735004,,,0.2048922374188272,0.2201722816076463,0.22961297274253323,0.23419191556296734,0.25262315091984167,0.2866471773786876,0.3102738360430931,0.315713203745554,0.32010277140984256,0.3203947379792498,0.29850961926822583,0.2657302765864445,0.24763820657071833,0.24585882639788925,0.25053409229643064,0.2534615199854061,0.23952863007078434,0.20587182238560942,,,,,,,,,,,,,,,,,,,,,,,,,,,,,,,,,,,,,,,,,,,,,,,,,,,,,,,,,,,,,,,,,,,,,,,,,,,,,,,,,,,,,,,,,,,,,,,,,,,,,,,,,,,,,,,,,,,,,,,,,,,,,,,,,,,,,,,,,,,,,,,,,,,,
43,,,,,,,,,,,,,,,,,,,,,,,,,,,,,,,,,,,,,,,,,,,,,,,,,,,,,,,,,,,,,,,,,,,,,,,,,,,,,,,,,,,,,,,,,,,,,,,,,,,,,,,,,,,,,,,,,,,,,,,,,,,,,,,,,,,,,,,,,,,,,,,,,,,0.23075931059671234,0.2673059812500519,0.2793024186567631,0.2767256199422915,0.28153255925059884,0.28892900879519057,0.28459517700990145,0.277597959879033,0.28643359686381864,0.31412176069898656,0.3467338143931811,0.3742035704265847,0.4030162545075878,0.42968428562168326,0.43267930421166967,0.4149008014202349,0.40531059146811643,0.4057302565674635,0.39172816702815794,0.3642537020567872,0.3450262978878117,0.3377478803673757,0.33410210411152386,0.32743738609868256,0.3057514573918986,0.26569265242265494,0.22201605188442508,,,,,0.20041426951564556,,,,,,,,,,,,,,,,,,,,,,,,,,,,,,,,,,,,,,,,,,,,,,,,,,,,0.20372450635625522,0.20779646255524128,0.20338979694492615,,,,,,,,,,,,,,,,,,,,,,,,,,,,,,,,,,,,,,,,,,,,,,,,,,,,,,,,,,,,,,,,,,,,,,,,,,,,,,,,,,,,,,,,
48,,,,,,,,,,,,,,,,,,,,,,,,,,,,,,,,,,,,,,,,,,,,,,,,,,,,,,,,,,,,,,,,,,,,,,,,,,,,,,,,,,,,,,,,,,,,,,,,,,,,,,,,,,,,,,,,,,,,,,,,,,,,,,,,,,,,,,,,,,0.20814190496266596,,,0.20223767732294223,0.2181653707940705,0.2313282238983442,0.2429697645080358,0.2576366026297511,0.27986628028487526,0.30924395148029804,0.3323309210525839,0.3375990039383364,0.3399999711229416,0.35987874525256064,0.38407444652308864,0.38788608377410827,0.3773854421487923,0.3802476338455719,0.4115374758920147,0.4600067010138317,0.5058628550737769,0.5416720703080036,0.5600666229145077,0.5467777016154749,0.5109542724420135,0.48475167426472493,0.4765048345742768,0.46559698217838347,0.4445860123697555,0.4240957760047043,0.4069610806277898,0.3911149393633424,0.37647452029388606,0.35421047845604425,0.3166482023517217,0.2706346040158166,0.2285326594975805,0.2047404689057389,0.20935138334358547,0.22917841645501336,0.23523979982003546,0.22142910317602976,0.20657503729993043,,,,,,,,,,,,,,,,,,,,,,,,,,,,,,,,,,,,,,,,,,,,,,,,,0.20434328753131237,0.23530854604623158,0.23661393867610575,0.21661654703403765,,,,,,,,,,,,,,,,,,,,,,,,,,,,,,,,,,,,,,,,,,,,,,,,,,,,,,,,,,,,,,,,,,,,,,,,,,,,,,,,,,,,,,,,
53,,,,,,,,,,,,,,,,,,,,,,,,,,,,,,,,,,,,,,,,,,,,,,,,,,,,,,,,,,,,,,,,,,,,,,,,,,,,,,,,,,,,,,,,,,,,,,0.2035185687372626,0.20010421946965418,,,,,,,,,,,,,,,,,,,,,,,,,,,,,,,,,,,,,,,,,,0.21117217288025017,0.2329639963500482,0.22944558832046413,0.21637126899893944,0.21844326716629492,0.24418851972864045,0.28364913245408474,0.3199948836976996,0.3401463243052616,0.3455171473138693,0.34862481116077126,0.3539724649506335,0.3585562408102272,0.3730611730873109,0.40935593991127817,0.44895295019623094,0.4631277891056135,0.4545853886751695,0.45324360799085117,0.48115258078053247,0.5318324094046111,0.5829879728805366,0.6209061509551514,0.6379080949963658,0.6238924526021348,0.5848097920982456,0.5462139676099654,0.5228619294018433,0.5074557860708583,0.4909074274890841,0.4705156182387822,0.4442263832604533,0.41600888954664494,0.39290013861288675,0.37043557593694176,0.3412910390804864,0.30711062363467206,0.27293080532677844,0.24842809858237186,0.2443843565335495,0.2552087348040243,0.25963429614646416,0.2481047057983918,0.23121406107380055,0.21547441977788584,,,,,,,,,,,,,,,,,,,,,,,,,,,,,,,,,,,,,,,,,,,,,,,,,0.22426346169555675,0.23457568474802248,0.21689245896865472,0.20137443780255204,0.20036898555072755,,,,,,,,,,,,,,,,,,,,,,,,,,,,,,,,,,,,,,,,,,,,,,,,,,,,,,,,,,,,,,,,,,,,,,,,,,,,,,,,,,,,,,
58,,,,,,,,,,,,,,,,,,,,,,,,,,,,,,,,,,,,,,,,,,,,,,,,,,,,,,,,,,,,,,,,,,,,,,,,,,,,,,,,,,,,,,,,,,,,0.2093551160114508,0.23197501196001497,0.237849210253371,0.22538176013797515,,,,,,,,,,,,,,,,,,,,,,,,,,,,,,,,,,,,,,,,,,,0.2159716284936245,0.22060579900574734,0.21082829308997358,0.2138003700530046,0.24767415188731257,0.3023002874174585,0.35019623482263196,0.36800556423075037,0.3550631709360961,0.3338627487180142,0.3259322618803797,0.33657324668532085,0.36904528659484565,0.4225820289248562,0.4736327584333328,0.4951288697875598,0.48958783726587995,0.48497400987190387,0.5055331130771799,0.5501915272126464,0.5993613389704022,0.6393005607404519,0.6632041484917025,0.6599419703376087,0.6273373411225498,0.5825198901323384,0.5455159897840731,0.5236021117753654,0.5111133036413369,0.4954826404746627,0.4682916539851678,0.4348710393259243,0.4045969402767301,0.3785005129086763,0.3574095229161255,0.3418597952865525,0.3228368050330922,0.2969233586042643,0.27748753572253004,0.2741704651258068,0.27678813999267937,0.27029369835698047,0.25243582204992954,0.2293243571167612,0.20756567245878474,,,,,,,,,,,,,,,,,,,,,,,,,,,,,,,,,,,,,,,,,,,,,,,,,0.20711792314628308,0.20627844745427404,0.20003479036620134,0.20325848789811907,,,,,,,,,,,,,,,,,,,,,,,,,,,,,,,,,,,,,,,,,,,,,,,,,,,,,,,,,,,,,,,,,,,,,,,,,,,,,,,,,,,,,,
63,,,,,,,,,,,,,,,,,,,,,,,,,,,,,,,,,,,,,,,,,,,,,,,,,,,,,,,,,,,,,,,,,,,,,,,,,,,,,,,,,,,,,,,,,,,,0.20140421601820022,0.2396696371905811,0.25156512440667256,0.23277688420964598,,,,,,,,,,,,,,,,,,,,,,,,,,,,,,,,,,,,,,,,,,,,,,,0.23115626586786892,0.2824624688790246,0.3270860150002396,0.3422213280067602,0.3236739483095844,0.2937198290508508,0.28205421228650635,0.30045013076996296,0.3473372467034121,0.41267362806365865,0.4711327960383438,0.4992700516039549,0.4977416148948406,0.48892362874106465,0.4982095200626227,0.5315785260449805,0.5752980594796416,0.6187599344656498,0.6539974877068322,0.6632962661929446,0.6376960473715463,0.5927798906868408,0.5521689897462652,0.528500124875237,0.5185660146992295,0.5081918112992738,0.48694517135742,0.4573748031890438,0.4255808007547175,0.39636736050453103,0.3790852562023419,0.37455379013603896,0.36345046150706745,0.3328757505667577,0.29863907165002135,0.2820411178527435,0.28115862519401924,0.2773314058220881,0.2587210940672352,0.23005118800271207,0.20661754157551188,,,,,,,,,,,,,,,,,,,,,,,,,,,,,,,,,,,,,,,,,,,,,,,,,,,,,,,,,,,,,,,,,,,,,,,,,,,,,,,,,,,,,,,,,,,,,,,,,,,,,,,,,,,,,,,,,,,,,,,,,,,,,,,,,,,,,,,,,,
68,,,,,,,,,,,,,,,,,,,0.20747210235762,0.20829627867964956,,,0.20399129068778546,0.20278087762173894,,,,,,,,,,,,,,,,,,,,,,,,,,,,,,,,,,,,,,,,,,,,,,,,,,,,,,,,,,,,,,,,,,,,,0.22985216857543322,0.24886543277919648,0.22619140455393077,,,,,,,,,,,,,,,,,,,,,,,,,,,,,,,,,,,,,,,,0.20577115796948064,,,,,,,0.20428419748076143,0.24329535834773536,0.2799413323730435,0.2994663757464746,0.29222072278715405,0.27104799680189406,0.2639735325860021,0.28569975813115045,0.3337674869776055,0.3970225048087315,0.4556553449709665,0.49102367322283846,0.49760297438016643,0.48776898764506904,0.48614037669511045,0.5059410692513598,0.541739472714994,0.5877295651691739,0.6316565129094409,0.6460677312552716,0.620446559091109,0.5780953232442778,0.5449740181694379,0.5269834239237676,0.5175947526590066,0.5072859653016347,0.48988368459498943,0.46604995357866574,0.4385501794469341,0.41260393536194484,0.39776443090618385,0.39341346101719255,0.3807619819151299,0.34649925530194614,0.30374711798120735,0.2748680397542904,0.26422416369951307,0.25718101354213346,0.23916318581270946,0.21108561476408094,,,0.2087900514234847,0.21509695143927438,0.20853348646284797,,,,,,,,,,,,,,,,,,,,,,,,,,,,,,,,,,,,,,,,,,,,,,,,,,,,,,,,,,,,,,,,,,,,,,,,,,,,,,,,,,,,,,,,,,,,,,,,,,,,,,,,,,,,,,,,,,,,,,,,,,,,,,,,,,,,,,
73,,,,,,,,,,,,,,,,,,0.20407410934155007,0.23304338047612472,0.23600463550393436,0.21801750816254678,0.2070105449418681,0.21585336082070278,0.2155502454466573,,,,,,,,,,,,,,,,,,,,,,,,,,,,,,,,,,,,,,,,,,,,,,,,,,,,,,,,,,,,,,,,,,,,,0.2122992483814426,0.22868754345097356,0.20447776697661366,,,,,,,,,,,,,,,,,,,,,,,,,,,,,,,,,,,,,,,,0.22789563141908942,0.20689564906619978,,,,,,,0.21650601390410862,0.24900003340646765,0.27546551637593414,0.2847788630332126,0.2794610752000959,0.27946506544629224,0.29818466681606,0.3341641648325076,0.3805998517546777,0.428486038364827,0.4661630936605162,0.4817327987314645,0.4770156741981567,0.4737404472848665,0.4886718348508135,0.5216216996938388,0.5689488021991977,0.6131720561931208,0.6209547066041647,0.5867454580024942,0.5452835609785488,0.5234586233010875,0.5155624174272031,0.5073110052417866,0.4924628773588938,0.47053374718311447,0.44546289402184186,0.4231167595141477,0.40718064921274766,0.3976293939567118,0.38940333285928863,0.3724170562716633,0.33962785540898965,0.2971889569944792,0.26029598844724244,0.23844182673743686,0.22622120428744258,0.20989619243957874,,,,0.20525771632036077,0.22099651519410107,0.21272568906735212,,,,,,,,,,,,,0.21046548258851405,0.22353848031422813,0.20670120232690195,,,,,,,,,,,,,,,,,,,,,,,,,,,,,,,,,,,,,,,,,,,,,,,,,,,,,,,,,,,,,,,,,,,,,,,,,,,,,,,,,,,,,,,,,,,,,,,,,,,,,,,,,,,,,,,,,,,,,,,
78,,,,,,,,,,,,,,,,,,,0.2174304856603908,0.20658939783808555,,,,0.20545039915978,,,,,,,,,,,,,,,,,,,,,,,,,,,,,,,,,,,,,,,,,,,,,,,,,,,,,,,,,,,,,,,,,,,,,,,,,,,,,,,,,,,,,,,,,,,,,,,,,,,,,,,,,,,,,,0.21841303693200936,0.23741840314297283,0.20752297678886494,,,,,,,0.22164556696911794,0.25251723805850923,0.27659068378710255,0.2902500801658138,0.2932042846788522,0.2972465510174862,0.3122518075995437,0.33585618396556294,0.3629214857459728,0.3936998061633957,0.4245527326611509,0.44104891149572745,0.44043232472217575,0.44441005383742527,0.4690253696233754,0.5105896291934563,0.5607590434602143,0.5985965329758094,0.5931058084208294,0.547595514103359,0.5048777732859279,0.49096806156813483,0.49221976129753653,0.4876318624543645,0.468656617967259,0.4362103977605216,0.4013889949030245,0.3798575688673945,0.3743163994726115,0.3715321890428492,0.36002491848788576,0.33873466068067914,0.3101556807614734,0.27718935598958855,0.24559749939146572,0.22338205334606076,0.2110408622889524,,,,,,0.20706266652462252,,,,,,,,,,,,,,0.21406313519419617,0.24350574813908582,0.23264949069933138,,,,,,,,,,,,,,,,,,,,,,,,,,,,,,,,,,,,,,,,,,,,,,,,,,,,,,,,,,,,,,,,,,,,,,,,,,,,,,,,,,,,,,,,,,,,,,,,,,,,,,,,,,,,,,,,,,,,,,,
83,,,,,,,,,,,,,,,,,,,,,,,,,,,,,,,,,,,,,,,,,,,,,,,,,,,,,,,,,,,,,,,,,,,,,,,,,,,,,,,,,,,,,,,,,,,,,,,,,,,,,,,,,,,,,,,,,,,,,,,,,0.20242330016445104,,,,,,,,,,,,,0.2336065897066883,0.23798250727858683,,,,,,,0.2023948503455923,0.25051988525840196,0.2756897791381471,0.28537049905844386,0.2882948250321995,0.2874815693953727,0.29047843285039243,0.3054048811784388,0.32654597448772305,0.3433727433449056,0.3590324146997493,0.3767454304662692,0.3831842560480898,0.3770015305133811,0.38441772248812667,0.42127490625143743,0.47694429361255974,0.5344040266969692,0.5693956048240014,0.5551452189145727,0.5019206778744151,0.4566347272885781,0.44504009848029075,0.4515234385550866,0.4519227702652123,0.4325512009201237,0.3920496105645784,0.3476482746658017,0.32381161048486967,0.3228636733186456,0.3237203998801836,0.31097020192936214,0.2868933792557552,0.26064334722581145,0.23868278168224205,0.22201437419237152,0.2113305214844385,0.20631095562314117,,,,,,,,,,,,,,,,,,,,0.2014565884237975,0.23428084660978132,0.22521773379670215,,,,,,,,,,,,,,,,,,,,,,,,,,,,,,,,,,,,,,,,,,,,,,,,,,,,,,,,,,,,,,,,,,,,,,,,,,,,,,,,,,,,,,,,,,,,,,,,,,,,,,,,,,,,,,,,,,,,,,,
88,0.2048422699796574,,,,,,,,,,,,,,,,,,,,,,,,,,,,,,,,,,,,,,,,,,,,,,,,,,,,,,,,,,,,,,,,,,,,,,,,,,,,,,,,,,,,,,,,,,,,,,,,,,,,,,,,,,,,,,,,,,,,,,,,0.2067454814821179,,,,,,,,,,,,0.20231996184871978,0.2321955036261496,0.22716416291600833,,,,,,,0.22772484095717113,0.2759939332770759,0.2916459637812876,0.2858507422955925,0.275682419105425,0.2659612840388814,0.26306521264237837,0.2771065957840575,0.30087054289255255,0.3158610245282514,0.3217959212916853,0.32632601986254994,0.3201298168268214,0.30326090465997657,0.30296572370700464,0.33726668024705997,0.39767416402200795,0.4646854916751365,0.5079015707588471,0.4962181680998312,0.44024592724931433,0.390398385895711,0.37600334680514386,0.3833488920469865,0.3873235387404417,0.3716427468265166,0.3337559691492519,0.2909588158372565,0.2670845082761098,0.2644727300058026,0.2649061608470865,0.25493512323137657,0.23422799353624948,0.2100576417544392,,,,,,,,,,,,,,,,,,,,,,,,,0.20435242786792807,,,,,,,,,,,,,,,,,,,,,,,,,,,,,,,,,,,,,,,,,,,,,,,,,,,,,,,,,,,,,,,,,,,,,,,,,,,,,,,,,,,,,,,,,,,,,,,,,,,,,,,,,,,,,,,,,,,,,,,,
93,0.21295557135998677,,,,,,,,,,,,,,,,,,,,,,,,,,,,,,,,,,,,,,,,,,,,,,,,,,,,,,,,,,,,,,,,,,,,,,,,,,,,,,,,,,,,,,,,,,,,,,,,,,,,,,,,,,,,,,,,,,,,,,,,,,,,,,,,,,,,,,,,,,,,,0.23404405037556525,0.2790324880835764,0.28764443574180176,0.273597972097566,0.25636971639691014,0.24005570609053128,0.23085374083435597,0.2412047758309192,0.2651858114514082,0.27987350412752166,0.2791116590177285,0.2728504133516612,0.25932804475828497,0.23782918888888332,0.2258062860810598,0.24039052008068174,0.2874247068482853,0.3578146777507564,0.41427108390729794,0.41228756461109617,0.3569851993566897,0.3017195272721164,0.281406060365876,0.28617445553936527,0.29233418251973176,0.28561697787365986,0.2632181785479275,0.23405292405451258,0.21325303838922982,0.2070415127383109,0.20860230842130198,0.20813184421821201,,,,,,,,,,,,,,,,,,,,,,,,,,,,,,,,,,,,,,,,,,,,,,,,,,,,,,,,,,,,,,,,,,,,,,,,,,,,,,,,,,,,,,,,,,,,,,,,,,,,,,,,,,,,,,,,,,,,,,,,,,,,,,,,,,,,,,,,,,,,,,,,,,,
98,,,,,,,,,,,,,,,,,,,,,,,,,,,,,,,,,,,,,,,,,,,,,,,,,,,,,,,,,,,,,,,,,,,,,,,,,,,,,,,,,,,,,,,,,,,,,,,,,,,,,,,,,,,,,,,,,,,,,,,,,,,,,,,,,,,,,,,,,,,,,,0.21389220848512436,0.2561465113318763,0.2635730788312296,0.247958853080337,0.22890733878968453,0.21119909423199973,0.20063335345318284,0.20816977268313624,0.2283071351367259,0.2387788265249633,0.23088892760968244,0.21637707440066078,0.2018966925704989,,,,,0.24483647259064023,0.3065122845219687,0.3111545607449163,0.25880947711092744,0.2023645225889774,,,,,,,,,,,,,,,,,,,,,,,,,,,,,,,,,,,,,,,,,,,,,,,,,,,,,,,,,,,,,,,,,,,,,,,,,,,,,,,,,,,,,,,,,,,,,,,,,,,,,,,,,,,,,,,,,,,,,,,,,,,,,,,,,,,,,,,,,,,,,,,,,,,,,,,,,,,,,
103,,,,,,,,,,,,,,,,,,,,,,,,,,,,,,,,,,,,,,,,,,,,,,,,,,,,,,,,,,,,,,,,,,,,,,,,,,,,,,,,,,,,,,,,,,,,,,,,,,,,,,,,,,,,,,,,,,,,,,,,,,,,,,,,,,,,,,,,,,,,,,,0.2098035614977683,0.21973433021337718,0.208460824774063,,,,,,,,,,,,,,,0.20699572879319122,0.21095801015229204,,,,,,,,,,,,,,,0.2033523813511729,0.2075581601825937,0.20223949356833026,,,,,,,,,,,,,,,,,,,,,,,,,,,,,,,,,,,,,,,,,,,,,,,,,,,,0.20588265324601998,,,,,,,,,,,,,,,,,,,,,,,,,,,,,,,,,,,,,,,,,,,,,,,,,,,,,,,,,,,,,,,,,,,,,,,,,,,,,,,,,,,,,,,,,,
108,,,,,,,,,,,,,,,,,,,,,,,,,,,,,,,,,,,,,,,,,,,,,,,,,,,,,,,,,,,,,,,,,,,,,,,,,,,,,,,,,,,,,,,,,,,,,,,,,,,,,,,,,,,,,,,,,,,,,,,,,,,,,,,,,,,,,,,,,,,,,,,,,,,,,,,,,,,,,,,,,,,,,,,,,,,,,,,0.20112501058354215,0.22621100375689446,0.25089793130325433,0.2521826393264901,0.22681763808057373,,,,,,0.2191862415743821,0.21550345306927132,0.20366943317427866,,,,,,,,,,,,,,,,,,,,,,,,,,,,,,,,,,,,,,,,,,0.20570074020072215,0.22384151929793686,0.21045401017669507,,,,,,,,,,,,,,,,,,,,,,,,,,,,,,,,,,,,,,,,,,,,,,,,,,,,,,,,,,,,,,,,,,,,,,,,,,,,,,,,,,,,,,,,,
113,,,,,,,,,,,,,,,,,,,,,,,,,,,,,,,,,,,,,,,,,,,,,,,,,,,,,,,,,,,,,,,,,,,,,,,,,,,,,,,,,,,,,,,,,,,,,,,,,,,,,,,,,,,,,,,,,,,,,,,,,,,,,,,,,,,,,,,,,,,,,,,,,,,,,,,,,,,,,,,,,,,,,,,,,,,,,,,,0.2298311915245751,0.27148443716660486,0.2846691951884839,0.26152946647031644,0.22530772471646038,0.20112733371237226,0.20113849684101587,0.2234797770250001,0.25069754706591807,0.2654770589882736,0.26690925952680433,0.2564112261052213,0.23267282351287177,0.2074685404891068,,,,,,,,,,,,,,,,,,,,0.20221431281668378,0.2026187598363068,0.20945958639429366,0.22318399184024226,0.22698077932239613,0.2105162208829702,,,,,,,,,,,,,,,0.2184767036123728,0.23207658200641157,0.22046873942512202,,,,,,,,,,,,,,,,,,,,,,,,,,,,,,,,,,,,,,,,,,,,,,,,,,,,,,,,,,,,,,,,,,,,,,,,,,,,,,,,,,,0.20845749668535526,0.2058053594243217,,,,,
118,,,,,,,,,,,,,,,,,,,,,,,,0.20434707944950734,,,,,,,,,,,,,,,,,,,,,,,,,,,,,,,,,,,,,,,,,,,,,,,,,,,,,,,,,,,,,,,,,,,,,,,,,,,,,,,,,,,,,,,,,,,,,,,,,,,,,0.20217151031931807,0.2116606866531615,0.22133071069865348,0.21951378556367362,0.20196599959306857,,,,,,,,,,,,,,,,,,,,,,,,,,,,,,,,,,,,,,,,,,,,,,,0.22513804696360876,0.2714582645505375,0.2919992130425776,0.2809642621102977,0.26305152761298384,0.2586787801383178,0.2693452537181304,0.28521503175762575,0.2961076457235775,0.30266322865771955,0.3084100265892993,0.3009934545800281,0.2705303967468582,0.2351824438821365,0.21478765027438157,0.2046453986976894,,,0.20202064184992416,0.21392279919238466,0.2205360675636481,0.22121927282548548,0.22161546692357528,0.21807071005668488,0.2050789494397565,,,,,,,,,0.20901660352694335,0.2224939915675916,0.24133015204647185,0.25947712989499566,0.26370724275815793,0.24947473291379615,0.22587291812899335,0.20099729157887017,,,,,,0.20025013729582058,,,,,0.20752884197433855,0.23086458340209512,0.24969390133092545,0.25118983092618363,0.23409836791200261,0.20640433691405294,,,,,,,0.20092894367074227,0.22197191462370724,0.21368097162159874,,,,,,,,,,,,,,,,,,,,,,,,0.2014431890349696,0.21107081908240544,0.2027836751572999,,,,,,,,,,,,,,,,,,,,,,,,,,,,,,,,,,,,,,,,,,,,,,,0.23015205106033043,0.23924087735616373,0.2221939629639741,,,,
123,0.24422658076255258,0.2248192464013932,,,,,,,,,,,,,,,,,,,,,0.20837933616521137,0.22719820466050608,0.20016086344300443,,,0.22095493874747368,0.23661296970459084,0.22353927520309835,,,,,0.20784056371056503,0.22354809291279776,0.23191767654674073,0.2303230445350254,0.2166091718036904,,,,,,,,,,,0.20362892453501358,,,,,,,,,,,,,,,,,,,,,,0.20404744914962555,,,,,,,,,,,,,,,,,,,,,,0.21531646198106735,0.2180704371179012,0.2118614099860341,0.2023290708163319,,,,,,0.2152682414649446,0.2173529614382323,0.20419966023897645,,0.20789623044640534,0.22049771728504686,0.22408024783433517,0.2139190965390983,,,,,,,,,,,,,0.2006959948750679,0.22427288234352755,0.23808261381477744,0.2522061211555947,0.2696091720243512,0.2747466221626225,0.25857680355700974,0.2322946286796237,0.21608841484729518,0.2192310129043374,0.2293535306289314,0.22951629989847047,0.21943824349777627,0.2070964199866752,,,,,,,,,,,,,,,,,,,-0.20759915372903195,-0.24979838963787304,-0.29457842688801894,-0.3297078921876474,-0.3470963760309226,-0.34695365247150634,-0.34100641328453374,-0.33087884056289796,-0.30861831128156897,-0.27868333529406275,-0.2419401714436985,,,,,,,,,,,0.21391304165925942,0.2556984623672387,0.27620262883812485,0.277962616091226,0.2839609067042218,0.30133510427699317,0.3175995736509297,0.32277838533705,0.3217511996685759,0.3282361067153699,0.342401516976673,0.3421762585992686,0.31598361453323187,0.28353087443080666,0.26282003448652325,0.24898397276091078,0.23913413840589404,0.2421108488075414,0.257775602099774,0.27395567024835343,0.2804562385486059,0.2758006816801173,0.2636397071937504,0.24404383112756992,0.22011840303295577,0.20292589693381313,,,,,,,,0.20601397627692775,0.23881827992477928,0.2747898472063557,0.299129216105966,0.301747216770995,0.28660257675524725,0.2680508890709834,0.2521120562731425,0.2379573144213361,0.22510673137206966,0.2130748121982094,0.2076973416819478,0.2122129960569259,0.21289234831428283,0.20015113327984618,,,0.2218780356506298,0.2587844171534127,0.28654165442260937,0.29492005966295237,0.2841648705271974,0.2608688453238208,0.23575823199856766,0.21739615534696854,0.20412523903018664,,,,,0.22554243438724347,0.23989496180575248,0.23589449250760042,0.22843671579752572,0.2288174289170229,0.2335115607940455,0.23662498874244253,0.23686677782126903,0.23530609572719854,0.2328479357171202,0.2281094797169943,0.21847086896875867,0.20338196964695265,,,,,,,,,,,,,,0.23905758916360892,0.2655902104051125,0.26841891514589267,0.2551404900024281,0.22992138284609168,,,,,,,0.2003942908106433,,,,,0.2046586357354222,,,,,,,,,,,,,0.2106758851482327,0.21332872955600707,0.20970328771305063,,,,,,0.23768977052843748,0.26144808018895227,0.25499433880515,0.24055496289013414,0.23020250966205755,0.21755968602784792,0.20111259893057137,,,,,0.21263516150047534,0.2493456494689889,0.2640432306949823,0.24889078161072525,0.21412574231445924,,,
128,0.2701161240320243,0.2588097013550703,0.2421305764269489,0.2289312178375023,0.2182374806374277,0.20275044631947325,,,,,,,,0.2067301374179681,0.21641982000923643,0.21693720431729147,0.20648871523620327,,,,,,0.22845358676037708,0.2484982747388062,0.22759929612438046,0.205185586408241,0.21370253410012266,0.23975883732662334,0.2528486466747527,0.24220966444713504,0.22089891175476573,0.20942297235778887,0.21381780455248706,0.22632333369798685,0.2413160868215795,0.2524650686606094,0.25371664570817826,0.2497998307003516,0.2398718036614439,0.21116017423597716,,,,0.21056322531606358,0.2307223628621753,0.2346003892873964,0.23172714311088613,0.23128561822555016,0.23310543387892319,0.2261594582692814,0.20713225227484267,,,,,,,,,,,,,0.20645281603191407,0.20544712238621465,,,,,,,0.20993947075798342,0.20151017871068927,,,0.20350583634298444,0.22099404060682665,0.21194736409686565,,,,,,,,,,,,,,,0.22879990733878533,0.2537427522344835,0.26324641534465043,0.25860811505757114,0.24118777266605826,0.21511835150132505,,,,0.21555181518022604,0.24654450557411473,0.2511964972158026,0.2398669600555816,0.23277091591114307,0.2400409813229501,0.2575779220410774,0.2689017664956939,0.2606061580236013,0.23962726390616768,0.22504231901988384,0.2229751753428332,0.22224069833728938,0.21552723242433686,0.20861781505986257,0.21049686450571647,0.22116273013131588,0.22586043233785996,0.21254222767442454,,,0.22032822290466159,0.24923616179722813,0.2666202909281904,0.2840724956569386,0.3061974713515816,0.3131986582900377,0.29255062204704774,0.2603406147984305,0.2414250508111484,0.24207278500894375,0.24777981030926055,0.24591980236762861,0.2391918548328813,0.23253323946411986,0.22302821965230724,0.208183942612438,,,,,,,,,,,,,,-0.21376312203404246,-0.29308773603610916,-0.34738974606158035,-0.3929663903809925,-0.4362197746522585,-0.4727368536312304,-0.5049828564439046,-0.5319792669998826,-0.5452680881733437,-0.5407210261166472,-0.5153781828997224,-0.4708085775350175,-0.4238682312312818,-0.38294927754710717,-0.3359408460199741,-0.2826866314963026,-0.23061922120588152,,,,,,,,,0.21167505027625627,0.23203931289049648,0.24513144500432554,0.26995153494286683,0.30237898597151014,0.32072297816347156,0.3184295152812008,0.31429461824486904,0.32951677104064964,0.3578243322021835,0.3701818511849453,0.35476305567641175,0.32964913257057304,0.3085868653166929,0.2869544147512524,0.26919323383419314,0.2709768862267287,0.29083530596311635,0.3118028207976006,0.3214288838145971,0.3151960313522356,0.2929709989215589,0.25851149452621547,0.2255769873172732,0.21186222549497244,0.21208192489115088,0.20255456739963407,,,,,,0.20398399472018375,0.2482455180444712,0.29572441495277035,0.3249487496156227,0.3276180268957352,0.3135555450701985,0.30066186768475844,0.29250503730049776,0.2840466504761939,0.2733389203271065,0.25836917063542325,0.24456802214810053,0.24076805751752045,0.23748770924134277,0.2217038491688037,0.20586410826357882,0.21382294710828836,0.25146436580014875,0.2990992839704657,0.328476948279207,0.32990613315398354,0.3140882483838596,0.2914604811190081,0.2691448599034555,0.254139027447321,0.24265732304027482,0.2251446574908983,0.20748075997478693,0.20465220398775708,0.21791651729001274,0.23554301891346474,0.24545915055528894,0.24549778523855265,0.24586512063284277,0.2548649557004929,0.26660507471208283,0.26996897037998346,0.26481162711503786,0.2603751028270562,0.2580569078671381,0.24990791286562744,0.23348491617568823,0.2147921438486642,0.20393678603485804,0.2056913655680556,0.2090296349043454,0.20388274228753056,,0.20103230566248104,0.2071972034974146,,,,,,0.20427815426680207,0.25383902435400413,0.28890655729785747,0.30440713922229024,0.3019244620844018,0.28521857423210994,0.2580321395457351,0.22702800060745415,,,,,0.22905011567376618,0.24093618268377157,0.2289635802210342,0.22055984603399587,0.22697123942554565,0.23194239496597135,0.22332017345425392,0.20534074631238847,,,,0.20256266087716807,0.22219053640318814,0.22064592426868893,0.20100533438859752,,,,0.2086980714113763,0.21872145538200852,0.22622744068104522,0.22371350000288964,0.20512650957185422,,,0.2235541613296151,0.2730209455736209,0.3022591724821292,0.3008389649890861,0.28638822078186177,0.27310845740361617,0.26157124313516156,0.25434617508773805,0.25217398907768424,0.24409902162804975,0.22866612028631964,0.22557366598771206,0.2454209630112364,0.272261625770945,0.28478754657443384,0.27457996721354755,0.2468254823791758,0.21752280753881537,0.2007572459739163,
133,0.252293555566767,0.25267003590557596,0.2506235164020794,0.2444123693037706,0.23114456440384987,0.21125108754597832,,,,,0.2100184265415987,0.21800523904090816,0.22149118020059294,0.22668913239829813,0.23307489497372602,0.2319550472352598,0.22226140921188065,0.2098098466513244,,,,0.20871079628145103,0.2538085101521121,0.27006631134326015,0.2522433079221188,0.22956942279532921,0.22750645261140615,0.24132617948253574,0.25205537791098204,0.24813786907109125,0.2356048950339184,0.2302582915861155,0.2367813482419566,0.2482105470051585,0.25764382694460286,0.2574333358290959,0.2480895691170229,0.2446620182999845,0.24774949138012403,0.2359975887393053,0.21048021678073459,0.20051633675123082,0.218018445320999,0.24608342433656893,0.26382421256065824,0.263394549387584,0.2512766244058743,0.24098653008653378,0.23798660649171866,0.22977166349338107,0.2082069308141662,,,,,0.2094958190742609,0.21403021846484893,0.21121699414282075,0.21218731135676716,0.21576789303103427,0.21536052650306664,0.21305310910127478,0.21442912084543736,0.217156738831274,0.21335381624112162,,,,,,,0.20441205930205153,0.2006405020821176,,0.21011059293121406,0.23494679260036894,0.24934414582272982,0.2371791523946303,0.21122277897314828,,,,,,,,0.2067570309569734,0.22744561325107399,0.2297172825803887,0.22226509128462846,0.21928057088072347,0.22789343927545155,0.24531045196674278,0.2634139250385423,0.2760922003480368,0.27356628633539604,0.25134396184528635,0.2230762987674797,0.20208969214442613,,0.20671702316529655,0.2361087685908617,0.2622564626658143,0.27000833452301587,0.26203031319069725,0.2500770351031015,0.2482229075025661,0.2618508353011043,0.27525902485049886,0.2705045722868614,0.25413473923159163,0.24760256438228873,0.2572250880527184,0.2687119763769323,0.2698460611699579,0.26281441116559145,0.25701760020303455,0.256160847786959,0.25054725522056603,0.2325407721370381,0.2136268861675859,0.2126040046258903,0.23290406910785974,0.25740373777449305,0.2731656962556087,0.2901161340553827,0.3122603395409982,0.31681704275707956,0.28954643308626044,0.2515407769137566,0.2293602708958001,0.22344742228004572,0.21955038410158997,0.2140400555909818,0.21386602491276435,0.218204978587195,0.21707894659521348,0.20404030822474062,,,,,,,,,,,,,-0.2795850306766431,-0.3752128834769753,-0.4597295012202448,-0.5203879822903114,-0.5652350789844227,-0.59902966719889,-0.6254931974680628,-0.6543235347939991,-0.6852144243700624,-0.704654553291695,-0.7013865962472813,-0.6704979453843546,-0.6176596030675111,-0.5642169770648664,-0.5228749162222899,-0.4842927332700489,-0.44317378651320455,-0.3975207592139643,-0.3342349586802722,-0.25641880518158755,,,,,,,,,,0.20610362686283312,0.24370058403549075,0.2621602610130671,0.2607766531990894,0.2637320351003739,0.2922480997750705,0.3355742018754433,0.36230410572711425,0.36008470729440556,0.34240925222624063,0.3186042241913004,0.2875529823637072,0.26224163161035247,0.2625458291120344,0.28531568341702873,0.31152210392209745,0.32714683853540044,0.323579284113383,0.2970202736724541,0.25538261532005796,0.22114443678381457,0.21589515103377754,0.2319235218912135,0.23940735288379505,0.23213932639570584,0.22969481148115256,0.2290568155659204,0.20963756690046575,,,0.2419742911766674,0.29230102573374983,0.3244844884656116,0.33198443448840964,0.3249558414304567,0.31820898713364754,0.312043023687255,0.30105598470575956,0.2862842710944801,0.2688586777997051,0.2548432172484322,0.25414238379893145,0.25661517380231047,0.24291408477415632,0.22324345716111602,0.2263723124674284,0.2608951499719628,0.30686813072710367,0.33542837383470425,0.33734336691774336,0.32562790675461095,0.3095793735240872,0.2904422922287554,0.2711349348928947,0.24876964659537382,0.22005395953311765,,0.20173851526671668,0.2198690865605472,0.2372573015537886,0.24629238338920711,0.24816140441294207,0.25224924842259744,0.26781709395078485,0.28703164954303073,0.29193430431566536,0.28173079927915806,0.2713429761109246,0.2649726157723003,0.25515198538796047,0.24028751847718993,0.2259850908965362,0.21877857016775376,0.21875857091689316,0.21675763885569038,0.20919797243556093,0.20266550386546578,0.20119782056476052,0.20074337749708343,,,,,,0.21630822768967892,0.24927558412181192,0.28156058054321514,0.30443948889971684,0.3131746085225261,0.31056590498100956,0.2954170487429627,0.2657442236544723,0.22550371056971422,,,,0.23016793341742903,0.25683084089478536,0.25024274414271447,0.23387249307085334,0.2269837047897666,0.2235743078863825,0.21596400631623686,0.205931455054341,,,,0.21601689482939598,0.2408779568712316,0.2474629285316131,0.23164717966965961,0.20681185376243197,,,,0.21339845558739848,0.23465535789251724,0.24290521661695363,0.22942152635342056,0.21144772450087151,0.21496959937529486,0.24678528171530822,0.289012495117184,0.31454890537087055,0.3135922392481498,0.2991701090171802,0.28409991094270753,0.2736120271498134,0.275580727156497,0.28886572738568744,0.2939543405506907,0.2825765452245169,0.27386067125538194,0.28141598302415566,0.29539124987247845,0.3029417528715442,0.299180014652712,0.28446704264579403,0.266649311889115,0.25459091813843704,0.2494250627549654
138,0.21592982685525505,0.22820560243761076,0.2401548478265676,0.24228316455374205,0.2327025212192641,0.21598637329353756,0.2007252417471287,,,0.2139239204458655,0.23514336658910734,0.2425229415858539,0.23801901864883634,0.23761463666950178,0.24384506948798268,0.24498848350954242,0.2387606572748155,0.23070167769480493,0.21748930869504776,0.20356050192044356,0.21028152970304098,0.24104153984519083,0.27222617844454644,0.2812550613434746,0.26591059880540413,0.2439762563231701,0.23240799439764442,0.2343671833211413,0.2434638746311727,0.24953774544466273,0.2509576359069774,0.25470845845593015,0.2607558907745306,0.26335159661710017,0.259467360442329,0.245353949318231,0.22696579247198087,0.22533679312018917,0.24175627320630794,0.24840364876362725,0.23686140247892293,0.22926744859130538,0.2373049061176488,0.25107810062102265,0.25705460945774594,0.24856668016590466,0.23052042127164007,0.21894762666090942,0.22337433668629794,0.227551160469881,0.21240582875461472,,,,0.20429496364519778,0.22548381002433604,0.23305776604247808,0.22838064593901652,0.22685377672949544,0.23467933565954188,0.24118601298764647,0.23454157117765972,0.21894250409425897,0.20755836377183745,0.20293920065670643,,,,,,,,,0.20717959432549343,0.22399666917300126,0.24352278324739846,0.2516165724976131,0.24066706004070126,0.2212143240806246,0.20689264689015857,,,,,,,0.20262563823263344,0.22416837540602147,0.23545262777053175,0.23757199575941843,0.23378277931210928,0.22669596663257435,0.22212311246699756,0.226777428980349,0.2399008086278242,0.24489943414886897,0.2309386067572773,0.2124445303823855,0.20376932786715274,0.20483454346481977,0.21483993133932683,0.23253634039893356,0.2505695363421506,0.2601339160240045,0.2551508276753388,0.23707242623537,0.22259200261049117,0.2270695388180965,0.24023494221008013,0.24397354883832265,0.24177931095734795,0.2502604364015981,0.27157394162957954,0.2900788804627421,0.2942568484305934,0.2868206916455446,0.2759845071328253,0.2647374546010544,0.24922234734701496,0.2304537867311755,0.21569839487663234,0.21004247310356328,0.21610024058199676,0.22807032018334567,0.23700261809953255,0.24869624554751502,0.26523023296202514,0.26445929207946206,0.23238339204993977,,,,,,,,,,,,,,,,,-0.21916360470330842,-0.24760739304608742,-0.2799692559468641,-0.3295593232131767,-0.39314368317463877,-0.46838813883371,-0.5482283193873665,-0.6155660455363396,-0.6623676870200829,-0.6946058746218211,-0.7180513711101209,-0.7385225143256415,-0.7638705531046024,-0.7919943905485807,-0.8102283251476294,-0.8078248501575934,-0.7804835069243667,-0.7341924086036473,-0.6866213186462626,-0.6482222207881932,-0.6142953461877194,-0.5823120343591657,-0.546928411858034,-0.4926335336783509,-0.42205982273546555,-0.35940423557738277,-0.3097266881344486,-0.2549745611272192,,,,,,,,,,,,0.20770825058944825,0.2558130495440452,0.29054098691199826,0.3014721729848188,0.2937266930845668,0.2700444557383458,0.23465676147192333,0.20835607866247552,0.21110793556188526,0.2380563803939772,0.271031861090545,0.2941023540350277,0.2935578087948651,0.2653349727011819,0.22410720226152037,,0.20075653915174607,0.22956000025880466,0.24973514389295098,0.2478662368544282,0.24038122142893403,0.2283379329562477,,,,0.22578036741410556,0.2746995550673483,0.30321316999663284,0.31243027704597576,0.3142038767700852,0.3152180489574075,0.3086538079443504,0.289495637461614,0.26451598798768206,0.2429014351973289,0.2345450480322574,0.2455035640146788,0.25892208257838756,0.250336086355985,0.22907195929985416,0.2246492261388593,0.2466006534374136,0.2822304457818988,0.3108731265174309,0.32060105851872467,0.31625895801998033,0.3042094113748191,0.2853066547407596,0.2594841721393383,0.22293529586561953,,,,0.2064679308744585,0.2308403207487062,0.24137346417044966,0.24392375197384575,0.24733313841998109,0.26268082266182025,0.28528777105223063,0.2958519369575532,0.28887716221741455,0.27495738801843156,0.2614563994545476,0.2504057833911827,0.24364926022624342,0.24094379353611917,0.24010493772454794,0.23698738415064563,0.22735047468801017,0.21422817492816215,0.20260110823776553,,,,,,,0.2084505333353674,0.2205560874094077,0.23462904912173285,0.25771448597301183,0.2799561373830283,0.29421312071223327,0.30312908415656825,0.29986054290174236,0.2744484376060827,0.23169979946111574,,,,0.2173840542283006,0.25472354901927396,0.2557852155001674,0.23447070457363517,0.2152727078380475,0.204937014300972,0.20167062543944148,0.2028764228430632,0.20204504558392464,,0.2001957691112567,0.21806293615450004,0.24018270939916153,0.2468928108885334,0.2333867749608167,0.20770380141012695,,,,0.2064575705126994,0.23808721497807842,0.2548344823629754,0.24667656647851832,0.2313277977581633,0.23478511536572744,0.2617246163194463,0.2950229870598716,0.31410030767829167,0.3120050165806238,0.29618312180669915,0.2757598301918297,0.2609178892694779,0.2654544224874652,0.2876241713431575,0.3035857247173559,0.3007684539945704,0.2946303424301703,0.2979805600059916,0.30475973795021244,0.3086485133220812,0.3097885112237897,0.3067631841448568,0.2986596654645105,0.2878391282803257,0.2791323127322376
143,,0.20077926524322876,0.22555055295934903,0.2371749549275628,0.23445691654500792,0.22315810657170776,0.21151101720049498,0.20451915842752197,0.20871032880045154,0.2298242367916607,0.2545583033791551,0.2613851959257795,0.2545299157919909,0.25470884702542523,0.2609671620941766,0.2578205189315892,0.24730146491878777,0.2402717614504677,0.23445334454131847,0.22988623629564048,0.2376598591651523,0.2556219578012597,0.26930528127546016,0.270437643762396,0.25925373944020974,0.24223175535125124,0.2274174123680357,0.22290410080581863,0.2320390112155637,0.24670108167845362,0.2595146428871534,0.2706495744251985,0.2758561321368029,0.26844943888293527,0.25050442867039574,0.22624216925827514,0.2035152914287735,0.20049585128230163,0.21922654919398799,0.23541878241990288,0.2370779846553448,0.23473927924601307,0.23361129469493447,0.23013498234044338,0.22221782245992433,0.20874475378579868,,,0.20782465766325625,0.22446996666526225,0.2144303682379023,,,,0.2186412821499009,0.23514352020710522,0.23354075335870744,0.22093901180427003,0.21837482599735558,0.23545244170997764,0.2527428641009953,0.24500357639691417,0.21739354130972205,,,,,,,,,,,0.2071509368703563,0.22524898490005607,0.23843274371499645,0.23771602661407962,0.22542694164206734,0.21170787377242545,,,,,,,,,,0.21308013559772693,0.21759181927823024,0.21177310693923007,,,,,0.20151933607565517,0.20362786687679493,,,,0.20289705310795908,0.20854505555982078,0.21204857680650965,0.21258782726231418,0.20362843504129347,,,,,,0.20788741101069338,0.2265535216750238,0.25073179261039014,0.26494461864952235,0.2629704073893611,0.25373056060135624,0.24423837993911834,0.2303799141655921,0.20832351730722679,,,,,,,,,,,,,,,,,,,,,,,,-0.2333666695773759,-0.2996776470230389,-0.37127849155125303,-0.4187484140724945,-0.444447969347754,-0.47593983420600106,-0.5246192958828239,-0.58106600211384,-0.638450911170995,-0.6931704157837477,-0.7365666190137103,-0.7644456983937234,-0.7827032309565489,-0.7978168384246578,-0.8141319350193008,-0.8353011027981607,-0.8580649332605268,-0.8726821700720488,-0.8712291077858203,-0.8513063311336513,-0.8183738066007586,-0.7837171055935857,-0.752096649992448,-0.7215251512666614,-0.6949097317617325,-0.6697950818591085,-0.6315673188204356,-0.5790957517828279,-0.5297833358868453,-0.48772194942018277,-0.43954934501914844,-0.38084506569381144,-0.3177742759808835,-0.2577922760458989,-0.21023247725147326,,,,,,,,,,,,,,,,,,,0.22041136054186156,0.22100026671620643,,,,,,0.21952203230173686,0.21980119943267667,0.20475977071685691,,,,,0.20505166720656579,0.24959936799378413,0.2624926360490101,0.2617368510727785,0.2679307953995952,0.27821432550514813,0.2743892151933468,0.25078088070717197,0.22021996693708745,,0.20290503164259222,0.22882031232778674,0.25275498549142444,0.250859631766869,0.23391380033212467,0.22551911227025598,0.23192658243905306,0.2512587165990439,0.2765322764076219,0.29294795125057294,0.29194441554887457,0.27728163662325056,0.2564796635841169,0.22928156272996933,,,,,,0.21363179474148963,0.22425366715676476,0.22617538438927265,0.22610113636732987,0.23528567509122444,0.2566324304128662,0.2758833709965739,0.2807514413887434,0.27072277246751525,0.2545071995474596,0.24443395296204895,0.24610507815037214,0.2543546486088358,0.25962679351005646,0.2560324387090809,0.24414026937684344,0.22837232148079253,0.20963742446374928,,,,,,0.2027521154591946,0.21424318274362966,0.21569993189808775,0.21759407498486372,0.22948310272139216,0.24474390075277352,0.2605052630842476,0.27940006595461214,0.28779567807722994,0.2702023636611918,0.23341669978106086,,,,0.21452795711161055,0.25304654950570515,0.25847339689749904,0.23582121053315058,0.21050932797048327,,0.20099384741639614,0.21029841421295473,0.21077378873419766,0.20096709498959953,,0.21064127034791558,0.22558203588168618,0.22615541126565822,0.21355229002530746,,,,,,0.23414334622415478,0.2570120471204319,0.25687491947544927,0.2464040198407202,0.24938961680509728,0.2721034362957709,0.29908828212521676,0.31254945377570525,0.3067452017612692,0.2854762527589784,0.2570081977112017,0.23693735045403924,0.24128399875637613,0.2647020792804875,0.2825781905026339,0.28422660364916597,0.28254309816808565,0.2867097239468005,0.2912765038646301,0.29275768879272424,0.29487256623153313,0.2973096912111067,0.2937586345589369,0.28159677324571064,0.269040745547253
148,,,0.20148441726930397,0.22283289199901057,0.22625295572722587,0.21859883727210272,0.21150266153742003,0.2101862879420785,0.21722344823123696,0.23760197311792314,0.26069444973367883,0.26600920219774554,0.2591488367814636,0.26056600712903677,0.2637829816431726,0.25124965559420276,0.2323338314239974,0.22526175212752367,0.2277280254590366,0.23259832526096624,0.24023159634052427,0.24548013727833057,0.24356933321938312,0.23781272679037851,0.2304281417183528,0.22014373652344113,0.20851139923793993,0.20503306780646663,0.21688654312946468,0.235867170664276,0.2513922794278555,0.2627336524547393,0.2665160487614017,0.2545711383046018,0.2304390897493137,0.20415277299488313,,,,0.2033972737659427,0.2171951946504889,0.22386320962336143,0.2182910918560143,0.20292610665696068,,,,,0.200130036275527,0.21506613354931559,0.20249738852848898,,,0.203772260069163,0.2270145832024026,0.2328690873043439,0.22123871864890748,0.2056743405887665,0.2073588645034266,0.23099441526964848,0.2501848030036939,0.2394814974154058,0.20907386719619522,,,,,,,,,,,,0.2116422394048876,0.22214028702965383,0.21105580284816133,,,,,,,,,,,,,,,,,,,,,,,,,,,,,,,,,,,,,,,,,,,,,,,,,,,,,,,,,,,,-0.2152601331988337,-0.24273698137494398,-0.2784499911981868,-0.31992575543855795,-0.36024894248838873,-0.3970762387493384,-0.4403573944013095,-0.49873286065085104,-0.5583065251575245,-0.5974456917258129,-0.6200257183971785,-0.6484913754336765,-0.6888442024539827,-0.7297179587671254,-0.7656228876038953,-0.7974808212736795,-0.8218986818326467,-0.83607206273535,-0.8443675861583713,-0.8523005511229103,-0.8631912809744028,-0.8791861214898593,-0.8971896700599382,-0.9091839802972803,-0.9088661664986349,-0.8954826086773049,-0.8745165942102842,-0.8531687202908911,-0.8319530867131665,-0.8086199594953278,-0.7877597111098777,-0.7705902385450096,-0.747014861642543,-0.7135382868460561,-0.6790243087445167,-0.6458736351546734,-0.6075961733344563,-0.5621732985820953,-0.5114668770058326,-0.46028778402339743,-0.41872411118473385,-0.3859750885422386,-0.34586411214318746,-0.29409156217000154,-0.2453896708468971,-0.20724436121065437,,,,,,,,,,,,,,,,,,,,,,,,,,,,,,,,,,,,,,,0.2034533178942548,0.23451927985276672,0.23949205155707767,0.2323203765404634,0.2282981997250219,0.2258977521354243,0.2280496943298595,0.24120336610353993,0.2553920460310935,0.25292807704378656,0.23343252479525972,0.21132910066345034,,,,,,,,,,,,0.20547517768329776,0.2335346116007177,0.2518199638488373,0.252006439998419,0.24217215263193598,0.2365309576314505,0.24103044001239152,0.2510831227278174,0.2572543849397317,0.25585503593354525,0.2490632763092479,0.23624655717654136,0.2129116029669325,,,,,,,,,,,0.20167237666835175,0.2176169727342798,0.24580115457700485,0.26594103421336207,0.26002582104977756,0.23643871287423004,0.20868648674195334,,,0.20893905471786728,0.23923848381440171,0.244268241559509,0.22471041233019326,0.20146156047385705,,,0.21175625780060253,0.20965937192418177,,,,0.20617790382971257,0.20479183784360616,,,,,,,0.21484243985056756,0.24272467293590927,0.25520894724373216,0.25320051809909916,0.25452406726538673,0.27087048844058487,0.2922882983327812,0.3003409729914044,0.2872647896971317,0.2577846763754316,0.2235673371041802,0.20171687814016653,0.20464879278186562,0.2233373525026368,0.2370312151401543,0.24064656166711582,0.24366026311785774,0.24915105614498073,0.25213151802476985,0.25161605135838633,0.2523079882339359,0.25490377461929065,0.251414225558893,0.236720477246277,0.22115116695378254
153,,,,,,,,,0.20673293444152674,0.22295205664729809,0.24141889115617227,0.24381728711404954,0.23403410278398162,0.23288195307097193,0.2336127834025693,0.21685499669340752,,,,0.20414807276392935,0.21233509385496308,0.21286459589296827,0.20453266256561342,,,,,,,0.21145591805712588,0.22334925856233814,0.22887062858479246,0.22982045918189714,0.21807398315362148,,,,,,,,0.2041080488606176,,,,,,,,,,,,0.20441954762829517,0.2183545423491628,0.2097104977524477,,,,0.2140454618414412,0.22113594396218894,0.20248849044973272,,,,,,,,,,,,,,,,,,,,,,,,,,,,,,,,,,,,,,,,,,,,,,,,,,,,,,,,,,,,,,,,,,-0.2235503079953533,-0.2496450652394986,-0.26993879047474123,-0.2891277345228596,-0.31096253179796174,-0.3307523065274127,-0.34642141656971814,-0.3680085485271516,-0.4010335609500897,-0.43682196908808435,-0.46780620292042624,-0.4950497223564394,-0.5233064665755851,-0.555025841893286,-0.5877597729562605,-0.6218053547111673,-0.6616504340035125,-0.702326293057856,-0.7315832810312741,-0.7509510912611667,-0.774015357524012,-0.8031356558091749,-0.8292176979647106,-0.8491254981637213,-0.8656853612109353,-0.878139432078263,-0.8845607446332457,-0.8872097188495403,-0.8895151225760497,-0.8945930291793575,-0.9053377307869126,-0.9195910307908685,-0.9299291703907818,-0.9303664052619083,-0.9209139730432945,-0.9074605618305034,-0.8961457164095669,-0.8860667270350073,-0.8732634547425207,-0.8599415016437411,-0.8485985801707947,-0.8343339385108068,-0.8138744482816135,-0.7903612401450999,-0.7652052546989538,-0.7370139309821863,-0.705811284952216,-0.6713734717985416,-0.6360937123146677,-0.6074464750161326,-0.583555944661108,-0.550006548762052,-0.5033941416480345,-0.4565929062111037,-0.41671851522308123,-0.38151013814882206,-0.3524443347713093,-0.330705507115041,-0.30906189354773617,-0.2816525198702829,-0.25262017946949966,-0.22972666951316664,-0.2154670178097368,-0.20328861400829623,,,,,,,,,,,,,,,,,,,,,,,,,,,,,,,,,,,,,,,,,,,,,,,,,,,,,,,,0.2048030407538349,0.20667553530862848,0.20821315123210776,0.2106906181143686,0.21348528292797755,0.2138517272313155,0.21362429412059913,0.21412416862921946,0.20759538089419913,,,,,,,,,,,,,,,0.22057278637005973,0.22133307213324915,0.21005294070984074,,,,,,,,,,,,,,,,,,,,,,,,,0.21217420409865356,0.23625763305359315,0.24052162536016192,0.2354174046448732,0.2390380853322484,0.2513101718237038,0.25421919182106956,0.2353379367560752,0.20033768069406005,,,,,,,,,,,,,,,
158,,,,,,,,,,,,,,,,,,,,,,,,,,,,,,,,,,,,,,,,,,,,,,,,,,,,,,,,,,,,,,,,,,,,,,,,,,,,,,,,,,,,,,,,,,,,,,,,,,,,,,,,,,,,,,,,,,,,,,,-0.20113167292544143,-0.22651509223905253,-0.2588559394878994,-0.29562563076695814,-0.3225082737534813,-0.3349722318573973,-0.344351171983221,-0.3603616922447519,-0.38511438924773356,-0.4125098110838876,-0.43134601314800114,-0.4416409567299885,-0.45540918066183206,-0.47693796345626543,-0.4988064508799017,-0.5184084244362424,-0.5440149086159397,-0.5798808612122459,-0.6175776686995433,-0.6467884932956407,-0.665927082763192,-0.6824448104365624,-0.7035616072983957,-0.7272493270579057,-0.7492844222210324,-0.7725506045467888,-0.7980325628034746,-0.8192475729080662,-0.8348525134541622,-0.8515505577493059,-0.870733219706531,-0.8868714932408935,-0.897916445810464,-0.9058913781099893,-0.9111224180506823,-0.9131476836768847,-0.91284606459095,-0.9113525018607558,-0.9117794398865413,-0.9184284853970808,-0.9299479860695656,-0.9388737188474305,-0.939073284590394,-0.9309208524944974,-0.9210397704090068,-0.9160389189888423,-0.9147031839883626,-0.9110995165891104,-0.9044197246688427,-0.8973171354932297,-0.8885703988913165,-0.8758388544938065,-0.8597687454492275,-0.8416135908771888,-0.8220654659642692,-0.801733099703509,-0.7802963385786534,-0.7593400373861164,-0.7432928368284051,-0.7294170407156494,-0.7067662507268384,-0.6727140202595592,-0.6363409843066012,-0.6032441802939722,-0.57259657811877,-0.5466299904950266,-0.5268307364272091,-0.5060086509062351,-0.47857863362513964,-0.4496876945808823,-0.42582052700911743,-0.40638271877200016,-0.38558823179917445,-0.3609578652071073,-0.3368499418250036,-0.31374774728313215,-0.2872363312178686,-0.26144875704853004,-0.2471186014162122,-0.24485777953480364,-0.24545066008868988,-0.24184923161175112,-0.22894455888693255,-0.20686319865743671,,,,,,,,,,,,,,,,,,,,,,,,,,,,,,,,,,,,,,,,,,,,,,,,,,,,,,,,,,,,,,,,,,,,,,,,,,,,,,,,,,,,,,,,,,,,,,,,0.20685332553709118,0.20873993620796702,,,,,,,,,,,,,,,,,,,,,
163,,,,,,,,,,,,,,,,,,,,,,,,,,,,,,,,,,,,,,,,,,,,,,,,,,,,,,,,,,,,,,,,,,,,,,,,,,,,,,,,,,,,,,,,,,,,,,,,,,,,,,,,,,-0.20795164730224172,,,,,,-0.21014627993675733,-0.21300263263403224,-0.21784928651299468,-0.2328939342439429,-0.25537210521190634,-0.28723224006812653,-0.32256805748969575,-0.3514574489465625,-0.3744603446645828,-0.3987301041548371,-0.42649318250244356,-0.45279607514020326,-0.4750581236863305,-0.49583655712040875,-0.516254831969925,-0.536385798596901,-0.554045365475324,-0.5633282800936832,-0.5671393021842173,-0.5784463854944946,-0.600251923836129,-0.6226059482605901,-0.641338244718681,-0.6637111603428985,-0.6946805556966059,-0.7279563474097186,-0.753272564542089,-0.7676441677777099,-0.7780060014982939,-0.7917126813031194,-0.8073755478403069,-0.8211236917924472,-0.8354125828682275,-0.8523601855711804,-0.8679914845770607,-0.8802407422358287,-0.892254528355212,-0.9049345752214061,-0.9152003481520101,-0.9214748884080631,-0.9244411020498458,-0.9248828826109079,-0.9238995595780423,-0.9215497030892827,-0.9170251300390919,-0.9139903474661797,-0.9185298471361274,-0.9292880450032364,-0.9376345312344454,-0.9367816521444576,-0.9274736973552717,-0.917882260432463,-0.9162114203340833,-0.9209415956784947,-0.9237094331803195,-0.9214022684778884,-0.9172518400440415,-0.9124347337568816,-0.9051619895099928,-0.8951007530109274,-0.8832555657785655,-0.8701708323050754,-0.8562531985418572,-0.8422607684955908,-0.8302508771439041,-0.822873804533244,-0.8172569137031831,-0.8048991847356952,-0.7827047457086083,-0.7564111391596047,-0.7310257249218705,-0.7069083596228745,-0.6859116959691107,-0.6697493197072857,-0.6526625354734679,-0.6287804608945631,-0.6023727222760282,-0.5798436593786058,-0.5597570736097258,-0.5369022116730262,-0.5121823811253082,-0.49206865722940024,-0.47596679785485896,-0.456631624924301,-0.43354195241901183,-0.4132550820481635,-0.3989427050057644,-0.39026931445020174,-0.38608195040180804,-0.3790754450100806,-0.3626078458847189,-0.33948138738757416,-0.30772753389917584,-0.26252057641947013,-0.22593273936512842,-0.22525825223569296,-0.23348952717959612,-0.20336910390280855,,,,,,,,,,,,,,,,,,,,,,,,,,,,,,,,,,,,,,,,,,,,,,,,,,,,,,,,,,,,,,,,,,,,,,,,,,,,,,,,,,,,,,,,,,,,,,,,,,,,,,,,,,,,,,,
168,,,,,,,,,,,,,,,,,,,,,,,,,,,,,,,,,,,,,,,,,,,,,,,,,,,,,,,,,,,,,,,,,,,,,,,,,,,,,,,,,,,,,,,,,,,,,,,,,,,,,,,-0.2068564997914371,-0.24704757805149366,-0.285595938560113,-0.29909729590657713,-0.2829553514313216,-0.25085446609184203,-0.23438759927725222,-0.2562881757077021,-0.2953777271335949,-0.31256551569303187,-0.30796231360238435,-0.3103896957536062,-0.32870802195786625,-0.35560965161931957,-0.38960966889754545,-0.4268539080664146,-0.45840599676969307,-0.4813183593367947,-0.4997069791206009,-0.5186905603791399,-0.5400794656449468,-0.5634444255649718,-0.5872590359272347,-0.6075443640898478,-0.6218008231406662,-0.6308905836866878,-0.6351895629416812,-0.6389015628246615,-0.6510712271060859,-0.6720080956197183,-0.6915310940512169,-0.7057216972792155,-0.722373953324277,-0.7474001280516664,-0.7752340850025456,-0.7957266344028695,-0.8062240963300289,-0.8139116312714525,-0.8251823369168401,-0.8380578363148072,-0.8492073349058156,-0.8606219233388437,-0.8738387988177256,-0.8862341233812316,-0.8965464740923452,-0.9063569878905089,-0.9155343125962072,-0.9220140515332839,-0.9249035098772849,-0.9243562558511944,-0.9214099943577575,-0.917988694628926,-0.9132011436355609,-0.9050368577786141,-0.8990686819472373,-0.903890242372535,-0.9170155778912197,-0.9268532220370661,-0.924997893091869,-0.9124432967344518,-0.8998012044549342,-0.8986057804492893,-0.9078900521112129,-0.9162459391414646,-0.9178418202639438,-0.9164338256265446,-0.9149746128287528,-0.9120907534903888,-0.9070260982068186,-0.9002118023610357,-0.8912558513633857,-0.8804828230994505,-0.8701023213787364,-0.8628260410864252,-0.8603393906222152,-0.8599868901048767,-0.8543165809466355,-0.8389262401622948,-0.8174298557627823,-0.7956396906112797,-0.7759987721834349,-0.7602964067924394,-0.7500573520421956,-0.7406888896188899,-0.724828869294563,-0.703264900467898,-0.681635319675135,-0.6599211160605221,-0.6354182508379476,-0.611461647256212,-0.5938601256313281,-0.580493457694916,-0.5654209206085667,-0.5484537189887493,-0.5315942971459451,-0.5142971410270298,-0.4991705200565923,-0.49019543091582596,-0.4807181313288975,-0.46116815749665385,-0.4329003418333292,-0.3959443362198749,-0.3490266735950812,-0.3139753356713248,-0.3126951178073547,-0.31769823193962765,-0.28775662352384074,-0.2394818265135526,-0.22064043830861557,-0.2316067959897637,-0.23215630570591722,-0.21123355247526798,,,,,,,,,,,,,,,,,,,,,,,,,,,,,,,,,,,,,,,,,,,,,,,,,,,,,,,,,,,,,,,,,,,,,,,,,,,,,,,,,,,,,,,,,,,,,,,,,,,,,,,,,,
173,,,,,,,,,,,,,,,,,,,,,,,,,,,,,,,,,,,,,,,,,,,,,,,,,,,,,,,,,,,,,,,,,,,,,,,,,,,,,,,,,,,,,,,,,-0.2082545214533756,,,,,,,,,-0.20343850412096817,-0.2293264186622027,-0.24519468171048345,-0.2468257612709505,-0.24473079565185896,-0.261444536347189,-0.30184161256721875,-0.3429600991796812,-0.3607174769941307,-0.3495594761249583,-0.3250988922073233,-0.31863197116199427,-0.34495525712055747,-0.37671372435297634,-0.38068665143425223,-0.3660232237209944,-0.3645557596625867,-0.3842888784665718,-0.41318440910827187,-0.44491685949107596,-0.477981916232595,-0.5085794740841398,-0.5341922983193828,-0.5554195936871463,-0.5738786141547979,-0.5899468169273471,-0.6043233323094557,-0.6192585988114326,-0.633982795406371,-0.6449653765927181,-0.6518336477179216,-0.6576953266113695,-0.6674687697969042,-0.6849204760510317,-0.7062784507105255,-0.7224502100340979,-0.7316399281311634,-0.7427530550354218,-0.7623076453037716,-0.7846003898091032,-0.7993273281804889,-0.8052666623021,-0.8113534255518924,-0.8233089135056149,-0.8372419158108253,-0.8490205667594133,-0.8603767430503043,-0.872726386951012,-0.8840929907515268,-0.8936197858395314,-0.901896091147697,-0.9079241898855864,-0.9105997279398357,-0.9103949794583472,-0.9075780524325614,-0.9028465913455277,-0.8975510594028752,-0.8892001333142323,-0.8754344682061678,-0.8657169762096564,-0.8726148949762363,-0.8916089277752404,-0.905832493444821,-0.9037770803256782,-0.8862968966122333,-0.8670851997751308,-0.8631591927918628,-0.8761138825135555,-0.891300890904519,-0.8988167836079082,-0.9017944173530639,-0.9041076605064132,-0.904716607086415,-0.9030172613313381,-0.8993875815129235,-0.8929647262269004,-0.8841667005028686,-0.8759535551087674,-0.8708739135578819,-0.8698094130762212,-0.870891872618432,-0.8679684426244192,-0.8556753808589965,-0.835790870540613,-0.8145758971444065,-0.7967637549407958,-0.7852505783936101,-0.7814315363461781,-0.780662785421862,-0.7734032148512365,-0.7562361258967992,-0.73351303230734,-0.7084174817928599,-0.6823805397756207,-0.658990477870238,-0.640201025540357,-0.6235254821740717,-0.6093122594682681,-0.6012268323175737,-0.5954283793206787,-0.5827316713643254,-0.56430127318157,-0.5486320291969493,-0.532578679999885,-0.5074784979058999,-0.4755011161445041,-0.4391594738235033,-0.3999041623119958,-0.37476921435473626,-0.3742883064575757,-0.3720644941791439,-0.3403453911545249,-0.29420422226287674,-0.2655057624821393,-0.2560387266136741,-0.24530137636752092,-0.23026289116473025,-0.22606904026626196,-0.23410148518944424,-0.23591059709618933,-0.22081966442739662,-0.20399060865169155,-0.20159027951138214,-0.2061885672678376,-0.208201645443212,-0.21106094531598324,-0.20838570160401557,,,,,,,,,,,,,,,,-0.21270632993243366,-0.21621478178492193,,,,,,,,,,,,,,,,,,,,,,,,,,,,,,,,,,,,,,,,,,,,,,,,,,,,,,,,,,,,,,,,,,,,,,,,,,,,,,,
178,,,,,,,,,,,,,,,,,,,,,,,,,,,,,,,,,,,,,,,,,,,,,,,,,,,,,,,,,,,,,,,,,,,,,,,-0.21477397586626717,-0.20960605793562437,,,,,,,,,,,-0.2005094427467034,-0.2118167958346961,-0.21796426553329107,-0.22128408832531238,-0.22706408031201408,-0.24220255483440276,-0.2530257545132163,-0.2334710944772397,,,,,,,-0.2191111786006372,-0.24771196672607262,-0.2717824718041817,-0.2810592934863887,-0.27367839132730587,-0.2658397169073293,-0.2809897558847196,-0.32122233839282965,-0.3638840395082983,-0.3860357879298202,-0.38200095674807744,-0.36741405000611704,-0.3703559635408089,-0.39883828221321826,-0.4243945498447995,-0.4210458363360734,-0.4019124015637119,-0.3962018775426497,-0.4107468575742821,-0.433433547547598,-0.4568435320382246,-0.4817514764485499,-0.5099554111964258,-0.5419520942429279,-0.5745415856052479,-0.6002415717983096,-0.6125238077731283,-0.6137633110516645,-0.6149237428944514,-0.6223277329324157,-0.6315103901032928,-0.6381857742132488,-0.6463632120843563,-0.6630048832056709,-0.6882401956234369,-0.7134715983018982,-0.7295735001204943,-0.7364956604442436,-0.7437563221873935,-0.7585680585051795,-0.7759626917036242,-0.7858944620455661,-0.7883445118280005,-0.7936141100371914,-0.8064926049636201,-0.8211492680050921,-0.8331392366357533,-0.8449625964648733,-0.8580752520732269,-0.8696996103946264,-0.8781718214005512,-0.883379300431766,-0.8844631142400051,-0.8823026885434231,-0.8793917889629139,-0.8758405963714141,-0.8707960646624071,-0.8637612326178807,-0.850003632302388,-0.8271295800611069,-0.8105062195474622,-0.8193777900930317,-0.847307920638865,-0.8692239198659953,-0.8676702579109506,-0.8426947812082228,-0.8127405597393559,-0.8034271379579794,-0.8207407617467632,-0.8457358822929528,-0.8624641677870466,-0.872274163523699,-0.8795256900797173,-0.8835036415001167,-0.8841947379652251,-0.8828090875612131,-0.878702624883481,-0.8720929285764933,-0.8656666120570833,-0.8611570269445312,-0.8587115849110767,-0.8576544680096851,-0.8541592408340057,-0.8433685421095749,-0.825434966149372,-0.8053834622349955,-0.788922306431171,-0.780556751559524,-0.7817388271615002,-0.7868574219818643,-0.784854531070725,-0.7699668768052261,-0.7455784754883352,-0.7173260573473165,-0.6901063435614134,-0.6672068555022695,-0.6464366495180931,-0.6249108546193323,-0.6090990542842758,-0.6069640457186669,-0.6110008906670248,-0.6048791206861369,-0.5866733687299293,-0.5675187658773119,-0.5484217201356635,-0.5223733489220145,-0.4910332539761405,-0.4577178402499759,-0.4263213035307648,-0.4102422656274283,-0.4105567618181718,-0.40331482199632585,-0.374462205074074,-0.3379335007339501,-0.3091310188128452,-0.28792830942045394,-0.2710579143263147,-0.2644377678611718,-0.2725952314579424,-0.28307065643632634,-0.2770225185195936,-0.2521842776506773,-0.2281852033669724,-0.22524205039570872,-0.2400294504482432,-0.255900659828335,-0.2663240771301746,-0.26699000060061284,-0.24662391119791172,-0.20823144970970475,,,,,,,,,,,,-0.20311660029655637,-0.2238078641737849,-0.24131022737406124,-0.23740533700661753,-0.20853524454561695,,,,,,,,,,,,,-0.20203793948756255,,,,,,,,,,,,,,,,,,,,,,,,,,,,,,,,,,,,,,,,,,,,,,,,,,,,,,,,,,,,,,,,,
183,,,,,,,,,,,,,,,,,,,,,,,,,,,,,,,,,,,,,,,,,,,,,,,,,,,,,,,,,,,,,,,,,,,,,,,-0.2143752314168528,-0.21961554417175577,,,,,,,,,,-0.20880567258478422,-0.23624679144621685,-0.2550061921278817,-0.27068039376623687,-0.2796891916287926,-0.28128894218284606,-0.28396846904696477,-0.2833517886580237,-0.26089327158394304,-0.22358519818708728,-0.20206001711959545,-0.2039123113188998,-0.21173056475400706,-0.2165456394635789,-0.22538440482724198,-0.24511165256267503,-0.2713442778841786,-0.2909138376466164,-0.29135371352512085,-0.2740211814001579,-0.2600661423054276,-0.2711453189242573,-0.3062049816919674,-0.34675339641792907,-0.3742795573831592,-0.3802858640025701,-0.3750314914379709,-0.3834476156850677,-0.41298522896258205,-0.43817332639209783,-0.4368769584658817,-0.4200767464724168,-0.41144760481223097,-0.4177600562093846,-0.43014058250044085,-0.4423568316149685,-0.45726936119463624,-0.4818879196802688,-0.5203543475653841,-0.5657708044952942,-0.6008803901704358,-0.6125251078724337,-0.6053683805288348,-0.5972181103469351,-0.5983482836233038,-0.6035631929499212,-0.6076687401996166,-0.6160350390594143,-0.6362131063986417,-0.6661021119510291,-0.6945356674182477,-0.7122449222437497,-0.7200504416394569,-0.7271486801676245,-0.7404351456266829,-0.7557027966963876,-0.7636750953686204,-0.7649952128958558,-0.7699139304401829,-0.7818105265806246,-0.7942502140551597,-0.8046040915939504,-0.817114656377704,-0.8320193461790208,-0.8436962755642662,-0.8492627621979489,-0.8492169127119744,-0.8441024526477008,-0.8370406317731904,-0.8320779268976217,-0.828435018190568,-0.8230000953427399,-0.8129464495120597,-0.7907151399623135,-0.7535335272631737,-0.72443603939056,-0.7328749125859766,-0.7717654112155394,-0.8046486606198104,-0.8036597652237473,-0.7670861054519793,-0.7219861397037797,-0.7074220216038387,-0.7340965174679233,-0.7746474436009474,-0.803664987333218,-0.8207379759089748,-0.8327890945535363,-0.8409160068475627,-0.845564501369968,-0.8480833318250622,-0.8476763183546399,-0.8440922093924099,-0.8395717770823561,-0.8353268298191175,-0.8308863448014701,-0.8259742962299625,-0.8191730102915393,-0.8085622408429216,-0.7943644040469737,-0.7782316402916635,-0.7635301355789594,-0.7559087748598274,-0.7582611707207157,-0.7647679717026783,-0.7640845656222383,-0.7502686673199411,-0.7259808996611916,-0.6966528979060644,-0.668532256601446,-0.6462099334649761,-0.625891234105252,-0.6025782866048741,-0.5843153854497005,-0.5825009073802436,-0.5907543673590997,-0.5902995613566158,-0.5756356532100999,-0.5575810666003782,-0.5402634211426217,-0.5180606468783822,-0.4908537552675686,-0.4614827108726439,-0.435847027095115,-0.42589818365083537,-0.4273560785863152,-0.41845226264745017,-0.394506003807529,-0.36982913862426525,-0.34907968093320246,-0.32720724762959325,-0.30927041054448756,-0.3083276575872779,-0.32286346059604265,-0.32890167662794256,-0.30726773401390695,-0.2677110625596334,-0.23629398193815823,-0.23071429915194144,-0.24764255329740759,-0.2705683657300198,-0.28904587776746765,-0.29692750037273735,-0.28543888959150054,-0.2602650085844984,-0.24197484987339138,-0.2356144325304397,-0.22885279887122745,-0.22017768222335532,-0.21500850321780973,-0.20427700217426217,,,,,-0.20894429613785376,-0.22780608030441846,-0.2428732846809609,-0.24970698209511377,-0.23462709063796255,-0.20451107267461183,,,,,-0.20718797752747947,,,,,,-0.22256476848065654,-0.24751392819544013,-0.24053222462464052,-0.2039770163015302,,,,,,,,,,,,,,,,,,,,,,,,,,,,,,,,,,,,,,,,,,,,,,,,,,,,,,,,,,,,,,,,
188,-0.21774273252735216,-0.21096767007197625,,,,,,,,,,,,,,,,,,,,,,,,,,,,,,,,,,,,,,,,,,,,,,,,,,,,,,,,,,,,,,,,,,,,,-0.20186656603629585,-0.2084952605230271,,,,,,,,,,-0.2163386125610918,-0.2488487215272523,-0.27859416356219435,-0.3069043618086631,-0.3209164454995731,-0.31438196108652583,-0.30023677023042616,-0.2859172851095666,-0.26081029834501257,-0.22838420784966434,-0.21068574944841728,-0.21311745357870987,-0.22288380311290734,-0.23263647626545458,-0.2452028841084048,-0.26553914030077885,-0.2901014300561569,-0.3036818686776993,-0.29356693925532673,-0.2659878437793288,-0.24370566100581054,-0.24405370999088005,-0.26633975579763625,-0.30044432386357256,-0.3325258204837711,-0.3480616799055078,-0.34933477514113787,-0.36031987999343884,-0.3912962949091783,-0.41877516973049916,-0.4219553782541625,-0.4102842140255508,-0.4034230319124208,-0.40785669643839995,-0.4164200436830242,-0.42131094778741485,-0.42535329050191606,-0.441267249874468,-0.47855022062802327,-0.5289287975908888,-0.5697153033700173,-0.5853131560365527,-0.5812195256980959,-0.5742763409261148,-0.5721655128933857,-0.5711245663481211,-0.5716137063648236,-0.5806109590958441,-0.6010840341708701,-0.6283100958934782,-0.6530622650679321,-0.6686745672054057,-0.6775679943605529,-0.6882650842606022,-0.7049703983320031,-0.7218124991899372,-0.7299604333788905,-0.7309169830064455,-0.7342977979015572,-0.7424815886781122,-0.7503629500205415,-0.7585600487801254,-0.7726064948669842,-0.7898639918125491,-0.8007460700306642,-0.801437997814233,-0.7942936322022347,-0.7822447937953697,-0.7703757244169028,-0.7633515271214228,-0.7590031034842419,-0.7518409432801685,-0.7363426558320536,-0.7016029209297967,-0.6447909360064518,-0.5979184837695146,-0.602452417890577,-0.6520081496278521,-0.6974482359119771,-0.6969521112352143,-0.6458000767129759,-0.5836605664828997,-0.5680827953904339,-0.6133764775893291,-0.6771169853876745,-0.7199492267461681,-0.7412590169422999,-0.7553298045788961,-0.768533643136859,-0.7812650557120586,-0.7919046311717821,-0.7975827371897621,-0.7978622120355128,-0.7955637213758645,-0.7925072984291883,-0.788002803547319,-0.7805968104273464,-0.7696589834089808,-0.7576300454447271,-0.7473557881234055,-0.7364436301405646,-0.7225539202546376,-0.7113577462506269,-0.7093747144593919,-0.7122466848476856,-0.7087920800428462,-0.6944152946915758,-0.6726173552384096,-0.6475259127839958,-0.6235819288225437,-0.6050625511377041,-0.5880553722868127,-0.566317988801611,-0.5474231907868415,-0.5447789822044975,-0.5548563814225089,-0.5590999617377844,-0.5489332806664023,-0.5331914661642749,-0.5183789409014302,-0.5013507176099488,-0.4804210431177486,-0.45640311431929453,-0.43568295741808694,-0.4296411006334754,-0.4317884856596569,-0.4213585736345611,-0.39720878077008603,-0.3758880403437552,-0.36140838961138855,-0.34583743373504017,-0.3333291956571709,-0.33778761516793976,-0.35472139222618815,-0.354479473208387,-0.3195159055248485,-0.27067076476674745,-0.2384538021897997,-0.23202910149118394,-0.24329376616933465,-0.2616488774422755,-0.2812913893915304,-0.29505772863098007,-0.2936997674470092,-0.28300314323765435,-0.2793879120621113,-0.28170322064397046,-0.2762533831495559,-0.26408093324327453,-0.2516020719174316,-0.23162906278243012,,,,,-0.21344282996702435,-0.23237137136006908,-0.24757685987407071,-0.24795146628617767,-0.22198537228104065,,,,-0.20998980734910144,-0.24290623095368774,-0.24982919039987272,-0.21912890794706003,,,,-0.20561746844667583,-0.24703581522062806,-0.2600814670259456,-0.23856490540899972,,,,,,,,,-0.20501371663498189,-0.20719663199140398,,,,,,,,,,,,,,,,,,,,,,,,,,,,,,,,,,,,,,,,,,,,,,,,,,,,,,,
193,-0.2628356788050938,-0.2525230158946341,-0.21730274366374047,,,,,,,,,,,,,,,,,,,,,,,,,,,,,,,,,,,,,,,,,,,,,,,,,,,,,,,,,,,,,,,,,,,,-0.20302380068184855,-0.2041615848721136,,,,,,,,,,-0.20741756442283726,-0.2439225738691534,-0.2816484545271608,-0.31449744529527845,-0.3243673738013265,-0.3054258392390468,-0.27702485981088343,-0.25665771564954815,-0.23900186928918082,-0.2215216553224394,-0.21615249919562712,-0.22483644859499777,-0.23770810504776643,-0.24994132227053256,-0.26473912481197037,-0.2874547561531815,-0.31267834490084456,-0.3216632533364201,-0.30303775548141554,-0.2662821491273479,-0.2313134432867399,-0.21332526928255544,-0.21859538112206606,-0.244729164382985,-0.2777404121937843,-0.2975965738821553,-0.3023196711706987,-0.3158254202887515,-0.348326705555596,-0.37522652535691137,-0.37876070706199094,-0.37213531750608064,-0.3727562160885889,-0.3837900552684747,-0.3970588368065895,-0.4012949304169404,-0.39663107948738907,-0.39966043314570093,-0.4255115021998752,-0.46789143651916937,-0.5058355025991298,-0.5274407300342676,-0.5368032641256193,-0.5413857296111471,-0.5415066466181074,-0.5368902679754736,-0.5363319302352033,-0.547066849809105,-0.5649336523128675,-0.5833161474071407,-0.5981835376149147,-0.6073367278704593,-0.6147372693669582,-0.6282628847521645,-0.6493676141872406,-0.6695479422017394,-0.6793260847838768,-0.679760295236403,-0.6791849067614344,-0.6809670749115747,-0.6836132231922428,-0.6898723190433176,-0.7041601357714087,-0.721628161885437,-0.7309721712719783,-0.726956007585752,-0.7118354607332887,-0.690625246227133,-0.6712500754935569,-0.6599608609085958,-0.6535162173933955,-0.6433945450645575,-0.6204432516463982,-0.5706869284369125,-0.49306317911137487,-0.42802312773874945,-0.42603757748787513,-0.48200548587024883,-0.537680311808842,-0.5384232265952116,-0.47508951100182617,-0.3995726288894266,-0.3890611095700288,-0.4606274209166582,-0.5529467464301538,-0.60994933376072,-0.6320186688253084,-0.6443326311689477,-0.6618408590272431,-0.6854233377208521,-0.7077918068788298,-0.7215641967812916,-0.7259907482328022,-0.7256637602573359,-0.7245427486012685,-0.7229246758845418,-0.7178846629670523,-0.7072058182893532,-0.6950254116585726,-0.6868725071187063,-0.6789018837988169,-0.6639885518929907,-0.6464686849181814,-0.6362656963595442,-0.6313714762116875,-0.6213848438653948,-0.6044458210171495,-0.5869427641891621,-0.5723341069590357,-0.5609804137958324,-0.552863343609901,-0.5427807625489525,-0.5259412083319696,-0.5108891708910444,-0.5109722703041273,-0.5232013145123369,-0.5296350022160734,-0.5207908887253201,-0.5043831652761264,-0.48907443355850655,-0.4754184888891842,-0.4609919657953551,-0.44330356490827183,-0.42785923897598516,-0.42549381429015626,-0.4288289404417568,-0.4168789577160908,-0.38775591934269926,-0.3599877073409504,-0.34326329657137683,-0.332146689666191,-0.32701853335854253,-0.3368255756373574,-0.3554509841559148,-0.3541779864629865,-0.31825431254038034,-0.27291960490683514,-0.24780316962109006,-0.24296408935368924,-0.24582610477651806,-0.253353361728612,-0.2667253315966841,-0.27938422617241915,-0.2831906091072365,-0.28279166713123266,-0.28755664435160866,-0.291179687378144,-0.2827001976089085,-0.2688327381654916,-0.257490326799589,-0.24022584164516755,-0.2115509128589122,,,,-0.20942444060048243,-0.22947042282440908,-0.24690606540268228,-0.24512807835599115,-0.21561257968552522,,,,-0.223066316596173,-0.2655770002506115,-0.2712551743939582,-0.2298546345500129,,,,-0.20546327742478274,-0.24130251798234711,-0.24707298184990623,-0.21850815176397656,,,,,,,,,-0.22203117278947232,-0.23370986310497016,-0.222631808050579,,,,,,,,,,,,,,,,,,,,,,,,,,,,,,,,,,,,,,,,,,,,,,,,,,,,,,
198,-0.26876790686727753,-0.2564738076050733,-0.21782779295438726,,,,,,,-0.20629233959917648,-0.20823414649825903,,,,,,,,,,,,,,,,,,,,,,,,,,,,,,,,,,,,,,,,,,,,,,,,,,,,,,,,,,,,-0.2124418610156889,-0.2135217905214436,,,,,,,,,,,-0.23175084502255705,-0.27094468971868285,-0.297777470265833,-0.2940458010771276,-0.26155725752786474,-0.2257865404168154,-0.2082295711060863,-0.2063959356619388,-0.21208536536680775,-0.22481635330731026,-0.23950585815425754,-0.24923659614575752,-0.25638038927330964,-0.269156431539359,-0.29312079655157675,-0.3193428325719858,-0.3268216315509085,-0.3055950316511371,-0.26390107172084565,-0.2160723528091747,,,,-0.22550145844516084,-0.24743816633033155,-0.2583800564777571,-0.2785633190460496,-0.3118118998465189,-0.33312090781420023,-0.33268215464657275,-0.32982034402005256,-0.33769166426541886,-0.35328809815701245,-0.36965168800226106,-0.37720802552314403,-0.37234197468643754,-0.3677367408702169,-0.37861661261213164,-0.40302681727821965,-0.4290905271264033,-0.4534521892316164,-0.4772138884878194,-0.4951518941319001,-0.5004941383188319,-0.49687428209232787,-0.4980363325426444,-0.5090803372566488,-0.5213411272487112,-0.5296241425854908,-0.535311430312372,-0.5382815069901813,-0.5407049963453469,-0.5494914878545648,-0.5677091799630767,-0.5887455568171276,-0.602430573905447,-0.6049878887422033,-0.6004438577298248,-0.5949584112444344,-0.5926164803117719,-0.5957963780029569,-0.6050728463870225,-0.6167891226595439,-0.6230273818880173,-0.6161223355774199,-0.5939201943513157,-0.5613129910303144,-0.5294836225229387,-0.5088067598877495,-0.4973337884505007,-0.48348789429122435,-0.4531647302750378,-0.3893414075606245,-0.2943905922560992,-0.21517685938065897,-0.20550313628610695,-0.26149990517137195,-0.3223200070385052,-0.3262344512910755,-0.25990302011958005,,,-0.277272716077421,-0.39745387666217397,-0.46990033094784794,-0.4933794634877483,-0.5015531037324459,-0.5187423878054787,-0.5493164576581825,-0.5823261207294648,-0.6053301577884715,-0.6151915209950408,-0.6169232875569634,-0.6171841370409439,-0.6199104652960681,-0.6236816135695565,-0.6233372124727722,-0.6179927409256168,-0.6113070578893628,-0.6021034502572005,-0.5852602241285026,-0.5645188900832562,-0.5499051388458198,-0.5402408165148949,-0.5264623460860504,-0.5092629391631803,-0.4964715899302797,-0.4910416238348232,-0.49214315071954673,-0.4973424302561835,-0.49877045366281997,-0.49106222993635446,-0.4824864052679948,-0.4851155688668216,-0.49615056399183266,-0.4998998575229635,-0.4882454181676241,-0.46815835676928097,-0.4491424833990627,-0.435302803522442,-0.4248645881977542,-0.41320561542797973,-0.40468222167008,-0.4082665203740721,-0.4151360548271897,-0.40432171663741734,-0.3730030104343898,-0.3390846404116701,-0.31528646961603546,-0.3017508515581218,-0.2994679401319812,-0.3118747471672727,-0.33110198957784576,-0.33351553373967596,-0.3078954251248396,-0.27618962337255626,-0.26152435939785756,-0.2592132379804259,-0.2574434189255568,-0.25884590171352706,-0.26654185557294136,-0.2727699964120857,-0.27334977572487146,-0.275275624980188,-0.28181408498780325,-0.28143470522467096,-0.26635016247840615,-0.25039679285058947,-0.24527011834305287,-0.24031964350941226,-0.2238337215579808,-0.20255342754471595,,,-0.21348773925371156,-0.2311841551812423,-0.24498045223216033,-0.2413524306453883,-0.2175096852270933,,,,-0.2120464960896641,-0.25694594202814186,-0.2633490855802242,-0.21844345002528165,,,,,-0.21854080032116396,-0.23156043246919167,-0.21168617151861488,,,,,,,,,-0.2167980979848072,-0.2329160084154025,-0.224833173033342,,,,,,,,,,,,,,,,,,,,,,,,,,,,,,,,,,,,,,,,,,,,,,,,,,,,,,
203,-0.2310813348328173,-0.21475913011173575,,,,,,,,,-0.2096905745926244,-0.20168619373761226,,,,,,,,,,,,,,,,,,,,,,,,,,,,,,,,,,,,,,,,,,,,,,,,,,,,,,,,,,,-0.21176700863054995,-0.2245010586881872,-0.20749975637261908,,,,,,,,,,-0.2180041416761166,-0.2525570939455126,-0.271200027538118,-0.2541973490114692,-0.2111565097207311,,,,,-0.21179915952970374,-0.22919017385039298,-0.2306708679967161,-0.22724786480399994,-0.23450793012411675,-0.2575545020671018,-0.28414630042311717,-0.29346150203790994,-0.2763677000638577,-0.23728758002652792,,,,,,-0.21098923481844312,-0.2334359619159513,-0.26403989124597704,-0.29774150480235484,-0.3131936157214842,-0.31006198286742537,-0.3097232774242281,-0.31804441112158555,-0.32636779769703306,-0.3343638676771601,-0.343204954287082,-0.3478004714614702,-0.34793991386706746,-0.3498352549875642,-0.35587886398125296,-0.36707496135904716,-0.388523835590285,-0.41785307898066404,-0.4407966085107303,-0.44722892615307464,-0.44368675306160843,-0.4449968622636866,-0.45350361771878844,-0.4596252147897664,-0.46125351065602677,-0.46213387676609397,-0.4602078033567022,-0.45341746335861766,-0.44788396277619524,-0.45258175020299596,-0.4688296957844021,-0.48762238586226375,-0.4968025978097882,-0.4924705306721091,-0.48255039535644423,-0.47634133738897977,-0.4748490912871892,-0.4744496503461414,-0.4750061197728708,-0.475029853356028,-0.46506063910524953,-0.43736900359888203,-0.3944139356060986,-0.34813701973211697,-0.3135760905120615,-0.2937954759609735,-0.27669418730522854,-0.24197464674006025,,,,,,,,,,,,-0.20723623363648092,-0.29551975603580083,-0.32484273887088644,-0.3297514175081811,-0.3419935088214481,-0.37269025390943467,-0.4120910020632287,-0.4445866791027212,-0.4621139901565382,-0.46609563307785445,-0.46489730141114083,-0.4702802891156489,-0.4871516135553392,-0.5063158160201979,-0.5153783841944255,-0.5116473514211408,-0.5000211180330979,-0.48486877149141566,-0.47180656058381315,-0.4668551855137267,-0.46516152344725914,-0.4570223882547201,-0.44361236408657834,-0.4319664234848896,-0.42587493227130513,-0.4290559882212851,-0.44246954139555106,-0.45580023918308243,-0.457927335706383,-0.45279432879847703,-0.451560098605161,-0.4543410873969128,-0.4503979138636732,-0.4341492106334873,-0.41131679897167045,-0.3904527997541287,-0.37666647642280104,-0.36840791457342126,-0.3611827805461106,-0.3590953149992421,-0.368853794503438,-0.38117659681686983,-0.37669689090969893,-0.3516749959788651,-0.3196989468054428,-0.29126652093632194,-0.2722287051501602,-0.2694994108586578,-0.2829153022762222,-0.30016181187416835,-0.3031007024697108,-0.2871037325034122,-0.26913741562155463,-0.2629939206093476,-0.2630145563549953,-0.2623133732366156,-0.2651031602904492,-0.2706736132654856,-0.26997525323394134,-0.264820221202167,-0.2654086705589255,-0.26994267572614394,-0.2641214088389561,-0.24522938112637616,-0.2330270632847048,-0.2401740271101106,-0.25127720981286705,-0.2473016083673497,-0.23053499068889655,-0.2171725635512018,-0.21592203556771478,-0.22179154629888026,-0.2280857299021313,-0.22990337124069327,-0.22327118839103688,-0.21036973441116558,,,,,-0.22528210466103749,-0.22920803167096965,,,,,,,-0.2199369627281872,-0.2205177133822045,,,,,,,,,,-0.20173177027186218,,,,,,,,,,,,,,,,-0.202510180460985,,,,,,,,,,,,,,,,,,,,,,,,,,,,,,,,,,,,,,,
208,,,,,,,,,,,,,,,,,,,,,,,,,,,,,,,,,,,,,,,,,,,,,,,,,,,,,,,,,,,,,,,,,,,,,,,,-0.2269242480587812,-0.2193696497217466,,,,,,,,,,-0.20019535141003963,-0.22763690063349212,-0.24290716813005003,-0.22091312154912532,,,,,,,,,,,,-0.2130623736981545,-0.2282556690167185,-0.22267099645645014,,,,,,,,-0.21504731298133373,-0.24963692718567806,-0.28206314260721677,-0.2983640522885299,-0.3007417954959194,-0.3039319176605769,-0.30698385198702244,-0.2996197431588515,-0.2892407807290105,-0.2909915208125509,-0.30393253370927165,-0.3156820640660927,-0.31898498550193244,-0.31675466235481986,-0.3198367502530747,-0.33768960105491164,-0.3649016325694905,-0.38396060931373516,-0.38420472283046725,-0.37388942762595734,-0.36952998898148404,-0.37396287621036095,-0.3781160277522744,-0.37926914055574334,-0.3777724294757411,-0.3682548049665548,-0.34766006339575883,-0.32349659036662315,-0.31020431713420715,-0.3169903245955008,-0.33726730984804976,-0.3526840301552571,-0.35228157436158947,-0.34245342204682006,-0.3341676247018859,-0.3281662472396478,-0.3190192102454758,-0.3088461850318467,-0.3007618921884615,-0.28573701925842343,-0.2534453392823923,-0.20381856560124312,,,,,,,,0.2759670352923921,0.29950243103584406,0.2542919951011259,,,0.23509349656717357,0.28257825793124214,0.2608686048045591,,,,,,,,-0.22217726882523797,-0.26213271551514,-0.28532948510539113,-0.28889617731889633,-0.28275511053340135,-0.2887419642806723,-0.3188508975832636,-0.35741056126310633,-0.3797004265164283,-0.3796615416371004,-0.3709242601073558,-0.36724587735117475,-0.37417559664159417,-0.390693307937092,-0.4054009527159791,-0.40602726420505375,-0.3940361056354541,-0.3786437870110091,-0.36740096358445284,-0.3676621697432961,-0.3825320161764223,-0.4003943096918331,-0.40557471917714505,-0.3986661667462349,-0.3906326303773328,-0.3838617095478101,-0.37147507118354384,-0.3508469434182188,-0.3287861483344955,-0.31330349158557014,-0.3058771415265886,-0.3008683917896564,-0.29388124866163634,-0.2910947761357194,-0.30149138138554077,-0.3193882136219778,-0.326347960111922,-0.313946284470227,-0.28956235016671605,-0.26178141708667874,-0.24172575925046427,-0.24196156218880968,-0.2580341124792361,-0.2700348410015423,-0.2647777644591583,-0.24947998528864473,-0.2408852883270488,-0.24275901902399216,-0.24590169253701483,-0.2467339489992169,-0.24924929637178794,-0.25063207186886993,-0.24550115722299604,-0.24061754921149572,-0.24320026411165108,-0.24521302295105235,-0.23453349133657958,-0.21683664818888487,-0.21483820733789027,-0.2365752314553004,-0.2600416994940832,-0.2623500179543452,-0.2463700269822087,-0.22948608754762018,-0.21971615069508227,-0.212082464154849,-0.20222832466651636,,,,,,,,,,,,,,,,-0.2073425097968146,-0.22411047870507206,-0.21204484175119304,,,,,,,,,,,,,,,,,,,,,,,,,-0.20711972220185365,,,,,,,,,,,,,,,,,,,,,,,,,,,,,,,,,,,,,,,
213,,,,,,,,,,,,,,,,,,,,,,,,,,,,,,,,,,,,,,,,,,,,,,,,,,,,,,,,,,,,,,,,,,,,,,,,-0.20971515025971488,-0.2065490882268401,,,,,,,,,,,,-0.21133853531120805,,,,,,,,,,,,,,,,,,,,,,,,,-0.22523482449779775,-0.2491146923327565,-0.26585187281380507,-0.2753653280185308,-0.272496842168698,-0.2513764160649945,-0.22375993472667982,-0.2116308377788882,-0.22145667666185848,-0.23973962101617305,-0.2506096164016748,-0.2521622834646851,-0.2573736386739188,-0.27660071306696354,-0.30263879759344103,-0.31699878316617924,-0.3082457173903659,-0.2861707581049451,-0.2720837253165094,-0.27281516462175326,-0.2792726839497177,-0.28381132975173806,-0.2802269623919561,-0.26134243220346626,-0.2274255069128543,,,,,,,,,,,,,,,,,,,,,0.2663069808363767,0.3792062462880412,0.4720158102831472,0.4981786658743599,0.4643947001727333,0.4234210313984377,0.4208878895030911,0.4538504221319182,0.47973378215410656,0.44932331198870124,0.3491830857718562,0.22188082542745455,,,,,,,,,,,,,,-0.21867639180299897,-0.22178213525993878,-0.2245762599867485,-0.2411973043505308,-0.2700082415572138,-0.30257868359361817,-0.32457185632789115,-0.3245947051699356,-0.3079699070347898,-0.29051975136613534,-0.28274317443792196,-0.28687299839096336,-0.30069837930283627,-0.3131868491342839,-0.3123556800529482,-0.3021819122706444,-0.2933310732625005,-0.28538017145346684,-0.2709352266361941,-0.24998366536230382,-0.2332117359628765,-0.2292278281402487,-0.23315155221554035,-0.2321721871931648,-0.2206944926405891,-0.20940235572231616,-0.2152084222192833,-0.23738475036005013,-0.25413158277204545,-0.2503903932151664,-0.2316796590716157,-0.2092206363607563,,-0.2056331781394991,-0.225018200016045,-0.22858413353144036,-0.21001932536546764,,,-0.20154750173368574,-0.20795482021454637,-0.20551578863350134,,,,,,,,,,-0.21203518500109264,-0.2376863326703523,-0.2379304047543961,-0.22028309061136936,-0.20281628813519884,,,,,,,,,,,,,,,,,,,,-0.20720671551842396,,,,,,,,,,,,,,,,,,,,,,,,,,,,,,,,,,,,,,,,,,,,,,,,,,,,,,,,,,,,,,,,,
218,,,,,,,,,,,,,,,,,,,,,,,,,,,,,,,,,,,,,,,,,,,,,,,,,,,,,,,,,,,,,,,,,,,,,,,,,,,,,,,,,,,,,,,,,,,,,,,,,,,,,,,,,,,,,,,,,-0.20080331837928883,,,,,,,,,,,-0.2107661538603726,-0.22362077774953687,-0.20974264311361984,,,,,,,,,,,,,,,,,,,,,,,,0.22023261394600085,0.271099083439784,0.3030036919224579,0.3222133670650051,0.35336613176311005,0.42318376437324845,0.5209589232799604,0.6001143632186592,0.6257350709274481,0.6061686545929155,0.5833702786466226,0.5891755478325713,0.6148031629947144,0.6263418288711526,0.5926276663513345,0.5071970767117209,0.39933956022413675,0.31204257792397916,0.265734056180787,0.24605849156721715,0.22235749274370148,,,,,,,,,,,,,,,,,,,,,,,,,,,,,,,,,,,,,,,,,,,,,,,,,,,,,,,,,,,,,,,,,,,,,,,,,,,,,,,,,,,,,,,,,,,,,,,,,,,,,,,,,,,,,,,,,,,,,,,,,,,,,,,,,,,,,,,,,,,,,,,,,,,,,,
223,,,,,,,,,,,,,,,,,,,,,,,,,,,,,,,,,,,,,,,,,,,,,,,,,,,,,,,,,,,,,,,,,,,,,,,,,,,,,,,,,,,,,,,,,,,,,,,,,,,,,,,,,,,,,,,,,,,,,,,,,,,,,,,,,,,,,,,,,,,,,,,,,,,0.20921589211075808,0.24154916840152196,0.2950011908756896,0.3543211062168262,0.4005092618992395,0.42764755200500754,0.44354362379550527,0.4708272866106254,0.5309999420740662,0.61208708275181,0.676190385964643,0.6990269452301392,0.6892448626866952,0.6780261938333803,0.687193862494602,0.7077840178581131,0.7135314537582824,0.6826217479498918,0.6113955326373577,0.5217421605864105,0.4470514247159242,0.40416225887279517,0.3831669796257234,0.36236202634254366,0.3270976857219917,0.2775941873973905,0.230720796933179,0.20836749106274022,0.21072809736516432,0.21177331738368996,,,,,,,,,,,,,,,,,,,,,,,,,,,,,,,,,,,,,,,,,,,,,,,,,,,,,,,,,,,,,,,,,,,,,,,,,,,,,,,,,,,,,,,,,,,,,,,,,,,,,,,,,,,,,,,,,,,,,,,,,,,,,,,,,,,,,,,,,,,,,,,,
228,,,,,,,,,,,,,,,,,,,,,,,,,,,,,,,,,,,,,,,,,,,,,,,,,,,,,,,,,,,,,,,,,,,,,,,,,,,,,,,,,,,,,,,,,,,,,,,,,,,,,,,,,,,,,,,,,,,,,,,,,,,,,,,,,,,,,,,,0.20377390539376558,0.22726676950521643,0.2358116090838528,0.23678903399815335,0.24639221483263465,0.2740580950043592,0.30801937978425786,0.3238494976414267,0.3140846691413687,0.2985104930619382,0.29741968894239756,0.3134223931359567,0.34549733745730715,0.39284928604997,0.44391890315750787,0.4846869914826829,0.5098054160977725,0.5243086305712991,0.54828191968522,0.6010459765726579,0.6705466861063554,0.7234722651786141,0.7414611781432455,0.7336235027778163,0.7244734908307369,0.7303717592128851,0.7450546497219563,0.7488464304159654,0.7243550807946117,0.66774854264474,0.5954644462127885,0.53349699575527,0.4953574471374551,0.47647790303821635,0.46479169641027906,0.44599396228706123,0.4098138439726397,0.3667717718507906,0.342318118089038,0.3394820838997714,0.332376012178112,0.30607133219074856,0.2740910117692852,0.25437929767502143,0.24654074215533292,0.2326961285030347,0.20129523831343937,,,,,,,,,,,,,,,,,,,,,,,,,,,,,,,,,,,,,,,,,,,,,,,,,,,,,,,,,,,,,,,,,,,,,,,,,,,,,,,,,,,,,,,,,,,,,,,,,,,,,,,,,,,,,,,,,,,,,,,,,,,,,,,,,,,,,,,,,,
233,,,,,,,,,,,,,,,,,,,,,,,,,,,,,,,,,,,,,,,,,,,,,,,,,,,,,,,,,,,,,,,,,,,,,,,,,,,,,,,,,,,,,,,,,,,,,,,,,,,,,,,,,,,,,,,,,,,,,,,,,,,,,,,,,,,,,0.2071304301350189,0.23281128497795484,0.26729757341104954,0.30386189952379733,0.3304250092416748,0.3417028913299314,0.3439974848485751,0.3523841880156441,0.3762749709892549,0.40442150074722194,0.41310232808272807,0.3950074746528628,0.37196519856971955,0.3700558176112452,0.3923828105966851,0.42626747583468827,0.46192962326308973,0.4961383319811813,0.5287275534179287,0.5556547349262768,0.5735252939718378,0.5969200917400095,0.6448597885838543,0.7065711851520178,0.7506158728091785,0.7616853204922509,0.7508167872179006,0.739478257416978,0.7399800874119239,0.7481886623661571,0.7503414452265712,0.7326036946096282,0.6900875673815626,0.63335276671497,0.5823279709920305,0.5502642727208531,0.5371000168446666,0.5344317121212763,0.5276171590709371,0.5032715301149651,0.4679865466840054,0.4445861506075146,0.4368308721331514,0.4240067629019091,0.398249123170619,0.37252986290466705,0.3554865597858913,0.34280905206006657,0.3235825209887516,0.29402045473763455,0.2656403677488857,0.24760450603256634,0.23526328463589832,0.22612150491030025,0.22508034718452208,0.23050916589089662,0.23291553440612567,0.2277084011985543,0.22128671137233585,0.21705135804993586,0.20721651800523472,,,,0.2116546968988209,0.21754196353883348,0.2039435702891699,,,,,,,,,,,,,,,,,,,,,,,,,,,,,,,,,,,,,,,,,,,,,,,,,,,,,,,,,,,,,,,,,,,,,,,,,,,,,,,,,,,,,,,,,,,,,,,,,,,,,,,,,,,,,,,,,,,,,,,,,
238,,,,,,,,,,,,,,,,,,,,,,,,,,,,,,,,,,,,,,,,,,,,,,,,,,,,,,,,,,,,,,,,,,,,,,,,,,,,,,,,,,,,,,,,,,,,,,,,,,,,,,,,,,,,,,,,,,,,,,0.2063317037460611,0.20218776818095135,,,0.21004282608224684,0.22753415801753812,0.23969758060809754,0.2495561765111246,0.2614263491529525,0.26995523699527363,0.2688865115875038,0.26175301444255167,0.2563315221862093,0.2560828845704137,0.2630546219260035,0.27990121043282734,0.3091689484959791,0.3480037174734257,0.38442244134071324,0.4084096519307876,0.41947162680100325,0.42364516375721073,0.4308260872513432,0.4477122979043725,0.46658381381378733,0.46949800484113946,0.4505701115650846,0.4285504397032742,0.42932171962203913,0.45676510156122274,0.49025377979923257,0.5120647472545874,0.5269592444676104,0.549055071385617,0.5763009426782612,0.5977859496427609,0.6226868267038154,0.6682727244760814,0.7234251058789525,0.7579608831214268,0.7600348200768063,0.744138431851852,0.7306293563788642,0.7279483889306806,0.7321865250086117,0.7336310945983779,0.721065415524017,0.6880592214660946,0.6406646313156262,0.5977107822162502,0.5757244452168688,0.5737009861680462,0.5776818566300161,0.5727718889051148,0.551364982648435,0.5214561917358154,0.5014213206254066,0.4940880333741426,0.4836197523217452,0.46522231925714064,0.4475889552781188,0.43203144483018996,0.4127409377507748,0.3852164386171616,0.35356755984276533,0.33346715290978374,0.3318565694265335,0.33358236892330423,0.32542320715204076,0.3123456606272059,0.30342089932634175,0.3012024040284628,0.3024642038400145,0.3020634629797626,0.29260072581821744,0.2685954894892296,0.2425484865809638,0.23800998178417787,0.2579851770044304,0.28072820091189254,0.2874983509555674,0.2741674064799922,0.24107544485420757,,,,,,,,,,,,,,,,,,,,,,,,,,,,,,,,,,,,,,,,,,,,,,,,,,,,,,,,,,,,,,,,,,,,,,,,,,,,,,,,,,,,,,,,,,,,,,,,,,,,,,,,,,,,,,,,,,,,,,,,
243,,,,,,,,,,,,,,,,,,,,,,,,,,,,,,,,,,,,,,,,,,,,,,,,,,,,,,,,,,,,,,,,,,,,,,,,,,,,,,,,,,,,,,,,,,,,,,,,,,,,,,,,,,,,,,,,,,,,0.22380751853181768,0.24963946448321564,0.26212044069147544,0.2593097030017468,0.25237979268225785,0.2545609418035601,0.266477195941616,0.27888671860380226,0.2882620941046749,0.29910265868236874,0.3120320650143419,0.3223683266421906,0.3284133969559505,0.33272987586158725,0.3339728376903789,0.3276871154039334,0.32207040603807235,0.3336076882372424,0.3656529659614928,0.4045012652283964,0.43419527496485505,0.4510449303032661,0.4613094938565826,0.47002616921527374,0.47935378850275656,0.49178909480349803,0.5043796070568931,0.5065025970688264,0.4933210609308414,0.47743837009887635,0.47980958430931575,0.5048060017075819,0.532164247572,0.5439390322833082,0.5483414983861506,0.5628341272053852,0.5854206743213566,0.6052420012631979,0.630959419669563,0.675916505781447,0.7250557526568382,0.7490022553778479,0.740524680729566,0.7180659408430705,0.7021963098401611,0.699174187347188,0.7038288434308675,0.7069993790726419,0.6983610969968499,0.6703728972226921,0.6274459610210432,0.591582102984495,0.5827206642605466,0.5937556040869124,0.6016654444138406,0.5926233791546843,0.5672972330479225,0.5373946714213151,0.5197374737362018,0.5177542014796765,0.5170990035849233,0.5101969345970156,0.5015046609313252,0.4891852663836181,0.46513715749752216,0.4278677394674506,0.39013874451858854,0.3745328777880303,0.3873941870824076,0.40415549705461024,0.4003034425975676,0.3784659908043181,0.35562496798244736,0.34386451882624086,0.34232847562930957,0.3397131244219313,0.32327375481076415,0.29186873735516083,0.26633644812603374,0.2696843139652707,0.29454652089316474,0.31385963594929284,0.3146612049277601,0.29928762068818193,0.2715254786400033,0.2429688261568433,0.23255884423787282,0.23591363506201654,0.22395797557219085,,,,,,,,,,,,,,,,,,,,,,,,,,,,,,,,,,,,,,,,,,,,,,,,,,,,,,,,,,,,,,,,,,,,,,,,,,,,,,,,,,,,,,,,,,,,,,,,,,,,,,,,,,,,,,,,,,,,
248,,,,,,,,,,,,,,,,,,,,,,,,,,,,,,,,,,0.215435430757927,0.21166911838083363,,,,,,,,,,,,,,,,,,,,,,,,,,,,,,,,,,,,,,0.20566028179459855,0.20109619981277144,,,,,,,,,,,,,,,,,,,,,,,,,,,,,,,,,,,,,,,0.20758171662124109,0.2164782811390038,0.2315106864683874,0.2562998460260311,0.2863180700218142,0.3056274871700986,0.3044078637039995,0.29432923720884807,0.29215527263823854,0.2986829318000992,0.3058112135275255,0.31311427391095487,0.3246812166892574,0.33813488889123594,0.34954292415363486,0.36183255302101514,0.3773881814041749,0.3863382199478857,0.3774768621850043,0.3636873088043199,0.37036781737931235,0.40030826742447,0.4337382779864863,0.45512455272920777,0.4662970546078494,0.47660051180666896,0.48868190380130505,0.4996719829868349,0.510750421299504,0.5231552541228193,0.5302464582819828,0.5255504164480073,0.5156125709011598,0.5165357872879733,0.5331114408051021,0.5509211844346146,0.5585400891491166,0.5634594547669446,0.5760181631460872,0.5921729123660515,0.6064860496649659,0.6306250191605355,0.6741193307474906,0.7171478299655514,0.7306873687612626,0.7116893487143625,0.6815584123445877,0.6616662109408803,0.6587880168768323,0.6668676754401183,0.674670939924336,0.6716074338538863,0.650165239885339,0.6139947484416051,0.5864271177233529,0.587510228534988,0.605276913279184,0.6134872822104742,0.6014813625142729,0.574250243100437,0.5440201005676133,0.5267726203846425,0.5279968620592274,0.5342219974837645,0.5342101339299277,0.5308082230184561,0.5224974462682214,0.4983946245124674,0.45692233985971675,0.4164762012576607,0.4040027133650229,0.4256094877603903,0.4521725300047226,0.4516466045709864,0.42352178656408557,0.39006594134595607,0.3696835711251586,0.3618877000037388,0.3523617928083119,0.3300960702219807,0.29995838507795636,0.28176070285435756,0.2894945609127852,0.3109471789828476,0.32254450934119294,0.31597868016499164,0.2972412233781876,0.2761290852390919,0.2651948898577492,0.271586385914916,0.2794966919791395,0.2609611489424271,0.21914719679149147,,,0.20895603252490963,0.21343670674107504,0.21353499270480686,0.21118676555128868,0.2024491745998842,,,,,,,,,,,,,,,,,,,,,,,,,,,,,,,,,,,,,,,,,,,,,,,,,,,,,,,,,,,,,,,,,,,,,,,,,,,,,,,,,,,,,,,,,,,,,,,,,,,,,,,,,,,,
253,,,,,,,,,,,,,,,,,,,,,,,,,,,,,,,,,0.2165455326087754,0.2383695962479767,0.2383817161097299,0.20182515810595586,,,,,,,,,,,,,,,,,,,,,,,,,,,,,,,,,,,,,,,,,,,,,,,,,,,,,,,,,,,,0.20088761480043282,,,,,0.2055757896873127,0.2034425562196167,,,,,,0.20335987472542244,0.20734303197025059,0.21347197975528656,0.22403311840282472,0.23406142238351724,0.23867091250887015,0.2404878587339027,0.24711656301867513,0.27009955378414796,0.3094608354021604,0.3405038685334069,0.3441100137362569,0.33195769077651144,0.3239618417434471,0.32412806919777254,0.3284878332346355,0.33748070753973924,0.351007608862876,0.3624564733377369,0.36896799043600814,0.3794664559349927,0.39842991676702527,0.4123924538447843,0.40857439151080965,0.39869652122965665,0.4040714108036333,0.42617252388221616,0.45036669765870757,0.46705530171114784,0.47828914815614165,0.48864672781257473,0.4967258085224293,0.5012783393959303,0.5092227583875683,0.525369023755105,0.5411734663965702,0.5452961932285234,0.5404343334041257,0.5404187849939566,0.5499178375369046,0.5597442454620694,0.5654875801120371,0.5736729488823308,0.5871177092930318,0.5991922226185677,0.608110935101897,0.6279223936391717,0.6668511615491758,0.7030645424842924,0.7079410469565571,0.6806375834956981,0.6432079438983067,0.6170813971081911,0.6119779852142929,0.6240836327384713,0.6401600470348985,0.6474476739080395,0.6371747883708389,0.6109526501132132,0.5903795671587161,0.5939601532282959,0.6097646889700705,0.6154879641243622,0.6047756038111298,0.5827713079425643,0.5578171648950687,0.5417785344573197,0.5411365344168392,0.5461898316778849,0.5459974655050295,0.543218361591691,0.5374665620805135,0.5171524893206774,0.48027542146518887,0.44527482152065984,0.4364895291804525,0.4586807488143982,0.48492599429777195,0.4829007227249542,0.4500448353264582,0.4108986473661019,0.3874670224626886,0.37746223114122646,0.3630390349034087,0.33846664181289654,0.31632750338108834,0.30895015651535607,0.3159623806793336,0.3257455213442546,0.3258182935662297,0.31288964261078434,0.2930968214376568,0.27896320774706784,0.2812878311199103,0.296093335192649,0.30295220425231695,0.2811844811769514,0.23716204845928318,0.2068159673005046,0.2101486159180354,0.2280751193335257,0.24037514534997348,0.2478160045324933,0.2521195386575426,0.2485003958480721,0.23647157184745665,0.22136307450140907,0.20893148343776075,,,,,,,,,,,,,,,,,,,,,,,,,,,,,,,,,,,,,,,,,,,,,,,,,,,,,,,,,,,,,,,,,,,,,,,,,,,,,,,,,,,,,,,,,,,,,,,,,,,,,,,,,
258,,,,,,,,,,,,,,,,,,,,,,,,,,,,,,,0.20226506007005102,0.21775489681582752,0.24141688522479712,0.2607117848576606,0.2568957989594486,0.21569727364797947,,,,,,,,,,,,,,0.20402917792953262,,,,,,,,,,,,,,,,,,,,,,,,,,,,,,,,,,,,,,,,,,,,,,,,0.20245199168760022,0.21389137235830616,0.23328239217560226,0.250922940620812,0.2581462936084263,0.25316926662605277,0.2372855558420801,0.2226032322094607,0.22496817283089984,0.2409165751454802,0.25324374601623345,0.2576023815626367,0.2623367854408118,0.2701298317517794,0.2757324406327596,0.27453777050840955,0.26726814109721597,0.2632178728438738,0.2805562798183573,0.32199306603942524,0.35914946704334644,0.3696564097946728,0.36328626618575804,0.3558940516034827,0.35121015688744517,0.3518642856517123,0.36232699158980475,0.37894889984252034,0.3892930357088284,0.3896652294614912,0.39430345211058915,0.4114985461873861,0.4289627824430047,0.4359290820076773,0.4387592205498038,0.44657401497955035,0.45861889678191536,0.47166447452775784,0.4861983173414506,0.5020847039068372,0.5135793490992222,0.5133568001920228,0.5058439000682289,0.5079870886122577,0.5273057679705117,0.5504478486201121,0.5617048665263273,0.5625061412201566,0.5651114981721315,0.5724595108702007,0.5771593758058764,0.5788544997683551,0.5855857329877263,0.5979997258243831,0.6067743413218937,0.6095927407845778,0.6218304357805695,0.6529736817604016,0.6816100283816713,0.6796040802957051,0.6461713092474504,0.6018997699417006,0.5682732760339502,0.5598262707524975,0.5771885313002532,0.6055567682707741,0.6276132018667739,0.6301660149923465,0.6120057253238241,0.5946316553728556,0.5969777321693615,0.6083626982320427,0.610802501194742,0.6024780116751323,0.5892071504115485,0.5747312249467629,0.5633608669702844,0.5595000141818418,0.5599429195208927,0.5589020254753121,0.5578250406396765,0.5548230247070784,0.5398416101851901,0.5123567822304935,0.48746979521229267,0.481687893570918,0.49686955673359456,0.5130056363034863,0.5046318220835513,0.46915312011456195,0.42943428665504413,0.4073011204746594,0.3982436050614434,0.3822054520537743,0.35921307221220544,0.34824871342196106,0.35274457612900334,0.3581191375657307,0.3542436805460609,0.34098693401658187,0.32232515155450786,0.304492993486201,0.29697852276044706,0.3039782417225425,0.3154179869314671,0.3155845700846524,0.2930542572113704,0.2519616253161662,0.22170504530233856,0.22586250026836524,0.25051648316106917,0.2700889866186932,0.27935451893859276,0.2845966588150237,0.28506978488512924,0.27417224710493304,0.2537106857071819,0.23827412709794457,0.23420145436759296,0.22651709758460833,0.20685405308611446,,,,,,,,,,0.21600212038542776,0.22274222794494056,0.21276141151182398,,,,,,,,,,,,,,,,,,,,,,,,,,,,,,,,,,,,,,,,,,,,,,,,,,,,,,,,,,,,,,,,,,,,,,,,,,,,,,,,,,,,,,,,,,
263,,,,,,,,,,,,,,,,,,,,,,,,,,,,,0.20827904961208926,0.21578820562455123,0.21882713067704224,0.2307580875263912,0.2501692808952825,0.2640858799321704,0.2539375992197082,0.20686382267718637,,,,,,,,,,,,,0.2229629428534411,0.2298849085865834,0.21175592728660939,,,,,,,,,,,,,,,,,,,,,,,,,,,,,,,,,,,,,,,,,,,,,,,0.21325299769629857,0.2401042787074353,0.26587952884128885,0.28651548484626277,0.29815859104960823,0.29580556979475925,0.2759523858980244,0.2549183733476053,0.25600330736590904,0.27470350074540906,0.2889685618134096,0.29384151110963885,0.29879873447507643,0.306704065366575,0.3132842423653591,0.3136088204866052,0.30517295653461607,0.29487634292483683,0.3002393723254364,0.32670917362855484,0.35420434902540354,0.3681139318547309,0.3759019230867534,0.3806041772249493,0.3771964264265667,0.3734343028209085,0.3831307966007392,0.40471478213127743,0.4204111115738022,0.4214686865713184,0.4225920662180977,0.4358516575140652,0.45364204775881556,0.46818871181855426,0.48070098892495755,0.4906825171322742,0.4955350789763543,0.4997753080946069,0.5125156421409349,0.5335314241656126,0.5484679290384049,0.544745747096159,0.5309955949449267,0.5302079372043563,0.5501661904895082,0.5749662891425414,0.5892826241638446,0.5953149748322479,0.6022723699186694,0.6095872906826755,0.6096191034025595,0.6040948719978537,0.6042060733471157,0.6122334310720903,0.6165153249002489,0.6121759485126228,0.6154051581136173,0.6371421916194779,0.6563263771692777,0.6453791253979866,0.6033525979431376,0.5502844343181853,0.5103396604069695,0.5026847061221358,0.5289733450870213,0.5716274798693977,0.6092057958236823,0.6232761804217515,0.6103538954014057,0.595166915518617,0.5989627050847217,0.6092919026021839,0.6082256055297834,0.5986577354119333,0.5911954491925624,0.5882983409729825,0.5857382187767783,0.581497091877424,0.5778329635061891,0.5776796602060562,0.5817115850629133,0.5839251996554397,0.5758599046528275,0.5588652671805818,0.5434715889927135,0.5383846002371333,0.5433746136054013,0.5463217248698281,0.5310065162658145,0.49585729005372203,0.45912766985374387,0.43837111790102334,0.4277756705100316,0.4105708700915116,0.39208588783631326,0.3914203294792636,0.4043008248177654,0.4087465780754077,0.3960443421834951,0.3739739449353463,0.3532943103128082,0.3400780150102545,0.33543026109525437,0.33520118773455565,0.33224716816516286,0.3227935646101848,0.30117656868227005,0.2642003623191209,0.2335016871426978,0.2372573576233567,0.26885301649350507,0.29699461651204173,0.30680560733109175,0.3069269407463522,0.3036942285368802,0.29181630604137926,0.2745559379316374,0.2704901330419487,0.2820252673117225,0.2822432127973482,0.25803149405699694,0.23067946676741755,0.21855800195666503,0.21339788887218472,0.200203502088129,,,,0.2118857907036146,0.22707157637622255,0.24175054066372767,0.24817411796467073,0.2392590273525176,0.21896141076930065,,,,,0.2028975402602399,0.21224786445892563,0.20946433521519014,0.2079330329115079,0.21427364427548157,0.2154746929946163,0.20070435558439803,,,,,,,,,,,,,,,,,,,,,,,,,,,,,,,,,,,,,,,,,,,,,,,,,,,,,,,,,,,,,,,,,,,0.21330774634929472,0.22094541861506412,0.200357197541597,,,,,,,,,
268,,,,,,,,,,,,,,,,,,0.20667375598765003,0.21594761374576005,0.20718517790302898,,,,,,,,0.2150142463654688,0.2305392468695445,0.22428671511159226,0.21308583109869095,0.21222700761547814,0.22309654776077845,0.23388901101387255,0.223540206895265,,,,,,,,,,,,0.21952613605991372,0.2469122551616738,0.2650685666387547,0.2636375986681372,0.2448149699407848,0.21422582337652174,,,,,,,,,,,,,,,,,,,,,,,,,,,,,,,,,,,,,,,0.21800633215086077,0.21988188127916874,,,,,,0.21904626587212822,0.25416458256478025,0.283721160757214,0.30389231738720096,0.3145914912227601,0.3142306641052685,0.298617362029854,0.2805605032426179,0.27921995076338,0.2901745468069269,0.2980228682687977,0.3020058713797172,0.3090289895945204,0.32028530539681777,0.3341368222167034,0.34613952147745264,0.3479445250150023,0.33811730234826365,0.32923054983269284,0.33147935382694393,0.3394728680599183,0.3517504108580213,0.3754158182151489,0.3994882010543922,0.4055085579052613,0.4011912616549377,0.4092535798873417,0.43424488879005996,0.45764417782281663,0.46586798470086194,0.46847954229853134,0.4772692122862997,0.4900858201877366,0.5028189565515051,0.5143074186521345,0.5222308541260585,0.5253618742730206,0.5285179399085319,0.541504274997407,0.5645461227584264,0.5811668863459871,0.5787725965391854,0.5677968249705672,0.5697339927413931,0.5895241146813116,0.6121290479620616,0.6265006493503668,0.6361103715981011,0.6458495639472441,0.6515345246012383,0.6461762538838367,0.6334253971763477,0.6267346319138781,0.6307452348577232,0.6328694972911515,0.6253233929238536,0.622900650144547,0.6354788982097324,0.6414238411674904,0.6147271833552191,0.5563707489217695,0.48898621949462917,0.4424764291801935,0.4395045304527067,0.4779732665632247,0.5355399435060205,0.5879468450481586,0.612879183196763,0.6058400385513045,0.5956426449374544,0.6054734361466031,0.6192562889277218,0.6162678248401173,0.6027696161506041,0.5960676259045701,0.6016183160346829,0.6098347571508729,0.6099873779306523,0.6043084699073006,0.6030020470513726,0.6088232273034639,0.6141724725161759,0.6126581109966962,0.6057528422783754,0.598041742943842,0.5930123339760197,0.591222720220177,0.5866127589538599,0.5685991733916276,0.5353388698567386,0.5008142703909378,0.4787493271913445,0.46418719973473777,0.44650542229396145,0.43296802421326486,0.43684585888556715,0.45060161968155454,0.45417806260851334,0.4399605362883222,0.41719503502394073,0.4001488185972001,0.3932081776536158,0.3873769544539275,0.37360127600566384,0.3547033475801178,0.33800935592372183,0.31706482865770874,0.2811713023009368,0.24693025930389662,0.24524942373991832,0.2762277407925128,0.3089224619076655,0.3226129125935119,0.32216236611735916,0.3157929193193073,0.3045681499064565,0.2971128742312499,0.3087924261168775,0.33138812664784373,0.3323205040660703,0.3019330936234268,0.2658417411816206,0.24425267983648424,0.2316705059838249,0.21847357605249168,0.21217893442373204,0.224242430201874,0.2460735520721001,0.25886705415539357,0.25960700342351883,0.2595192745982805,0.2617789345399557,0.2576179189925015,0.24072768962533864,0.21359186753575998,,,0.20547925304862347,0.23247601532496165,0.2499386994953467,0.2563276415736856,0.2599680299532904,0.2637599554979763,0.25766158451176835,0.23826283042642193,0.21888579691876295,0.2083659538814074,0.20080947823250545,,,,,,,,,,,,,0.2053450486109403,0.21451859665172393,,,,,,,,,,,,,,,,,,,,,0.20111274483578057,0.22504384400419408,0.23125957426749078,0.21173176022671908,,,,,,,,,,,,,,,,,,,,,,,,,,0.2229076753415664,0.24032493118172504,0.2285404890955409,0.20629577982284517,0.2010624389017837,0.21215693143743888,0.20934105077029277,,,,,
273,,,,,,,0.21502805647540257,0.24637932405649804,0.2668761555270962,0.2712570202576876,0.2640020353679525,0.24866485245776607,0.2242437289186901,,,,0.22228514864388177,0.24344758188042093,0.24792434882799302,0.2283293341701379,,,,,,,,0.23769864263971538,0.24447293143904286,0.22231509878026562,,,,,,,,,,,,,,,0.22359241285816617,0.24884579447272137,0.2749405578099041,0.2963938438680865,0.30607181638941194,0.3024033670445599,0.2860887467708082,0.2589755645112087,0.22194133416607104,,,,,,,,,,,,,,,,0.2050387561547306,0.20529948595545766,0.20008218209063194,,,,,,,,,0.20828192094158554,0.20958472675156914,,,,,,,,,0.22522783987848313,0.2588541249887324,0.2640590091967096,0.23245070298830758,,,,,0.22499042513318313,0.2581204064990885,0.28598458999383036,0.30299504875102706,0.3114897771287894,0.3142937101504394,0.30692660379616665,0.2945001174005377,0.28817327357249906,0.28678590782536717,0.2869145704955395,0.29279634406071686,0.30559324554338996,0.32165088744660375,0.3428660919345987,0.36884157986681065,0.38559588162253144,0.3810517193880737,0.36356216013248677,0.34895044408653497,0.34270714493435656,0.3518812906032195,0.3842793620337339,0.4221985005853005,0.43874702085227213,0.4380447814300424,0.44500641939488517,0.46877627164858837,0.49552981562465404,0.5117678160500789,0.5197893053767153,0.5261306746134904,0.5320712595399524,0.5373151601165552,0.5405222379662955,0.5426916814930286,0.5474550974805302,0.5563134004789909,0.5718515631243981,0.5920358995472591,0.6039335776209376,0.6009700680904839,0.595083741950678,0.6024235038345165,0.6236359157405575,0.6454660269375883,0.6604675879129099,0.6718372222780331,0.6807593664656564,0.6820476913702944,0.6722039937735511,0.6571158130655982,0.6493871096008694,0.6537245106009089,0.6579603020331415,0.6525646498488493,0.6486813714390418,0.6522526417943116,0.6406293103325136,0.5910047819507969,0.5090385995447184,0.42177537581508195,0.36457484334606993,0.3636645629471461,0.41425028877691794,0.4888567114023775,0.5591078434079657,0.5988998003099333,0.60259431665571,0.6009048677192642,0.6183338586828797,0.6380392115198836,0.6376825960438323,0.6233577805159374,0.6151899292523519,0.6231631047045809,0.6386671456992103,0.6452928170826537,0.6398260232295162,0.633700240201506,0.6339852106729398,0.6369194404109195,0.6389015880853558,0.6392837535011292,0.6365613787259412,0.6319684921450024,0.6290381913237637,0.6249053549910883,0.609141930545777,0.5775007454442087,0.5424351710539834,0.5184800391468123,0.5030275515683278,0.4874203199891306,0.4757953432334495,0.47656722376385974,0.48561378346791073,0.48933670797336604,0.4793548744254488,0.4618305180087299,0.45092453619596434,0.4488435474723153,0.4408185086428402,0.4180837422048765,0.3923754976530124,0.375181306212619,0.35558651175359773,0.31939149128061406,0.2813985298219633,0.2700732469381237,0.2873051306380928,0.31068984311419345,0.3260974693085591,0.33386948673557626,0.3350559133546184,0.3321634375619825,0.3356511343662838,0.35350747915487957,0.37176843682128924,0.36466935568415737,0.3296154217577523,0.2897919541262043,0.2631555832306154,0.24737748379000388,0.23743124353050055,0.24178903299435606,0.2653537080924342,0.29124822259927824,0.298381702085334,0.2873555158112101,0.2763357310078148,0.27533252146919474,0.27615371504929825,0.26515839881880904,0.23891192472454964,0.21170662206687824,0.20553632089831142,0.22400554771180525,0.24791935687179661,0.2627790074491573,0.27169408840284315,0.2814548401244633,0.2885648634096205,0.2838275772461983,0.2700326272588686,0.25894211840779835,0.25324842222282407,0.24810851299702918,0.2403405746834665,0.2279783949736396,0.21362889646420902,0.20680684440612562,0.2113768154304539,0.22051077740698138,0.22655029252602926,0.22452930934860987,0.21347919354402173,0.2022214020549758,0.20354132553862203,0.21885322577575086,0.23670488113758797,0.24191710894291527,0.22449318077435648,,,,,,,,0.20101685187614476,0.20298097729328513,,,,,0.20258378054780407,0.20955679497548857,0.202837156785021,,,0.2066993139708577,0.22931578170400074,0.25997016042867466,0.2731759504906967,0.2558220916907802,0.22546733239619599,0.20115240309505386,,,,,,0.2006600006460584,0.21029288803682789,0.20446990574534132,,,,,,,,,,,,,,,,0.22335614914729465,0.2431298830250593,0.2412052732639593,0.22806061758901341,0.22880811706249282,0.24484898681475484,0.24440334375188938,0.20893301102516557,,,,0.2089621678345187
278,,,,,0.20220818230518722,0.22411079188992097,0.261707888533591,0.3049283999999466,0.33308481039605387,0.33392341725878083,0.31381103723447107,0.28753086961524243,0.26180705195957704,0.23915232454233037,0.22924502658076118,0.23983247127879215,0.2630228501441331,0.27904254337505446,0.2729248140225514,0.24439644166982286,0.20661028820038838,,,,,,0.20651544300793492,0.2485343470783602,0.25301306868930074,0.2232661665118299,,,,,,,,,,,,,,0.21852839930416834,0.25547880466230455,0.2824275673515847,0.303160901957652,0.31683463262810574,0.32493792383674125,0.32664854089302764,0.31634094311714733,0.2949937535218714,0.2654815544741848,0.2249544877321814,,,,,,0.2111606931332549,0.22190891314323202,0.21554572271775407,0.2029137329475735,,,,,0.20957294292514939,0.23637298758940667,0.2429587013302224,0.23938766099370618,0.23352955847773266,0.2230790285873888,0.20999010776734373,0.20453436730798513,0.2078318147842104,0.20768887640195896,0.2058385765305155,0.21941765518871748,0.2424629409704972,0.24869403580033175,0.23742958411093396,0.2290879896921384,0.2214207951507482,,,,,0.20973586296921604,0.2596965614332685,0.302306449438158,0.310350490752931,0.27747176938967244,0.23020572166772052,0.20263743512460258,0.20250763502543542,0.21786984060939799,0.24008175786696673,0.2645995196782752,0.28455586368954483,0.2951607224714927,0.30105045599081176,0.30643537828749134,0.30618693704591915,0.299996620457362,0.2935624637681155,0.28937893619114274,0.291662162191846,0.3047999720755546,0.32306544970132484,0.3385174043013859,0.358331212018162,0.3896179299169801,0.41610716920371216,0.41791038795692237,0.40105655829164577,0.3845294703741272,0.3768682237900094,0.385032985015869,0.4152886897470438,0.45150873566843164,0.46955841790685293,0.4719586984638645,0.47982451049382757,0.5026579505721123,0.5316443503429493,0.5548650312238717,0.5687102372045842,0.574644957338482,0.575704619629705,0.5743569232206288,0.5698427045276987,0.5663302116926257,0.5719392519191414,0.5859825224867884,0.6030107156577438,0.6173658065114163,0.6212164332654816,0.6151243120417587,0.6121240090533768,0.6232380860647002,0.64548072800489,0.6672343922437565,0.6827558531617068,0.6936588230758509,0.6990590846531428,0.6954447508083673,0.6844231271406103,0.6736563963380784,0.6715383760848433,0.6792185232629084,0.6854887074402383,0.6816814549764858,0.6755161767060376,0.6678269461730171,0.6344477994112763,0.5570114741715997,0.44927760998810884,0.34360745018411004,0.276066965693256,0.27389265276013175,0.3339669764329976,0.4274039226221721,0.521354649251027,0.5843799019756001,0.6060884770114547,0.6148812121169145,0.6376159597028799,0.6625432516817426,0.6689448728054097,0.6592738617271464,0.6504317077107888,0.6552995437515656,0.6708249851210407,0.6804512684422761,0.6753173739142793,0.6642676982191735,0.6582968314295051,0.6584199980939209,0.661723722481964,0.6644657521880328,0.6622123701109697,0.6569914816700485,0.654860399026038,0.6535821896185173,0.6412153315565072,0.6115677146284733,0.5771371080328737,0.5548772454210823,0.5435849516178834,0.5321494534388926,0.5201909922505059,0.5152905977863182,0.5187925717206223,0.5223302214789796,0.5170751346919855,0.5058332678383463,0.49940154881321586,0.498615145933747,0.49014133331577026,0.46759171532048815,0.4443695242793617,0.4311979326335789,0.4155622316487986,0.38357755172806557,0.3476321001464925,0.32845155395067777,0.3251867143694473,0.32714676193680264,0.335143396634148,0.34968380915021224,0.3623321937606341,0.3706303355903956,0.38087688491971183,0.3938702298620649,0.39821148752326674,0.38122844696562774,0.3447973288874958,0.30691300551789824,0.2842069639332128,0.2742569940659644,0.2686584799344041,0.27457990204754007,0.29773217715854655,0.3216373537833472,0.3267320735196383,0.31505662725930633,0.30339805222131067,0.3016156157161799,0.3052021861685861,0.30047544228373596,0.27855573376576026,0.2508506310997817,0.24042638142493555,0.2513016788178866,0.2636433581118768,0.2675503371684058,0.2743627612335128,0.289230408020504,0.3008038428716295,0.3018729757422338,0.29939608172968,0.29952739726392824,0.301058308898021,0.30280990314642514,0.29991625100298,0.2828720201532931,0.25540597389998837,0.23740547505124326,0.24006380571331826,0.25579535815384447,0.2709767232927547,0.2767536307001846,0.27241460259278977,0.26309873874831213,0.2559748529824043,0.2557123350374586,0.2600485084136068,0.2600818675272004,0.2487183287330053,0.2291118733897627,0.21332680194820958,0.2125100376055543,0.2236703798690861,0.23117892239235188,0.2294744538186117,0.23239154804400153,0.24529491373904222,0.24924787507100882,0.2352858235745659,0.22108110992053337,0.22363990630257402,0.2416124278279643,0.25855482507429456,0.2570461457892391,0.2388488232926662,0.22282354092678822,0.2184995859154403,0.22470346078500364,0.24612177891063877,0.27783078936373085,0.2944942564205256,0.28258798756348846,0.2579179412871836,0.23906332114729817,0.22488131646033105,0.203233648082844,,,,0.2368792107489684,0.26039289556292594,0.2611437346356257,0.24633903532494497,0.2278327062527609,0.2081837317216363,,,,,,,,,,,,0.2202513068985663,0.2376651215288108,0.25047358326804803,0.2539158027212301,0.24970144253713805,0.25388043090559254,0.26810187583569306,0.2665785062006571,0.234136266587072,,,,0.21793424937763617
283,,0.2028408487948125,0.22702784282306937,0.24079523784593904,0.24621454989979613,0.2625902058434458,0.2989690810320119,0.3407246373051862,0.364026076186437,0.3552795517467098,0.32208725517899206,0.2868974633585077,0.265009056511274,0.2568508638302841,0.2603159455650029,0.275397825466283,0.2947475175236929,0.3002472265807666,0.28130171214481126,0.2487337219635133,0.22117662040581676,0.20712531445847646,,,,,0.2125623722512007,0.25559893700481473,0.26279997142766504,0.23724894625452142,0.20622850667000567,,,,,,,,,,,,0.20104696942496836,0.24963699320523774,0.2832247009275234,0.2979827295360354,0.30413438448137514,0.31071695490962803,0.3215133381448177,0.32870019021461183,0.3227607781558888,0.3087541614258125,0.2908701326367539,0.25937726601220146,0.21371618045035468,,,,0.2099247892757815,0.24365866321460145,0.26377179189797606,0.26346827075965645,0.25087739848073215,0.23883078681734643,0.22591065366829033,0.21056902983247627,0.209858992585805,0.23373975338502273,0.26401561044431565,0.280334118866702,0.2813909198275369,0.272672215577264,0.2561137261057698,0.2372963025394617,0.22768489890064925,0.22973374654941103,0.23176391593111462,0.2300071204440908,0.237166930951609,0.256447717579551,0.27308343331719137,0.2803629622991646,0.282614086288257,0.2729284775616128,0.24478552029105327,0.21499542127325846,0.20379598854608155,0.2143443953890662,0.24595757907189744,0.29390543302653116,0.33484221557255933,0.34204482543123016,0.31423199032424876,0.277871365501138,0.2572054632187838,0.25312780590313405,0.2587213193107022,0.27236003820324517,0.2888409130243521,0.2994494775009484,0.3024341094454595,0.3038844138436109,0.30718867993543597,0.30952995208822043,0.3110150734660745,0.313796013648261,0.31945785229209656,0.33206754079703205,0.35204441394388825,0.3696493013817195,0.3778673044786013,0.38989033382847343,0.4181504695437953,0.4458012371480441,0.45046727406853626,0.438484234233428,0.42972349270568155,0.430443997119786,0.44136963873572443,0.463979569867055,0.4873060127810083,0.4977495793716066,0.5001170838867989,0.5104236831235518,0.536041375643677,0.5694031807526359,0.5975171922927921,0.6139757366851133,0.6195073574849456,0.618270714409883,0.6136797409144347,0.6056108614314811,0.598716997359339,0.6021547932278377,0.6159018068084297,0.6322367365786435,0.6435871814032763,0.6440543309917104,0.6366046563609251,0.6339363454532879,0.6441314742854407,0.6624002991455971,0.6792431868217446,0.6912013860357451,0.6996792619555874,0.7030702771447649,0.6989770446545078,0.6914003368822408,0.6874053099955004,0.6907059011848167,0.6993106810815443,0.7038921638263891,0.697714567598066,0.6858121301481874,0.664209019061349,0.606432063995603,0.49851197282158977,0.3655299152224528,0.24744690847882816,,,0.2432264627187047,0.35519385614945875,0.47667534643138804,0.5694760227127587,0.6136678892963306,0.6324644125996668,0.65762586765415,0.6863883683697669,0.7007026262359304,0.6980593471904858,0.6900316607251038,0.6904836826020473,0.7017498051118631,0.7099560741464117,0.7041627342707873,0.6915869271484001,0.68524118732793,0.6872546745365843,0.6921942213081893,0.6939926961539311,0.6892199457909234,0.682407959455418,0.6799518087437159,0.6784553691759847,0.6665363263468,0.6395383722939125,0.6099599489155505,0.5938087798298588,0.5889786931015824,0.5823515069502924,0.5710458483605936,0.5622024076540905,0.5595441067019142,0.5588494896514228,0.5543867325027975,0.5467554474062394,0.540964569312725,0.5381768322232606,0.5316450352142742,0.5158491886919264,0.49832656017592664,0.48758604803194255,0.47508164116059803,0.45014991296799,0.42159810716610235,0.40204953941825144,0.38747087016614745,0.3735411588674753,0.3701482363114903,0.3809508922239444,0.3955340948891872,0.4083658982831111,0.4198991042111384,0.4246193619938592,0.41481756752834176,0.3883630154717088,0.3508302821046372,0.3193122434565222,0.31028548174045295,0.315525183977804,0.3160650226974256,0.31560078772178957,0.3272277968172358,0.3444143680121765,0.3518310010717298,0.34751991198595283,0.3397700351770098,0.33625224820194927,0.3401917612204097,0.3432795649659667,0.33153957324139616,0.30816971315216474,0.29293106922792767,0.29142949300022103,0.2880883086789834,0.2801748934340409,0.2847920238617694,0.3024475751249711,0.3153979736254045,0.3217908483941583,0.33161367274690245,0.34196548235149515,0.34798730805750855,0.3535214301383148,0.3519358939663445,0.3273154202465952,0.2853773562172185,0.25569069521145094,0.2573004972565889,0.2822273811140512,0.30913340561036834,0.3236302360482364,0.325238475526784,0.31678763406284116,0.3010911109109743,0.2858357853656782,0.27771013984493814,0.2752584989223198,0.27308621001095634,0.26726963251777147,0.25845797146761684,0.2536428553553006,0.2560470617412548,0.25940350208792545,0.2622034386707309,0.27300513685690597,0.2892149429389754,0.2910453814628441,0.2751267509457792,0.2644606051832834,0.27533849298691127,0.29906943760962645,0.31361710705469087,0.30469522237325325,0.2792627054200363,0.2562268467387538,0.24483569566484503,0.24535624444344595,0.2624025030730493,0.29127505108897034,0.3081147469075489,0.3001211495647162,0.2827280953194775,0.2733595145062433,0.2687386241477379,0.25186070159929763,0.22067065714344603,0.20361345626383032,0.2240182333547947,0.2657538659758724,0.2986506100921412,0.3095954510352474,0.29762079041823924,0.26636171007534437,0.22514427622918695,,,,,,,,,0.20792659483814374,0.22745950832272777,0.2523646159769861,0.2699620269864005,0.2739920838205864,0.2740959110915988,0.27521590991123135,0.2752379564341819,0.27867165590469717,0.28429742973209043,0.27940483409368433,0.2606388888001213,0.2398576722101746,0.2299054289095832,0.23608446410735734,0.24868050423297483
288,0.2516673105729914,0.26977014334174026,0.290301236960672,0.2964187521405645,0.29318661590297534,0.3027938309590896,0.33117943422590873,0.35973331249234286,0.3682950182911793,0.34965882424730543,0.31124464910668315,0.27391948915313186,0.25690082060289526,0.26018186699314055,0.27220788985051686,0.28752802363557567,0.30073963404113246,0.29602545705261396,0.2682205183108136,0.23865545459780868,0.22887906395107877,0.2354168539335063,0.23622530464283276,0.21582135095586147,,,0.23019965483793975,0.2709037401365459,0.2855518893302011,0.2736659925092185,0.25558048039297515,0.24890530478765316,0.2522294009495147,0.2500330194998567,0.23141280583637178,0.20262826370219625,,,0.21408859183916534,0.21528122071949196,0.20056211728883855,0.2026268491360942,0.2357787380022493,0.27781953446607405,0.30050067991513163,0.3013820314067207,0.2981974520256656,0.30536761267962176,0.32063739876587527,0.3277561759375345,0.3202384216491334,0.31081024063772306,0.3029886863979945,0.2805827311219574,0.2393245436473463,0.2006368892032017,,,0.22974822975393722,0.26219986141337115,0.28582499852333865,0.2930009258805525,0.2878283210226315,0.2802317990227686,0.26894338917359634,0.2520007646676615,0.24658385715864026,0.26870567069496415,0.30325121831537116,0.32202867674466096,0.3169114634490145,0.2964672305731586,0.26970140300927964,0.2474525402695776,0.24275330176748763,0.2548985140611063,0.26453201596105125,0.259012625238457,0.25068081190064256,0.25668378268086234,0.2768238655769941,0.3006591712386033,0.31556138311220316,0.30737069853921994,0.276870123256983,0.24756776209601838,0.23895754925315654,0.25039793048883247,0.27818767410860346,0.31722658045394325,0.3478558750513093,0.3510293211154156,0.3318138453648777,0.3131904453721588,0.30732865852971064,0.307620418055632,0.31138283136288963,0.3227366738765389,0.3355963142061562,0.3406800629115184,0.338754527541815,0.3344118063210948,0.3294780775678265,0.3274809094040362,0.33388227502198237,0.3476757840588701,0.36490675848340687,0.38540154268149607,0.4067362432237549,0.42003401723826006,0.4219968212980604,0.42812839664904445,0.45115677289157846,0.4747625392457603,0.47827565649722537,0.4698430220326222,0.46978336064177967,0.4815271080517133,0.4990826805432962,0.5184485282475301,0.5319596755196451,0.5349463849226016,0.5350237732324923,0.5446724778571606,0.5698261276653047,0.6032640888868633,0.6307801206188799,0.6458906285604251,0.6511065365804922,0.6507587173725785,0.6473436642675028,0.6404061320079631,0.6324651139758132,0.6311649046135599,0.6400548407828355,0.655542560698251,0.6698922708505461,0.6740329219377255,0.6677874034765692,0.6629706438131959,0.6678258039785152,0.677955889639956,0.6861671489837181,0.6918647654452639,0.697761872148782,0.7024833395444053,0.7031934189043652,0.7016104236739793,0.700622130017953,0.7016918470545004,0.7050734404360584,0.7048519345957827,0.6944632687362425,0.6761461898268428,0.6422512154951951,0.5629124172542317,0.425991041043675,0.26770724426854653,,,,,0.27596664046864483,0.4252400823808819,0.5487492268978207,0.6143295984213712,0.6403220158769496,0.6662271362993643,0.6984234023957356,0.7198169996752155,0.7241756025045605,0.7200262829297559,0.7202514993625102,0.7286396974021883,0.733904454585323,0.7264646471507306,0.7141057328885505,0.710753080393647,0.717642693185912,0.7261454118114774,0.7285483228603356,0.7226893737314739,0.7144172970885503,0.7095072238589422,0.7039717349641987,0.6891787024438012,0.6647598497061116,0.6430867259521272,0.6355640421678479,0.6368792799668677,0.6333323820023407,0.6213670523058609,0.6073620900701142,0.5964069046130385,0.5886651278013635,0.5818535481142761,0.5740725310652598,0.5655218414645327,0.5592334628453128,0.5552506153549503,0.5477443832915341,0.5360592549632475,0.5249805572308143,0.5106896212298567,0.4877200197533438,0.46505157990591117,0.4527357817303308,0.4446778734855689,0.4336177165008914,0.4258154055884145,0.4265572617900484,0.43278002014664474,0.4433242730612253,0.45469385067488155,0.45420811599602845,0.43346712622019024,0.3969214913581201,0.35682434735026286,0.33301559617902465,0.33881535774784854,0.3577909562392574,0.3627406390986847,0.3546613940536717,0.35343867898884573,0.3636476254939063,0.3738736176584372,0.37598830000042205,0.3699194646202266,0.3626677687983756,0.3650340361659077,0.3755513417111853,0.37783135526983946,0.3647242228973292,0.34878029523111354,0.3383936187797947,0.32531719263029457,0.31044164710200395,0.30991791061720253,0.3215898060966105,0.32892906515681014,0.33702800366335606,0.3566207645525066,0.3761672762176622,0.3858836704396823,0.3902944001430418,0.3830759128913338,0.3505563936982281,0.30224780959015785,0.2693902671350159,0.2722763759037624,0.3024246294660595,0.3341589110514662,0.35055216525257826,0.3528831530401414,0.34463826114763446,0.32638545735502644,0.30522525830414143,0.2909245457012881,0.28713549974421304,0.29071503320564407,0.2920683409315905,0.283533908126021,0.2716463198081024,0.26743755531214203,0.27213457312194544,0.28430286639897306,0.30507181674720013,0.3245470660801508,0.3240947782030166,0.3076929004176635,0.3014130656486088,0.31729491811189703,0.34278885820304467,0.3568047534807838,0.3481129590736737,0.32358457677875435,0.29827825327289065,0.2810936189776296,0.2755043808066288,0.28752365348015174,0.31396831826987737,0.3322488704162893,0.32767900244047354,0.314183603134754,0.3095112335653646,0.3094245254330939,0.29597071399142466,0.26611427858752956,0.24537607060776928,0.2572762702138456,0.2930334111426456,0.3296394620091361,0.3498266632738471,0.33930646173533974,0.2952962001702551,0.23627201021444202,,,,0.20459176308885135,0.2169497488869061,0.22330189276714232,0.23252333493929683,0.24398883906217556,0.25636524802086885,0.27641499681018833,0.3039479863624067,0.32256737354484705,0.32216609120017353,0.31447864584242213,0.30979482753835885,0.3060728959525416,0.3015202456925062,0.2944708418402531,0.28709446422686413,0.28800559471798476,0.29636640375460643,0.3007839459534618,0.2981785498579319,0.2950981378135696
293,0.28892354591207725,0.3081665268791841,0.3288032013416875,0.33538854713635685,0.3346288358137605,0.34429763104960986,0.363090485191127,0.3723327577510047,0.36287774824318564,0.339050131016568,0.3064488675391888,0.2759556393710505,0.26348268577106104,0.26860201221912877,0.2756965467366638,0.27960809441240597,0.2808320749663755,0.26856063089815224,0.24083428569903223,0.2208524624317179,0.22855835724605075,0.25465664698822266,0.2718100930382007,0.2630644890601764,0.24248174730749497,0.24046627492205686,0.26700133036712265,0.30368041009246394,0.3280175432817488,0.33276328810570077,0.326299166122758,0.32216954223277916,0.3249459325548664,0.32464094966047297,0.30910837904302735,0.27989895314832536,0.2543285163094602,0.2487459753206271,0.25587863562490926,0.2541955860133163,0.24213921310097564,0.24072649823550513,0.2613455771803392,0.2879556073248347,0.29829867285342576,0.29341522432901745,0.2932893069642891,0.3098129623841219,0.3318452712518979,0.3387208781293417,0.32977043655685545,0.3229791655826231,0.3208864058930042,0.3047648495443115,0.2679276976930042,0.23009713475697088,0.21347368492991523,0.2219835494532591,0.24419648098998697,0.26845925997093667,0.28913771844186137,0.30260268085922404,0.30919978727974096,0.31007119539752737,0.30081812805559127,0.2843663084293128,0.28275523416649667,0.3115384555067958,0.34889778204802235,0.35905255837249417,0.3362846210368574,0.3005986047647094,0.26878988624637656,0.251994447842277,0.26084956428736306,0.28902701040453654,0.3066808274936873,0.29348216084900236,0.26517288085996193,0.251212645594545,0.26372237687289174,0.29412896861136284,0.3196750621348725,0.3187344915156506,0.2936194017856317,0.26868128766599564,0.2619850061227499,0.27294519007992457,0.2966671902844119,0.3261183850721986,0.345585535274987,0.3454995749302159,0.3358354852314519,0.3339299650738796,0.3430325287928593,0.35292727114511835,0.36161225296198235,0.37418967117106916,0.38600365618708843,0.39011841522949525,0.3872055954766271,0.37749419058882394,0.36192964985600573,0.35167552874451113,0.35823522437480154,0.37821006356295317,0.4016115590910728,0.4238660717107213,0.44326520221534393,0.4552615034217172,0.45748598408064167,0.461065805600834,0.4769459955193251,0.49354341965877524,0.494885313294441,0.489225810239356,0.4954111489860032,0.5158378726503123,0.5417142473114942,0.5650450115629588,0.5776461186597984,0.5780391195493897,0.5750339225536812,0.5790202541011502,0.5959408466372159,0.6215993005993083,0.6434933020074011,0.6554225055192038,0.6607604443397136,0.6638452291966668,0.6660889771007459,0.6652472302846786,0.6596138896092334,0.6544891402732764,0.658430089038886,0.6740568413350083,0.6933591302434758,0.7023029592296223,0.696681514901425,0.6881323189584965,0.6870805461031722,0.6910251357129928,0.6940861572246987,0.6962509882161032,0.700218482791892,0.7055434193080321,0.70998179032648,0.7118261112309786,0.7084106791121298,0.7010219310044371,0.6953530260182443,0.6884212077788328,0.6725146393933042,0.6491773846801066,0.6090281243308658,0.5166441848595025,0.35746566334936436,,,,,,,0.3682244436780338,0.5183492571454555,0.6011092716745834,0.630947606241972,0.6563653976407466,0.6912781379452413,0.7179694758134201,0.7292252642339001,0.7335541528256987,0.7400376021619376,0.7489296586074479,0.7508236796486107,0.7399785478000189,0.7260622349164197,0.7235611399347512,0.733589674274803,0.7463229941173948,0.7528932368154977,0.749671296872835,0.7401198840721573,0.7296585575333403,0.7174483900360991,0.6995567451988449,0.6788811790237589,0.666057700218251,0.6669568353839448,0.6729750620057856,0.6700057486016856,0.6540727084217122,0.6322428650844323,0.6129332904488629,0.5992393274238972,0.5879231142908024,0.5751680625721656,0.5621171163745896,0.5538383199371771,0.5522083460354352,0.551093584848393,0.5449881074064382,0.5342255755355944,0.5161261449516403,0.48987841984644404,0.4686136596584499,0.46476513105622574,0.4719725381030625,0.4766689295200348,0.4746911573315533,0.4690183582324692,0.46610398004730824,0.473193920286406,0.48541534482083726,0.4836572446645133,0.4568522674311467,0.4144841097931723,0.3759035135759081,0.3600521046807046,0.3720695990037039,0.3916780552394664,0.39390083597928865,0.38009941233690736,0.37052017668552095,0.37416541421832483,0.38278460115396634,0.3865828058413606,0.3820031022614396,0.3739334757539139,0.3741421298686246,0.38694133571589834,0.39966251421333693,0.3984071629184005,0.3875890456224843,0.37789099374240015,0.36695643612887296,0.35246657639030265,0.3433371007523684,0.339742610431482,0.3352976238839236,0.3412845156731451,0.3663452108903459,0.39372222323169026,0.40794825939749324,0.40804867556997226,0.39057807815801887,0.353935834972521,0.312354567094138,0.2884717090550284,0.29481375387597575,0.3225073004816551,0.34807179331082283,0.35705897858391283,0.35408021468312934,0.34617091430171476,0.33313823779483365,0.31594749040732073,0.2999648840453935,0.29254148753788495,0.29689776186578815,0.30283429013262675,0.2971862231168867,0.2841191433522128,0.2778139564684662,0.28397670883527604,0.30155158636573587,0.3281482334954984,0.35061335319211895,0.35019837314002494,0.3334714703391443,0.32765418426780035,0.34323797683228696,0.36827028049761357,0.38462081194533876,0.38141098884047175,0.36192945153250816,0.33766769905958494,0.3179146732559992,0.3077360388286718,0.31393376545215085,0.3370432275863577,0.35885854124906014,0.36244897129154835,0.35498785016671747,0.35031943543238586,0.34489513696006435,0.3275074760313573,0.30203794649358556,0.2868347227972554,0.2928469259026667,0.3168028625017626,0.3504580352579376,0.3743463791307561,0.3610277026997151,0.30704033494266814,0.2413357086501849,,,0.21625631969280096,0.24455325920917015,0.2645674016123773,0.27983611095505007,0.29270195910924934,0.29856654752422884,0.30132845281027426,0.3132678439619827,0.3360658198017062,0.3546810091000844,0.3580473730170184,0.3535012658123865,0.34765574702847774,0.33692351255724395,0.32005374089090166,0.3023220697942535,0.29733329695848054,0.31521623335706295,0.3417014413598398,0.3518805241776042,0.3413863976788234,0.32768542432959624
298,0.28557797058325285,0.30306155499039616,0.3247471402136705,0.3418955753574077,0.35815889506040866,0.3772595099402868,0.3890115177818007,0.38038505295065855,0.3557903333701383,0.3299094034014521,0.3069949414640306,0.28721666309130833,0.27899145226473276,0.2807635281910423,0.27719276219526084,0.26542242749713163,0.25216413859363057,0.2350800030908991,0.2149539130647732,0.20742919899120257,0.22591482265764856,0.26390120338148015,0.29815931435974036,0.3089562250012725,0.3017078980210164,0.29983195676779706,0.3166796105264884,0.3462615271531434,0.3742245842281223,0.3888902180317002,0.3882957678975932,0.38123196158484085,0.3768084167188004,0.37297604708469967,0.3611674685361448,0.33834278252237415,0.31315963138448155,0.29968722663994213,0.2986179693799381,0.29577938546523275,0.2846197866377827,0.275283960349168,0.27788460512413427,0.2859350095501448,0.2859869693292122,0.280044753763226,0.2850552964206139,0.3097424511423196,0.33957935482948265,0.3536938246988325,0.35265043482918706,0.3519134982871161,0.3532953990156411,0.341702671316849,0.3101272860573377,0.2735436884029738,0.25265421615419853,0.2536031822768189,0.26563138559550126,0.2769187850939683,0.2867256594910385,0.2986510394768155,0.31203987843204795,0.3198875521828778,0.31478251249698186,0.303815284524913,0.310620812576609,0.345399175208163,0.3792584345804684,0.37499084772526436,0.3353807959610637,0.293565167128245,0.2710590123580584,0.2714431346916644,0.2955756175276819,0.331773360940127,0.3472768711158148,0.3222435968739217,0.27782450108581563,0.2493334160691195,0.2532197866398084,0.2833158280736764,0.3144262242555169,0.32172352064183096,0.305880364047432,0.28703467076283845,0.28043536311807427,0.28795248173656507,0.30625106883900655,0.32757036020238217,0.3394448386809916,0.33851641135206767,0.33636759465973753,0.3453271213455702,0.3635617133018145,0.37971726384362203,0.39075181080075416,0.40206070925694504,0.4133224564064035,0.41983417667024536,0.41908843237006493,0.40721320376924053,0.3854513010615943,0.36923256688750794,0.37305608507878635,0.39432804048483355,0.4211973322703949,0.44474851234588586,0.46355331989585,0.4778723902254811,0.4843414020064837,0.48596929386560106,0.49101820831367005,0.4964305224855934,0.49474986054242853,0.49306214333987874,0.504710153061835,0.5307315894291144,0.5626345485735795,0.5904428658689935,0.6051686518686663,0.6065809837272326,0.6029808765052596,0.6019512737140633,0.6092652801131265,0.6252077215072296,0.6409432693722033,0.6498948680837178,0.6544086034843688,0.6595804924433251,0.6679615013928435,0.6758420591472423,0.6764324320966653,0.6719933698787528,0.6746846790065988,0.691104231245663,0.7123051910221037,0.7218255840774124,0.7141042661243107,0.7009946899137753,0.6956300873215446,0.6983570488012398,0.7028574295388819,0.7056931862122914,0.7069235999124822,0.7076981579924311,0.7091519879266702,0.7089131985563354,0.7008181663706701,0.6862940075131273,0.6734275187718863,0.6586454544175102,0.6345452806308094,0.6069925560052575,0.5666888209023189,0.4700804484095843,0.29748397199596505,,,,,,,0.31093237923573075,0.47967978680873274,0.5740083448073907,0.6049672661450716,0.6291995491927942,0.6657170913932255,0.6953871541323973,0.7125853547711278,0.7281386032653097,0.7456776908636817,0.758144117586073,0.756504301942716,0.7404887120899921,0.7230879721864635,0.7186903426766651,0.7282271310729324,0.7425760429062165,0.7531759706199095,0.7542116780883656,0.7443695297743356,0.7279278642291032,0.7097549883767571,0.691695683651952,0.6764527696689517,0.6701187035923377,0.6751207856019463,0.6834684666125237,0.6818455402803674,0.6645090434435845,0.638191808933291,0.6141109095863517,0.5960061733955395,0.5771929297862228,0.554607363562382,0.5361243741098043,0.5284542993200239,0.5298156519697955,0.5329025995816101,0.5313665723075482,0.5230849118032264,0.5048411170609122,0.4779020724238375,0.4571321084320986,0.4568730188281708,0.47421588870525266,0.4939267427423627,0.5022145697935203,0.49637089645075905,0.4876546908586185,0.48984978890914127,0.49996594486256973,0.49769886487868975,0.4710415735071626,0.43229669767462475,0.4037035052095038,0.3976092510955861,0.40885662825429525,0.4190365313387257,0.41369582353082035,0.39636818834555293,0.3809427041268394,0.37455994093703476,0.3744380936671957,0.3761742929000238,0.3760231686741652,0.37253281496036317,0.37123873805349095,0.3802877658752578,0.39571391922954835,0.4028484397935504,0.3991802981345238,0.39499093927408413,0.3917919012461366,0.3829512637637347,0.3681674379607661,0.3506301496826504,0.33687108783724184,0.34252146897911695,0.3718084403948904,0.40534187433751234,0.4230790514097257,0.4172351400827866,0.3893680696702523,0.35243803161507836,0.32335274784312257,0.3120482546127431,0.3206439837899928,0.3411865602228668,0.35695553505300354,0.35780064352688434,0.34981725757780224,0.34322638108102227,0.3379043279042868,0.3268776769679319,0.30885740145657226,0.29584874060064625,0.2997419515754913,0.31112357014333886,0.3117741803582433,0.3019884109775282,0.2959417399448968,0.3013412669308284,0.3174472241482197,0.34197635041485286,0.36453290096728685,0.3676638612810764,0.3540506370738672,0.34703204281550704,0.3579083313355774,0.37931936450174397,0.39714770576725134,0.39875900371294626,0.38304478831095645,0.3613802655417131,0.344694069218635,0.33510012505571873,0.3345554156836508,0.3464486973789426,0.3642065896939912,0.37699456438752854,0.3831986651598285,0.38329687969283466,0.37043969487973843,0.3447271112329041,0.32295436854000825,0.31776206605743196,0.32377471152338766,0.33744123946102245,0.3625787264091792,0.3818632356939838,0.36301611800622474,0.30580387450572943,0.24512383529367127,0.21264901054258262,0.2183905557189622,0.25067980585977345,0.2878588737595358,0.3168400544763037,0.3354203729014079,0.34184500500008447,0.3364565125181439,0.32967653490891935,0.33317096073974406,0.34707966229918563,0.3614811767696786,0.36913650820379995,0.3723992001666289,0.3707817606742594,0.3575792322863033,0.3346753460075406,0.3165620124558939,0.3204456509909002,0.3468920361232951,0.37166402625439965,0.37248142193852396,0.3541163318435624,0.33746691974047416
303,0.27112292353211553,0.2807738124047185,0.29791076941427963,0.32411129164910535,0.3576287084916054,0.38678651769652994,0.39610967339365705,0.379918611793588,0.34948196817941823,0.32180033246071027,0.3014060268134692,0.28547763192894077,0.2783823243983223,0.27788265394913414,0.2699509325578786,0.2517298379591497,0.23208854032293008,0.21726900207571773,0.211307767117542,0.21749123982508617,0.23863468694798254,0.2750337838649158,0.31531701471456175,0.34028145194598286,0.3451794350849231,0.34488444457861767,0.35404623186941253,0.3747254525431816,0.3987798601899772,0.41421933844046643,0.4145569392672564,0.40443461340014825,0.39333342924736914,0.38541692938950145,0.3784894175569309,0.36805093564860925,0.35425430720954726,0.3454212215176635,0.3447761712552041,0.34264560819877715,0.33047514575361714,0.31218217979374885,0.298193236898072,0.29141182787945924,0.28522385776354586,0.278072901870273,0.2810487012385167,0.30350792425096496,0.3356118379766917,0.35975519291164537,0.3731534234933029,0.38270140915517814,0.38829149761881976,0.38218184289376406,0.36004073407446885,0.3287822341678034,0.30334211930102006,0.29451911753177495,0.29674984175636526,0.29655176651185455,0.2924302930681652,0.2929928846313648,0.3009546544380375,0.30910049189904126,0.31062832011771724,0.3111872874635808,0.32745219149241145,0.36253614966988684,0.38746419428852746,0.3712673707103923,0.32475651698239605,0.2885564018319341,0.2852799266744178,0.30687454153460525,0.3389680548039291,0.36782548664500847,0.3711601654681176,0.33758731540044756,0.28929148529245713,0.2595336044602787,0.26275487221227367,0.29201855414858174,0.32356469611706634,0.33476418991275736,0.32457909550164826,0.3081590927575575,0.2993982106354969,0.30201492870375546,0.3125169886684688,0.32466771833975994,0.33191355030743913,0.3335249070504957,0.33798526424295494,0.35406469041466376,0.37720792903507616,0.39388754001515314,0.4003415891523673,0.40565144985925816,0.4153696672045345,0.4246996101720929,0.4273359800335672,0.4186415935755202,0.39967872448556707,0.3827056893651182,0.38100892513096496,0.3979320476343786,0.4265545871637517,0.45416031757650155,0.47515987235438384,0.4921546388845946,0.5028590520649209,0.5033891596041401,0.49671149649872426,0.4875403294301246,0.48065501743179057,0.48351194911881357,0.5006344681810894,0.5291758610649883,0.561738106779736,0.5890135429591952,0.6049012650685128,0.6117479036388036,0.6141818527884253,0.6133923861517716,0.6138300172242491,0.6209055878695884,0.631602809983085,0.6398407404914062,0.6441299202407089,0.6483936293435968,0.6584167759164957,0.6721072172590612,0.6794260640283196,0.6791398341151444,0.6838911220942583,0.7011653893611766,0.7211863900511934,0.7276426389577522,0.7151423964821415,0.6956981890870917,0.6859184802831697,0.6899417939092096,0.6993863541125818,0.7045049965713196,0.7015755539711092,0.6937090643923675,0.6867793413222887,0.6807481813385335,0.6693588198607506,0.6534556189756093,0.6377864013495218,0.6152760347738813,0.5824627157145795,0.5530538746359139,0.5173567643495642,0.42277515384889935,0.24481608953717976,,,,,,,0.25676169022620776,0.4348257365020423,0.5329089643742274,0.5610131188259961,0.5831385202671487,0.6207649986146213,0.6521509258643619,0.6738587846725803,0.7001917574551213,0.7302151619761311,0.7486294080388611,0.7448821063779725,0.724685960423133,0.7058887762476489,0.701522569464394,0.7099522574200416,0.7226151765446165,0.733323236723268,0.7369899014166512,0.7288879478698285,0.7105803849613483,0.6901943788834047,0.6732978919306475,0.6608216409027039,0.6551393844452371,0.6587660160958488,0.667587253319331,0.6702025923255333,0.6581542059532541,0.6352375419685767,0.6122792766339811,0.5926373341881133,0.5682835083145594,0.5380257600794183,0.5150810916019221,0.5071754349784869,0.5091670807706967,0.5131404843807955,0.514086966155938,0.5100514368312741,0.49766861688966546,0.47690364848654987,0.45851601548669874,0.45598067251117824,0.47320707149528696,0.4992785235976084,0.5150128732595167,0.5107782567158228,0.49639514888320446,0.48885109761555584,0.49099552094422894,0.4874527574672075,0.4667414016042223,0.43926402459103986,0.42432524021358387,0.42739992997560905,0.4373177886549605,0.43986073452310914,0.4305644853358537,0.4136498478170423,0.39354198927419687,0.3737169879616485,0.359602301468702,0.3556226581273003,0.35815567517125324,0.3581493068415712,0.3543888801928172,0.358143503780459,0.37406078903618123,0.38938266500719365,0.39525897654107867,0.3970653243343001,0.39813889844105255,0.39255978500786903,0.37542511040161586,0.35150512942010287,0.336479935656562,0.3472996980508273,0.3823307270333134,0.42047337470855917,0.4399749060766376,0.4296612876766095,0.3957098210580766,0.35978438286197123,0.3379591435124933,0.33149047657909125,0.337501618792156,0.35124121022209587,0.3628145855903263,0.363843091353659,0.35743328630024673,0.35359422367819204,0.3526354889454878,0.34332941840930986,0.3214358506423937,0.3037567155999542,0.3075184871617377,0.3219554825819131,0.32572198552295717,0.3178516259006125,0.3116606925092257,0.3144449785634509,0.3256873306990341,0.34472273885219906,0.3656811323725965,0.3738938174071345,0.3665949054032928,0.3592999830915821,0.36226094830309286,0.3742873392598465,0.38755418706643074,0.3884051489849104,0.37356196732385716,0.35856600094483315,0.3563080995168228,0.359697526534212,0.35653283528314395,0.34824365990100353,0.3457593859872945,0.356815847385484,0.3778896212525401,0.39139383972386543,0.37927633505343017,0.3490039761917954,0.3293797040359785,0.33287282053035006,0.3455155284246121,0.3577255870955392,0.3731315077094712,0.380303577625274,0.3555693977684198,0.3026865542628295,0.25238348818001904,0.22751360571440166,0.23311214728350876,0.2621656320930529,0.3013815938433989,0.3361971515170401,0.35456475341396787,0.35410300874119144,0.34431590239744847,0.3380888460497647,0.3406676801592358,0.3494858482404235,0.36002150344746575,0.368506693186727,0.3747234835357367,0.376716603801755,0.3678190615146817,0.35071602463299545,0.34253311852606044,0.3563346985823312,0.3816049073940041,0.39195091902325,0.3774421827800993,0.3554935741003165,0.3436608895831603
308,0.2757610961437543,0.2765804495444466,0.2833458849423237,0.30487270911567316,0.339032272281064,0.36886243889237735,0.37871295006773276,0.367060629289517,0.34302530909456863,0.3163950676170824,0.29098236514672937,0.27002277852951784,0.26127043127638594,0.2618482538858894,0.2570771339689273,0.24250609815057603,0.22736645992409577,0.22458607793852886,0.23897582074135731,0.2592235198840779,0.2762020347537312,0.2975154509423853,0.3277236891352924,0.3532442616128759,0.3614265331582559,0.3589155255427325,0.36108691900665235,0.374842933678349,0.3941572897426404,0.40729581049458385,0.4075785086088969,0.3968892097682013,0.38269224069544294,0.3726495252751798,0.3695959853251202,0.3696896339364556,0.3686242493981642,0.3690144728957678,0.37258188740068676,0.3730043614834243,0.36295912686878007,0.3416994573803928,0.3185327870816864,0.3041964811678167,0.2974955909060022,0.29199206991415505,0.2910108240483291,0.3034352456075279,0.327046143016901,0.3513565853935392,0.3723518357055743,0.3896972674475393,0.39992410048126575,0.4005134733417115,0.3901587258755209,0.367290947035438,0.3398911642171584,0.3245848650334926,0.3233753020734448,0.32037729293465655,0.30772103748887697,0.2946727911732202,0.29078281652840454,0.29531264080746217,0.3032592619743254,0.31457226371090186,0.3353656374421322,0.36326798275572203,0.37598730543829706,0.35354449485874795,0.3105019242756131,0.28628154211239365,0.30116892668342693,0.3376969088718082,0.3686968847866657,0.38239200113352434,0.37372778275534435,0.34086829337546687,0.3000517443363637,0.2776579663592813,0.2852229593512319,0.3131881927127115,0.34053673497061043,0.3505174415930954,0.34062236398322,0.3217252121510905,0.30956732244237495,0.3089329182636222,0.3119124799714548,0.31400959795421923,0.3182894419267286,0.32611891985278463,0.3393168870497416,0.36303844784036443,0.391799550538157,0.4096496622356503,0.41147655252347504,0.40911060206632377,0.4125952885465596,0.41809425453541565,0.4197626812965996,0.41631609998244024,0.406688255596436,0.3930430813980613,0.38478595563585233,0.393989421566392,0.4217512654461205,0.4531349307754077,0.47653522560175604,0.49432379981738445,0.5071720599824802,0.5076907623740563,0.4930955400300001,0.4731777557238558,0.46378381099671706,0.4722734175011887,0.4933150973869825,0.5196381399615426,0.5463364194001255,0.5679746462600567,0.5842571773351514,0.6001466614978307,0.6133829329469324,0.6157093093261863,0.6094156272484776,0.606130294381467,0.6115760226189326,0.6217642793565161,0.6283875765223468,0.6302660959145161,0.6363208412050563,0.649511429861874,0.6605516991887475,0.6654526127397895,0.6739126586931798,0.6914529761404442,0.7083106512848621,0.7100731800556727,0.6917335257287802,0.6650664461494016,0.6499460764024865,0.6538735543750409,0.666060590625094,0.6715732077383207,0.6645187888347871,0.6489677307108543,0.6333412193102829,0.6210805558326775,0.6089978483263194,0.5963766284503484,0.5807163481148079,0.552230235511232,0.5149393007670302,0.48920280083631773,0.461940305362354,0.3729820923802306,,,,-0.23297465036165396,-0.222887123688909,,,0.20070909080778615,0.3813446622773865,0.4753095480274283,0.4947518960849633,0.5112886071484408,0.548584566061195,0.5819842365160954,0.6079481858067887,0.6422821397355667,0.6817569818294928,0.7064363638746274,0.7045038080298717,0.6861319482846056,0.6727878326301557,0.674276163552446,0.6844956899016257,0.6951134437741346,0.7035435755529749,0.7076807634667772,0.702129343751628,0.6859335579325108,0.6656172246449299,0.6460833471235188,0.6292462246638709,0.6196875897506864,0.6213379649600014,0.630839534725103,0.6371224929852397,0.6310249858591389,0.6153916850883292,0.5998546289494073,0.5864225995428054,0.5670176147187297,0.5400457506906298,0.5172457594929127,0.5062691900138309,0.5036601433022783,0.503883478425641,0.5040147330848663,0.5036801010771472,0.5002873921744204,0.4902229239899316,0.47613574745298826,0.4680187827931342,0.47597343609058973,0.4971081128475489,0.5136461228608423,0.5104237821585266,0.49121653290347306,0.47353200875949253,0.4668122702208702,0.4622947986199585,0.4503570930769524,0.4369033217512224,0.43338225104550654,0.4402426332381684,0.4472993271302579,0.44639086404844974,0.439792199440449,0.4300961235412899,0.41155294659396713,0.38327106896096125,0.3575957842808356,0.3455230948668502,0.34243960472571433,0.3357807790743573,0.32468433374773165,0.32505763268436244,0.3459552200862239,0.37455574204553077,0.395699028833474,0.4062882357377388,0.40705990534692893,0.39605853901706345,0.372353712501799,0.3440943199923925,0.33072852493275273,0.347543867780206,0.3875121455652332,0.4281645332832995,0.44841970652727825,0.43776074330623416,0.40545860869353123,0.37406710696598433,0.35477074020501354,0.34519304245792826,0.344598381612072,0.35366200167264905,0.36702434921046045,0.37457452927852164,0.37356387561097404,0.37187830034934694,0.37105865520109516,0.35994154874355805,0.3344081434676899,0.3129621104001009,0.3130933132929313,0.3233613752062574,0.32451556893728406,0.31614947695655926,0.30769560768615095,0.3058615032751353,0.3152594546839067,0.3374075900130113,0.36339279887520803,0.37698520748328734,0.3745271000964538,0.366538243131431,0.35910781071462033,0.3560629263471078,0.3585394754707829,0.35439162968587845,0.3395954105634017,0.3342713027142935,0.35274564713394074,0.37706292842534184,0.37754233801576653,0.3498543544206321,0.32000702355466354,0.31738738372940445,0.34582725655690305,0.37527852566430464,0.37231260452183285,0.3432340090753294,0.32447611318418107,0.3343172457097668,0.358836254764638,0.37796460777753604,0.38440899403920226,0.3751342505902493,0.3452787761112859,0.30155870131774143,0.2616192098432468,0.2375249375644191,0.2335102632008993,0.2503543641823268,0.2837206052161052,0.3178784935356389,0.3337400225017225,0.3311146122102232,0.32648764894330284,0.3297497062075926,0.33822565420112505,0.34864867512329134,0.3596311772104668,0.36685960248334987,0.3708544871291337,0.37551815284208523,0.3759854099009252,0.37034557314880373,0.37162422311096466,0.38860862218381376,0.40705882188633846,0.40515292665023545,0.38452806109879956,0.3687867936546999,0.36718487805477634
313,0.2972811556364553,0.2919000436393498,0.2860317021057476,0.29161876847860363,0.31312590124165257,0.3367536176113624,0.3467995496479893,0.34298274921351124,0.3315466118901025,0.3128091682141575,0.28660447632512454,0.2629407541218892,0.25460015066523145,0.2567908846534903,0.2534913901632685,0.24137467476959426,0.23268835409298216,0.24440868383699912,0.2773950776785499,0.30692151385356115,0.3158707737960299,0.31888493878942226,0.33399417082043437,0.3530306120422334,0.3578069811604509,0.3493597104636779,0.34499486630435316,0.3548196602122846,0.3715820638544378,0.3831460684702647,0.3843849870315456,0.3750455181653987,0.35963766347559994,0.34702463004493517,0.3425938008474909,0.3445626771605391,0.3489848057250964,0.354801051851376,0.36054329826145315,0.36355209289083357,0.3604260372881732,0.3452614747097232,0.3222249155753633,0.3067129861820842,0.30340957962814474,0.3044518774868116,0.30588222853675023,0.3104530837011503,0.318948461961399,0.3297498378357859,0.3441945585791565,0.3611495871914602,0.3735391688332417,0.3789990766482889,0.3778016216746452,0.3640103134855117,0.3412877293372568,0.3284348033589059,0.330990723686099,0.3318182511648864,0.3181222633976809,0.29824814337256195,0.2881784167302401,0.293205129006056,0.3063641755140325,0.3203580905327765,0.33461011508642435,0.3464125434519184,0.3438897690488154,0.3185893587947405,0.28457981006535676,0.2734627425910541,0.3002166492488302,0.3431522107297608,0.3704665137450872,0.3735748520451172,0.35976410996853164,0.3331375158923556,0.3027369582283501,0.2880791063769469,0.2988827253338002,0.3234435050339076,0.343105594665001,0.34715116694266535,0.33324903310181775,0.31027301793173157,0.2970613209418333,0.2988154173801216,0.3009755619543266,0.29839535979708776,0.30237853991112973,0.31668563122891624,0.33737790735287565,0.3665073912630148,0.39982156250366235,0.4219263803497653,0.4254712914905359,0.4189746781590137,0.412517394563891,0.4059365772058272,0.39891776720012895,0.3959297182213005,0.3938848764800139,0.3847820844258699,0.3742832553996968,0.3803363432083813,0.40793347235360644,0.44045192874741235,0.463070921779994,0.4779311670128623,0.4879790409273631,0.4858188427788521,0.4683906175950203,0.44953528501677253,0.4481085740072316,0.4659399187318186,0.4890275911741924,0.5080783856043629,0.5230355742181017,0.5351571417864089,0.5494710432649366,0.5712894512261121,0.5923805780499818,0.5974496983624662,0.5863399354882216,0.5748439883278152,0.5755827792755559,0.5857486559691683,0.591435506201232,0.5879287519521399,0.5869531281190222,0.5962699196912955,0.6091963067238038,0.6204006513880768,0.6344458005407323,0.6518376127371269,0.6632442732405969,0.6588721398986102,0.6355027271332991,0.6035086688382723,0.5834605955717356,0.5843106468048617,0.5938710907391146,0.5960559233901394,0.585438102645526,0.5651418213695225,0.5430834730882846,0.5259506758134153,0.5144334901268242,0.5058069000802208,0.4913955143855263,0.4615920036292158,0.4271455864328457,0.4103084319320142,0.3926761225552756,0.30981740931441426,,,-0.22137531998973545,-0.2912195986007788,-0.2856401500227312,-0.2108711899156859,,,0.31198093860061427,0.3982124919296397,0.4049309087183571,0.4103435283718938,0.4425364466416416,0.47691238107281886,0.507594204648919,0.5472909430464333,0.5914385812669404,0.6211537123293883,0.6256619867273702,0.6160888284023273,0.6133826594730667,0.6235089340261102,0.6380216962971053,0.650105747047905,0.6587630645703021,0.6623745677288424,0.6573706528593304,0.6444114755788751,0.6259556321753366,0.6019470881529043,0.5776962079185515,0.5640218921689761,0.5650286634861318,0.5741284926286634,0.5791571010497849,0.5731389109291838,0.5628362145669998,0.5591130804839777,0.5606058819013996,0.5561066481267044,0.5412184033514311,0.523658230698118,0.5111870218401241,0.5041850967644543,0.49898335878565225,0.493144476312929,0.4897899354469264,0.49145223335166377,0.49263822377024646,0.48623910825736516,0.4748550297491217,0.46987351585259524,0.4774011680979099,0.48826742276188223,0.486003626184586,0.4672248124274833,0.4462649099367695,0.43409678614842095,0.4267067040233599,0.42035357284075237,0.4197991005092868,0.4267426309007866,0.43445386835306155,0.434599307344671,0.42722656752533034,0.42372660436422954,0.4271202958364643,0.4218271871080677,0.3999443112106984,0.37510687094815454,0.35891606435505496,0.3444224268871281,0.3218304094357691,0.2989314863996756,0.2970955415752307,0.3242937195893292,0.3649964992603313,0.40039920778666865,0.42044035507659827,0.4195362365541012,0.3979198160684938,0.36324267032234886,0.3290121419357098,0.31511051140585083,0.33445079422045276,0.3761739702963688,0.4161512511445243,0.4350539236614969,0.4267181377078476,0.4046705749076587,0.38786426950513986,0.37700625852410763,0.3655839605410163,0.35848860765641777,0.363522198378439,0.37821734372094307,0.38929911684292695,0.3884951109456081,0.38293996815125964,0.37802541928508293,0.3650431477027586,0.33804872921594487,0.31160124834423253,0.30191327555806396,0.3024207530760846,0.30000154296140646,0.2909618829514217,0.276947916104291,0.2690990571072758,0.2846442630365608,0.32472557295938165,0.36593301027252356,0.38517966204681064,0.38444182061932813,0.37483547232382985,0.3568230242425091,0.3378729946494978,0.3298128125251486,0.3231819692910562,0.3097016713987267,0.30877267947694886,0.3367137026255898,0.3719313826417271,0.3757884744804487,0.3401097589060741,0.2959903110413481,0.28202596120818224,0.30998519709540034,0.34882412839753185,0.355632647979944,0.33077931020728024,0.3138678615804341,0.3300900132393947,0.3662644707355437,0.39079913704611335,0.3862892571936768,0.3603305410001804,0.3276996128993383,0.29586662878155723,0.26662698230832294,0.24261070405338617,0.2307693679865269,0.23857970777507723,0.2655781331200783,0.295084844563656,0.30687496678896964,0.30403607522493514,0.30554709731005025,0.3158195215779077,0.3262842256554785,0.3363219754159124,0.3479151744608735,0.3552267205289773,0.36001515234235715,0.3704620084674617,0.3804464125623669,0.3821092045837168,0.38514694326533794,0.3989702042608525,0.41212578243196185,0.4089419780152379,0.39702707917446756,0.39694224044872284,0.4072365480170196
318,0.3190819141425187,0.30640404410664057,0.2862221647911666,0.27475355686214287,0.28436778146232367,0.30387506908724193,0.3143699881398439,0.31538302110671024,0.31484091047766927,0.30963537327158264,0.29468043923502363,0.27897862137671076,0.27424021106774166,0.27373537175423,0.2635062437531742,0.24604053647090723,0.23852876571236342,0.25733803229814645,0.29655636222476645,0.32495003656587895,0.3250118094058762,0.31671113432298614,0.32358822392827447,0.3387818833698353,0.3418840300557776,0.33136516447289344,0.32447514510254905,0.33147737517389747,0.3440117856770881,0.35182922356352264,0.3529848239032989,0.3464155369599851,0.33353081873625623,0.3211987314021889,0.3137875837009901,0.3108080298333061,0.31193609950768175,0.31699918342554045,0.3224965756844633,0.32755773069564653,0.3323683375115438,0.32732903743891817,0.3098710506583585,0.2957007008780389,0.29442713116086916,0.3012736081424237,0.30959272521233266,0.3137431968063651,0.31017276295609164,0.3029505566463039,0.3027911327838704,0.31283562315296765,0.32352862283996864,0.3306930695128517,0.33636125094567915,0.3345285255532645,0.32448755404989693,0.3195056634416531,0.3242419244598799,0.3259258211532873,0.31373944298169776,0.294117539087982,0.2847419766656837,0.2939398368270573,0.31047417259456633,0.3199821303826734,0.3204771010071348,0.3145399869400737,0.3004713820978884,0.2765862798255717,0.2522507780237689,0.2491122389945496,0.27773301219287416,0.31890376736379683,0.3444364214189406,0.34716420490680444,0.3358720210528351,0.3158268505667157,0.2932969574679004,0.2839114973912249,0.29568060730687645,0.3157429213117269,0.3255844727720486,0.31811730621970624,0.29661679271546687,0.2734878869217896,0.26737372481743593,0.27962012482052767,0.2897496733738081,0.29028699753675685,0.2950481872593901,0.3100350151299295,0.33024622254699276,0.3553771780089485,0.38309103064946626,0.4040055369594875,0.41196082532028916,0.40858407525829,0.3982966085679808,0.38227837543900633,0.36482901707355214,0.355829228013225,0.35483149961744515,0.3507581676528625,0.34499892227444273,0.35337715586136786,0.38026041799048726,0.41034511250235206,0.4301621167351121,0.44093128466500414,0.44388579015196084,0.4338458571327767,0.4151819928819211,0.40602743213044684,0.41976418536569304,0.44876502663763906,0.4734810002400286,0.4840409359354023,0.4850965051361503,0.4853085525760925,0.49318893373032824,0.5129660138658634,0.5349045066415534,0.5422833807155559,0.5327867514836123,0.5217173048638335,0.5213111623397381,0.5257013019439128,0.5205049851993114,0.5057252274906192,0.4971569481249983,0.503310551826134,0.5179869205331079,0.5358861274686012,0.5572052246152271,0.5758836604129853,0.581932324046086,0.5710359606912907,0.5430074647493134,0.5069931651908157,0.48361206577814553,0.48229950406268507,0.4890721648994406,0.4872639402963788,0.47161056098788845,0.44433813537252714,0.41517750118671454,0.39451289784903837,0.3833793068463067,0.3764741270943793,0.36456307114607944,0.34059735756047305,0.3163490942473985,0.3108330455620236,0.30157494214848135,0.22398817890392952,,,-0.28743013127834,-0.3537742428545892,-0.3527199388980171,-0.28716131650631455,,,0.22180062805653095,0.29880416408472643,0.2928814873263592,0.2851146677944849,0.3077420668663619,0.3397901036149699,0.37404552858938045,0.41796652542589596,0.4652978606338465,0.5002935703026832,0.5134197191197543,0.513214952959368,0.5179414695707851,0.5328025626711882,0.551701343895964,0.5700092940211681,0.5832469216689045,0.5855136040505469,0.5777341699351088,0.5680258625856409,0.5559924883369514,0.5344475692693613,0.5089816854295606,0.49326168186932917,0.49170824022918913,0.4978786733308267,0.49997917362606137,0.4923186756578861,0.4857131945796057,0.493677034480626,0.5110360140247958,0.5211460352340491,0.5170160295084861,0.5054379536467044,0.4957209422593831,0.48940530089447987,0.47978422698142226,0.4624683489848167,0.44693712998333934,0.44632438958989096,0.4570380747194839,0.46271842027627025,0.4555354904116774,0.4430865928019633,0.4377533322252507,0.44080078383493737,0.4392121310935754,0.4252971243101152,0.4065794099256295,0.38916670642063544,0.3722675028630279,0.3623899657533012,0.3690934565353935,0.3872952606419976,0.4003233134827947,0.39564666454641506,0.37877752550838295,0.37314278330141915,0.38758004221368314,0.4006518153938454,0.39724667149721643,0.38749206442767875,0.37812777737076164,0.3583893207739556,0.3237160208121029,0.2924749817824988,0.2887150400578632,0.31474792519506034,0.35308521986969843,0.3885231191665551,0.4113721313719665,0.41060734389585235,0.38409068970854376,0.34433893339049804,0.3087927584645608,0.2963006262059191,0.3162020474880476,0.35378965398487067,0.38494336028703546,0.39601985730368294,0.3896096863437109,0.3850019581907025,0.39425116218150796,0.40194726124872016,0.39413395527234596,0.38202802390163526,0.38189185711066964,0.39373446284580443,0.4015479326820509,0.39314879385167545,0.3766986071542048,0.3643307126167098,0.3511991756695023,0.32618448890307117,0.2956810657574188,0.27536329055851894,0.2672259088116795,0.2636510178377558,0.25358742348824537,0.2319915582450236,0.22016616670935735,0.24840023326004568,0.31148891013590346,0.36765224703726707,0.3894021302226901,0.38898130549939847,0.3795804162486016,0.35511024686716536,0.3252772416358564,0.3114546298333788,0.3066667275217919,0.2955118997854622,0.2915785031390318,0.31280100593746407,0.34139084816632725,0.3420978828742841,0.3096058790040115,0.27127152504711805,0.25739264039707266,0.2803476938893513,0.3183335056890533,0.33141963526993845,0.3140401508508026,0.30245893207575186,0.32376984839032913,0.3636079811213677,0.3842804798299081,0.36632155330941996,0.3277460170130895,0.2971360477904582,0.28017722560487524,0.2643764550696392,0.24523091483716913,0.23379816673866036,0.24191684806905528,0.26800074213834135,0.2950585533380244,0.30646653281737507,0.30647262133830955,0.3101598997445324,0.3157021912679534,0.31269132771825076,0.3078408270803672,0.31204987364656955,0.3221966576676139,0.33682837328462334,0.35705655639519784,0.3717643175863903,0.3737504626836302,0.37474463071258346,0.3853280068741435,0.3965135854136149,0.397738557858273,0.3990651952224616,0.4138362356775892,0.43184505165424597
323,0.3278430161958256,0.30499734855643246,0.26985563790492595,0.24530875703154814,0.24806020964918457,0.26719871984723664,0.2809758912542273,0.28732840016309513,0.2964186930070801,0.3071067988580357,0.31107167084686393,0.3097678319828617,0.30882573303922833,0.3014436664487028,0.27895068115306676,0.2511021884826372,0.23802912855741498,0.2511907247511126,0.2808411352210139,0.2999357770774662,0.29539530583303475,0.2859016322797854,0.2916979523246277,0.30709223938672736,0.31600498449614167,0.3145652835578328,0.3115150501598341,0.3128797471161051,0.31425208453955616,0.3125728401660639,0.3103922110156834,0.30781471010802264,0.30434374778967865,0.3019687494696057,0.299112516413814,0.29171326211880344,0.282822218309338,0.28025672929093,0.2846628486874001,0.29398564173342046,0.3066058889958805,0.3103547847738002,0.29806100090380305,0.28324418683864777,0.2780434074880002,0.28244555847784686,0.29257786826109156,0.29927707759022226,0.2924409824092725,0.27534751159750054,0.26457462648781677,0.2677197796146124,0.2757980416479993,0.2855719580315832,0.30099458071928964,0.31533890613673565,0.32025589748566474,0.3191375898334003,0.3173619668765111,0.3135921591731894,0.3031607625455134,0.2872332951158429,0.2788009569148358,0.2869758044286412,0.29953093578686973,0.30013972047459975,0.28973220569583374,0.27702456992522584,0.2647901091060935,0.24978109567336026,0.2326886980540715,0.22698146084982826,0.2445599039828413,0.2756496205634136,0.2999608393795828,0.30974235258209804,0.3080347110791908,0.2969602672002574,0.28222980999283026,0.27741576234874177,0.2885767671470932,0.3024370100586151,0.2989138960780743,0.2734783507886803,0.24175506841752692,0.2255033596416784,0.23755839429330297,0.2680855760218344,0.29109688326765726,0.2964196670009478,0.29679856205908534,0.30304099081028524,0.3144754405578233,0.327026651181349,0.3374783196352642,0.3460650896775259,0.3540744717148543,0.3590915032496021,0.35710474485872806,0.3445042993391363,0.3244144205370837,0.30987723622596397,0.3076621291755747,0.3098313577640321,0.31074998686030325,0.31723638589074865,0.3354812493101359,0.3600303641392697,0.3812542964826141,0.3934813998183937,0.3903004123121121,0.37015251523873743,0.3484676043542507,0.3456724704631848,0.3667787000857239,0.39879069974650555,0.42261793957885707,0.42782869999613693,0.4195401715840855,0.409950297353582,0.4090181191270493,0.4208200365719337,0.4381668717812015,0.4467702431579224,0.44311957431249915,0.43928604513889585,0.44171713624867426,0.4385585412772024,0.4183626892863517,0.39028335870746567,0.3734157561445939,0.3739783466587911,0.3863460118224393,0.40813371414912236,0.43717868332205445,0.4608244591300651,0.46655451516974655,0.452031930698135,0.41874140282065886,0.3779542980303615,0.35419821072806806,0.3575377441610793,0.3689479461285355,0.36640802092516106,0.3418744743732204,0.30014664589929413,0.2599097808440543,0.23686561730078182,0.22749662127337655,0.2215819795037569,0.21283620789322166,,,,,,,-0.22250289912890642,-0.3501343048096136,-0.40812441565332347,-0.4104868361984682,-0.3555725220202266,-0.2284386882933679,,,,,,,,0.2259754988281095,0.26997088065589986,0.31896306507945116,0.35999215822973196,0.3813773382970821,0.38610818707790245,0.3910739681357519,0.4053373086493937,0.42745428407853286,0.4532629975698399,0.4717708065076899,0.4717273102608789,0.45987839356775695,0.4531666337271631,0.4505545788903956,0.4393777607174489,0.42129118038064894,0.4073966832869879,0.4041088288349012,0.4101773193155452,0.4153732632262056,0.4123424117932796,0.41162062822559753,0.4273138416708031,0.45296574013464713,0.469924660890672,0.47024932279969955,0.46094131034323377,0.45276615751093363,0.44667626319301057,0.43165709938523944,0.40200717803155506,0.37370789272354427,0.368658045311191,0.3857383621790904,0.40323527266206677,0.40552071623169567,0.3956700904457018,0.38746157870387754,0.38724495537733156,0.3865284777529139,0.377469273562963,0.36102249028823663,0.33667611421278415,0.305304605677841,0.28257348843149743,0.28594806511550885,0.31053151441602966,0.33315113904706906,0.3330507888114131,0.31337937020945517,0.3042295151079475,0.321809855334892,0.3454807014007868,0.3577724260421165,0.36587481286793877,0.37146362395489435,0.35942890180967996,0.32719651785553633,0.2984659284303508,0.29443932618753005,0.3091589637260943,0.3269460783222511,0.34449981633431037,0.3611052916576092,0.3645186183274318,0.34531016603725173,0.3127860452362806,0.2868242044914397,0.28490833528024045,0.3071871586017375,0.3319293905909234,0.34044446052992927,0.33380331074732783,0.3275580859592855,0.3428986107345503,0.3796680249936014,0.40593414276051054,0.4018042153829352,0.38488956871731594,0.3790806478916131,0.3862953306518816,0.38893727192414035,0.37272020737172135,0.34712217036281773,0.3302406795807387,0.3201539510320536,0.3007170229733017,0.2717615473767,0.24856556204149485,0.23827414292518675,0.23530538451522368,0.22418849086216677,,,0.22514087665322033,0.29840655778683245,0.3568906317264152,0.3745246113916449,0.3724692490050129,0.36574502927858243,0.3430255258812741,0.31143355701301173,0.2945221469456662,0.2886562910514617,0.2775516818307278,0.27071876550268026,0.28441250340563573,0.3030578146299192,0.298059090726953,0.27057556021019646,0.24320315303457588,0.23237738060527377,0.24693980623773099,0.27828087201449236,0.2971205097568651,0.29223825082712085,0.28892984955632284,0.3098086720937232,0.3416206616833176,0.35041079657204655,0.32081178411612093,0.27695472981553204,0.25362419055845936,0.25280037723862947,0.25143174616609704,0.2409352437855285,0.23602418215040513,0.25067356965290366,0.28067854156150196,0.3099793952000411,0.3275096557561112,0.3364140246224214,0.3426687316089843,0.33671261285911325,0.3084146854487826,0.27421275320224814,0.25976132387137096,0.27157691056854805,0.30204876027508887,0.33518903893022967,0.35237822968603905,0.3528876939433324,0.3527879614665107,0.3602591227539097,0.3671181249782217,0.36808593442667015,0.3736927072061765,0.3906620410514918,0.40665977587888374
328,0.31323962883612577,0.2824593628017227,0.237355195724931,0.2058266406008501,0.2052298873245469,0.2248286891514022,0.24277334659052938,0.25508795095025066,0.2726969670910227,0.29800268467710395,0.3207549207806535,0.333350318622357,0.3351774228511019,0.3214302660111168,0.28900122462705635,0.25162008961321436,0.2271414221870183,0.22152418216556874,0.23061755427040717,0.24197574586255147,0.24451876808010475,0.24338013476837272,0.24924116712305136,0.2634603621275825,0.28232378317357226,0.29815611611355447,0.3020917844913798,0.2931615428854848,0.2779223577135695,0.2649106316130263,0.2590805654091003,0.2605787075573027,0.2690862417021814,0.28302486402083066,0.2931395273409014,0.2870425516642252,0.26724361659194307,0.2524908107683568,0.25437892060507955,0.27010561621553186,0.29106266400834346,0.30116154980402937,0.290634433424403,0.2712285034525318,0.2569258812960395,0.2506004960346233,0.251652169610004,0.2553783245732749,0.25174542667712757,0.23840370669462818,0.22773385918748676,0.2283789562232604,0.23690629113406414,0.2544352531756908,0.28356647442419713,0.31314485168853845,0.3275440763315862,0.3238306461065876,0.3120371812551257,0.3029735556668358,0.29602293477027436,0.2850318321928575,0.2751039094771962,0.27343273991423944,0.27101837618900626,0.25861628455799673,0.24449862038463,0.23911198379573753,0.2405985258051987,0.23779186872844765,0.22293776916672492,0.20636438254862138,0.20683065680725513,0.22567456865408747,0.2486196127653389,0.26669163508455573,0.27815252927865497,0.28089055609209584,0.27760228427119704,0.2781349971216141,0.2860271314454532,0.28886918963111874,0.2676606311425032,0.2225617023254819,,,0.21143107353997612,0.26254527639319203,0.2989264764175903,0.3063690291221711,0.29595822622751655,0.2865908163760384,0.2854843489445277,0.28498351130525695,0.27830987525903966,0.27216256856643545,0.2758848961981797,0.28825815324189963,0.2998850971202015,0.30012202228631985,0.287172298857422,0.2739685841310663,0.27243490518807745,0.2778790627433286,0.27891352449781814,0.27564795595169045,0.281214013629272,0.3037108881054428,0.33348723021965354,0.3514010296442001,0.34327942929496935,0.3146437327260666,0.28965493361026085,0.2848903093379102,0.2971177282977746,0.315976337549448,0.33114656978461077,0.33410498540390365,0.325429513893999,0.31337701804007223,0.30605583801834835,0.30822110307308015,0.3176961042553502,0.32524769563427014,0.32693113772451066,0.33004905037112037,0.3355449202295456,0.32926645370271557,0.3035069354183323,0.27041003161824595,0.24510198027852145,0.2311960623283696,0.23017507154191896,0.24860502426370873,0.2832968773172776,0.3145338338737416,0.32544426140958926,0.311201896054064,0.2733909497847815,0.22912459508672484,0.20886782394970815,0.22141538077403214,0.24071878814084569,0.23789423433544496,0.20226222732239546,,,,,,,,,,,,,-0.29853743510543546,-0.4005465975252237,-0.44613496060930474,-0.44956641751490967,-0.40510498835081027,-0.2946403667426728,,,,,,,,,,,0.2087866932045756,0.23772115795560325,0.24597987374342223,0.24913574303105776,0.2606625072948342,0.28280703525481765,0.3113760402332128,0.33175363069411534,0.3305802451087685,0.31796283228456756,0.3144387652398184,0.3191706061411059,0.3182249212549989,0.3100016925887409,0.30264503645383656,0.3041306536271877,0.31632463521726034,0.32988327728614214,0.3366348235399088,0.3444234829592096,0.3644919679236269,0.3914229336987225,0.4095711926080354,0.4111003772698004,0.40076285178241466,0.3883358644614565,0.37556146941794455,0.3527574408088069,0.316912498987429,0.2861931936012873,0.2814590720719995,0.3005531713623658,0.32260710832330286,0.3321554503586478,0.3310977372470869,0.33086989673770995,0.33593787724259516,0.3392617459333386,0.3340363173095737,0.31830738331491604,0.28912816003275993,0.24742639322465465,0.2109863994665445,0.20293117248024695,0.2247524600874805,0.2546980042542454,0.26591454545198645,0.2530201988529525,0.24392801124986896,0.25956974612857187,0.2840484256144277,0.30091952065350264,0.31663881832978147,0.3327720372756099,0.3332730422398555,0.31412934185651814,0.29733342952519437,0.2963010644837707,0.2964423357189827,0.2860330648488685,0.2760668545164721,0.2795621598825696,0.28879944894740445,0.285364057542735,0.2682080339724866,0.25832049437857685,0.27343515686010195,0.3014728356389608,0.3109707307962196,0.2910510806650123,0.2622825473751483,0.2541894161480508,0.2841499138658959,0.3373609739998864,0.3722847141321264,0.3685379464836371,0.3473903948157676,0.33602832112476577,0.33846227382075894,0.33886899533987547,0.32284122695134265,0.29838338296679556,0.2836552545727219,0.2770297268185015,0.2619039093866512,0.23801676622833426,0.22047712093089816,0.21541503509626828,0.21582246569721547,0.2080344606196819,,,0.21821796178061714,0.2810917688357401,0.32848853174347437,0.33701085873960235,0.3289380296803758,0.32344249626014254,0.3104579030755275,0.28820306675621543,0.2708254402488778,0.25826119373007506,0.24301001453670149,0.23638800844390034,0.2517059860045994,0.2715874562019396,0.2679487290290671,0.24255237220052062,0.215392166682284,,0.2001606124425387,0.2238623617044862,0.2485861799969892,0.2577893277419979,0.26271833204146133,0.27750435730084805,0.29297041846733335,0.2869855104800023,0.25204036639707594,0.21323375337989064,0.20276905777833504,0.2166039605417714,0.22603508682967194,0.22140742688235743,0.22000221341403872,0.2388497470914499,0.2743320569746857,0.31022226434327727,0.336878999654054,0.35632843134325787,0.3681917797885347,0.35679977108874683,0.3110050331111532,0.25153143483447177,0.21564159457188048,0.22271835952156807,0.2629721389785057,0.30564438587356874,0.3255492086605972,0.3269052643927389,0.3268712206138263,0.32918774544391805,0.32823001372326244,0.32472625402080907,0.3265888362598397,0.3350957591037307,0.342049624177468
333,0.27585517710420154,0.2442505049342448,,,,,0.2094677004610358,0.2209944180233262,0.23878857157652975,0.2702498307278322,0.30479762028860224,0.32663288253945555,0.33002210089345496,0.31418395580693154,0.28101844395994113,0.24158698512619703,0.20441549283993482,,,,,0.2055103699391873,0.21003614653174268,0.21843131930125642,0.24284529442303263,0.2732020684815183,0.28291274873138217,0.26354616160203004,0.23393940763101415,0.21503584453091762,0.2110212160896593,0.21694766362497991,0.23209409630181582,0.2564608324817207,0.27890819601196076,0.27978444342731706,0.25566849635593103,0.2307393602943077,0.22832206317140263,0.24793196895413278,0.273990353749506,0.28605961108714045,0.2732218714154031,0.24742330559001974,0.22557830468869056,0.20989606195345042,,,,,,,,0.2183913187432361,0.26103799867757627,0.29970202362195336,0.31712675160350146,0.3114673416030574,0.29733802648165575,0.290004730909623,0.2876311466437055,0.27920002057980164,0.2652467335930686,0.2510032789486725,0.2314235211144835,0.20699547829472623,,0.2012854329922349,0.21745163151466634,0.22278995765867857,0.20562353979948547,,,,,0.21935811401988892,0.24237258748968,0.2594560794588513,0.2683356456983418,0.2725376515476731,0.2719954715107586,0.2583685218210144,0.22131517014516885,,,,,0.24834195647684376,0.2942522568698134,0.3025819657261291,0.2817082498902615,0.25651565173516755,0.2422438892054102,0.23286639345077798,0.21992164921616852,0.20958587838767517,0.2124011645938953,0.22897801706712695,0.24870632750479382,0.257570689354469,0.251376361346093,0.24165879691245928,0.2393381617146211,0.23952743717065222,0.2321831596085926,0.2204759691774721,0.22366481775387448,0.2536374940403657,0.2934481986786359,0.3124262586691425,0.296289496369081,0.2610090803450351,0.23502369843689036,0.22607552637514094,0.22256818449231358,0.21964621722431876,0.21992577280821451,0.22027654510222494,0.21557858579226213,0.20656410609678127,,,,0.20160844468681055,0.20741367853522025,0.2135558063409772,0.21829508731662828,0.21302773711814516,,,,,,,,,,,,,,,,,,,,,,,,,,,,,-0.24322847794772623,-0.3644975183147796,-0.4403379615768702,-0.4727146043590069,-0.4746945397253598,-0.43934781192155936,-0.3475209187428216,-0.2104325910934296,,,,,,,,,,,,,,,,,,,,,,,,,,0.21102404265689284,0.23075382498060892,0.24498983371121724,0.2595981615722564,0.28151792072355764,0.30692628099032393,0.32467739566676085,0.3274573531564704,0.31659907679190147,0.29868919191152343,0.2777533147660227,0.251113966735695,0.2200291629693354,,,0.21589431300926126,0.23408089493444106,0.24447879023876068,0.2501472254808964,0.2597533395787506,0.2750133439553085,0.2877763059662264,0.2888124224568068,0.27429477949160613,0.24443095654054625,0.2019858715857672,,,,,0.22058900030692535,0.21541602551176237,0.20524516958040667,0.2155506649127368,0.23681632829075516,0.2520190865383568,0.26430430039839287,0.2789870105636541,0.28591454824960166,0.27972209636664636,0.2757214457311732,0.27940435671359526,0.2711327790527445,0.24090524132490743,0.20735389669599802,,0.20570781225625817,0.2166020051876537,0.21465954731677023,0.21692324477317526,0.24258129505243872,0.27547155030927023,0.27907461829414837,0.24460110910570854,0.2024714903584549,,0.22508557526798273,0.2812493173152948,0.31773563433696317,0.3153307932139488,0.29197772166981906,0.2731227953050449,0.2682187145583912,0.2699352423625269,0.26423204551572826,0.2495722591334093,0.23683938839991087,0.22636147763305944,0.20822968974463427,,,,,,,,0.21309721832257217,0.2562384698540405,0.2875760560893731,0.28540175452825867,0.26693008027891196,0.25663604353112945,0.2525104748556708,0.24508744300361213,0.23459547089279847,0.2205933092123591,0.20324932051216005,,0.21410329232805103,0.23990877675965483,0.24411437092598576,0.22117643341607285,,,,,,0.20409809058715014,0.21412122872286354,0.22132886284440662,0.2205344431314598,0.20378572577166248,,,,,,,,,0.23137905345506035,0.27629784152501824,0.3106484490007024,0.33439652489914656,0.3487405442069341,0.33999986188075215,0.29706675936081595,0.23522561465964906,,,0.222320406013419,0.2610430421945335,0.2786732797486216,0.281767552650569,0.28462632041352204,0.28580770264869615,0.2821861138929923,0.2785395400665546,0.2784618324827399,0.2796982260894411,0.2795053351950112
338,0.2251838421884108,,,,,,,,0.2005013519133843,0.2266244564029393,0.260229813024463,0.2815742914256859,0.2830359434622845,0.27012784748390717,0.24831546829883294,0.21794762102403703,,,,,,,,,0.20169212576578563,0.236577227740151,0.24998546811234149,0.22657234783368208,,,,,,0.22164376055863433,0.25081458691814607,0.2623179156992236,0.24296805407311747,0.21458107347378144,0.20857175952433704,0.22831275066642873,0.2536144859288032,0.26151211728275703,0.24226533463521577,0.20992802865867116,,,,,,,,,,,0.2174184372363447,0.259264972758534,0.2766080762218961,0.27427348164164167,0.26869012032010836,0.27018552777309507,0.2710013147331485,0.25925327877117926,0.23828034353147767,0.21662236967372786,,,,,,0.20220716563078953,,,,,,,,0.21928660609404238,0.23926059330704091,0.2445695195561406,0.23188732830690034,0.20211851180010976,,,,,,0.21657279256079714,0.26415070803435514,0.2732010764862043,0.24866795744440448,0.21437041631905912,,,,,,,0.21186311261077898,0.215497799399001,0.20389421107810884,,,,,,,,0.23970332450828044,0.25531272488583934,0.23098544700011298,,,,,,,,,,,,,,,,,,,,,,,,,,,,,,,,,,,,-0.21667951763137439,-0.22686797893890379,-0.20498418314439032,,,,,,,-0.20960037709355106,-0.3120288595377664,-0.41041189289720376,-0.469195778965659,-0.49302332266431886,-0.4936760111673596,-0.4649871675570492,-0.3872929318281887,-0.26637896135429673,,,,,,,,,,,,,,,,,,,,,,,,,,,,,,,,0.20362671153236928,0.20518570159253985,,,,,,,,,,,,,,0.21847854492329377,0.23076284798377988,0.21978107752971038,,,,,,,0.2026405753053302,0.2008221490951521,,,,0.20998455297570462,0.21463576680859797,0.21927149023238474,0.22459940311037346,0.22521781475155878,0.22769017396476496,0.23469431753625353,0.22885554715521816,,,,,,,,,0.2228809189569446,0.23177941650582534,0.20408501880243668,,,,0.2232227459510892,0.26128704069266084,0.2650322049166004,0.2423984854117632,0.21495995564982945,0.20133185242740242,0.20745276141481328,0.21796613945001553,0.21365622346280327,,,,,,,,,,,,0.2227662249411796,0.24113248721016683,0.22870229444827084,,,,,,,,,,,,,,,,,,,,,,,,,,,,,,,,0.2223620695401718,0.2578525830034625,0.2741624854392458,0.2797462919876622,0.27190798000024496,0.24386914024599377,0.2000489937921648,,,,,0.2085103484776865,0.21307650550661594,0.22282320753153578,0.23120311327853396,0.23375658451895182,0.23585567126433155,0.23873389611629042,0.23912947752001745,0.2373204921024965
343,,,,,,,,,,,0.2099405015599602,0.22059612634131948,0.21548661825633866,0.20724900085548192,0.202108004220573,,,,,,,,,,,,0.20641786699729148,,,,,,,,0.21742752728238324,0.23948829531702248,0.22871421811989157,0.20151615486894728,,0.21271152254989775,0.23568354654566337,0.2391309849117148,0.2146136403253496,,,,,,,,,,,,,0.21031404218762212,0.2268127908624954,0.2307425154789944,0.2374297174372365,0.24767277664332313,0.2471383611772402,0.2264545135032658,,,,,,,,,,,,,,,,,,,,,,,,,,,0.20453381088244887,0.21387288521090958,,,,,,,,,,,,,,,,,,,,,,,,,,,,,,,,,,,,,,,,,,,,,,,,,,,,,,-0.20604607780636378,-0.24382398203187308,-0.2952420858878543,-0.3379788919233365,-0.343835665934483,-0.3150535088523496,-0.28225845596186977,-0.27136997812736546,-0.2793001883897962,-0.2769184464033808,-0.24867758276826685,-0.228129894712246,-0.2623694189186363,-0.3467644008959555,-0.43143757453188064,-0.4825581468140637,-0.5032475066056554,-0.5050511308421004,-0.48262785930391106,-0.4150322310748204,-0.30312735016615955,-0.2009859790965924,,,-0.2434155466749171,-0.275363117815951,-0.29906954425259474,-0.31428756330025687,-0.312936664000145,-0.28993491463831966,-0.24797649807868968,-0.20072491647809987,,,,,,,,,,,,,,,,,,,,,,,,,,,,,,,,,,,,,,,,,,,,,,,,,,,,,,,,,,,,,,,,,,,,,,,,,0.20303361276280976,0.214151746807421,,,,,,,,,,,,,,,,,,,,,,,,,,,,,,,,,,,,,,,,,,,,,,,,,,,,,0.21077902997392428,0.20851162116477706,,,,,,,,,,,,,,,0.20200172447623319,0.2048205810097678,0.2039576682491084
348,,,,,,,,,,,,,,,,,,,,,,,,,,,,,,,,,,,,0.21167077192140077,0.2071976731396551,,,,0.20947489550597997,0.2131874799382844,,,,,,,,,,,,,,,,,0.21115364355858157,0.22205456764274317,0.21531918824076862,,,,,,,,,,,,,,,,,,,,,,,,,,,,,,,,,,,,,,,,,,,,,,,,,,,,,,,,,,,,,,,,,,,,,,,,-0.20136292551617777,-0.24147675985217337,-0.25380013973489224,-0.24726501388075756,-0.23794566368423486,-0.2366575405462586,-0.24169473919614046,-0.24873792596839714,-0.25910612402205896,-0.2738060055747312,-0.29120985959098294,-0.3114802106719832,-0.3419726061132972,-0.38672185611541987,-0.4260949504176068,-0.43135130078408224,-0.4027730119324442,-0.3707710824826216,-0.360163323470743,-0.36361749563612583,-0.3497337250709483,-0.3060491457764263,-0.2699244070400278,-0.28939029014523915,-0.360819978835324,-0.43631290006103973,-0.4812661549364877,-0.4980385504992728,-0.5013982980691192,-0.48804358760222477,-0.43391823028918197,-0.33301402093182897,-0.23451717348153,-0.20288630800556057,-0.24119574759289614,-0.2984070685856637,-0.34042473959616537,-0.3680927881119198,-0.38507137371482064,-0.38870935572461307,-0.37725617657632005,-0.3489724192252248,-0.30689707635561503,-0.2636902648020617,-0.23516735873315253,-0.22891687396248223,-0.23661299619895887,-0.23978967162101705,-0.2280499245825795,-0.21055114164819064,-0.2008796550534795,,,,,,,,,,,,,,,,,,,,,,,,,,,,,,,,,,,,,,,,,,,,,,,,,,,,,,,,,,,,,,,,,,,,,,,,,,,,,,,,,,,,,,,,,,,,,,,,,,,,,,,,,,,,,,,,,,,,,,,,,,,,,,,,,,,,,,,,,
353,,,,,,,,,,,,,,,,,,,,,,,,,,,,,,,,,,,,,,,,,,,,,,,,,,,,,,,,,,,,,,,,,,,,,,,,,,,,,,,,,,,,,,,,,,,,,,,,,,,,,,,,,,,,,,,,,,,,,,,,,,,,,,,,,,,,-0.22005678973535436,-0.2700630096803274,-0.30985263613222613,-0.32576798682409813,-0.3191373368814654,-0.304683059317276,-0.29515173984249554,-0.29391789920546463,-0.3048531236483093,-0.32940614520143185,-0.35529160957081074,-0.36982244656071206,-0.37755986049152035,-0.3956492881145868,-0.4318284418096091,-0.4680537353949311,-0.47732562799181355,-0.45787336426928926,-0.4352538985539919,-0.42831077943790075,-0.42400836872829806,-0.3923549159286465,-0.33065088471508725,-0.2838781643598228,-0.29822154269551526,-0.36437139883913794,-0.43251747543208874,-0.46809676746861295,-0.4754098156428366,-0.4761893598922762,-0.47178990669238074,-0.43421616446577327,-0.34904246155815843,-0.2593232098389061,-0.23108885628001968,-0.27273389704070927,-0.33274754863817263,-0.3719415014706517,-0.390323933432963,-0.3982433959915527,-0.4027454923650329,-0.40606433876375114,-0.39793668458538156,-0.3685355640010447,-0.32735428504681424,-0.29437410826663474,-0.27979552087009063,-0.2774215947249767,-0.2723189588308158,-0.25584315459055934,-0.23816774454644007,-0.23551275532950974,-0.24613038001887216,-0.2568964417415884,-0.26293648798806873,-0.263438987132947,-0.24857231841263638,-0.21142769024698524,,,,,,,,,,,,,,,,,,,,,,,,,,,,,,,,,,,,,,,,,,,,,,,,,,,,,,,,,,,,,,,,,,,,,,,,,,,,,,,,,,,,,,,,,,,,,,,,,,,,,,,,,,,,,,,,,,,,,,,,,,,,,,,,,,,
358,,,,,,,,,,,,,,,,,,,,,,,,,,,,,,,,,,,,,,,,,,,,,,,,,,,,,,,,,,,,,,,,,,,,,,,,,,,,,,,,,,,,,,,,,,,,,,,,,,,,,,,,,,,,,,,,,,,,,,,,,,,,,,,,,,-0.201902116124613,-0.2269946891374873,-0.2628807315069496,-0.30309532234840164,-0.34032097911481285,-0.3597887831954708,-0.35669736530087326,-0.3447029593783254,-0.33620940584328457,-0.3353886265456388,-0.3504325045597412,-0.3823053024844266,-0.41010314964943595,-0.4152329451154265,-0.40654096249988103,-0.4081857017634595,-0.4306943759403936,-0.46018921291146153,-0.4751764884194136,-0.47086605359765726,-0.4620858014584254,-0.45886777419054353,-0.4457484732946878,-0.3976155713710017,-0.32201931378810345,-0.2707649064672063,-0.2867387373460792,-0.3531098626264669,-0.4172369901740294,-0.44449304305406023,-0.44030876752526393,-0.4327848136963913,-0.4295326858541373,-0.40213531492675775,-0.3318195107112868,-0.2557907918128247,-0.235649734102384,-0.27977167951918186,-0.3377561554324891,-0.3700598951433773,-0.37734635553444706,-0.37489924290073773,-0.37779298321833077,-0.39131355227939685,-0.39919858515564255,-0.384848967333808,-0.354594821834156,-0.32513433211557535,-0.30544283458643684,-0.29325687013080465,-0.27983348488997206,-0.26012509583190035,-0.24376573558825576,-0.2460118396394239,-0.2649878348723904,-0.28365168237154753,-0.2902419704943346,-0.2845863082223518,-0.266094439634918,-0.2336338490003007,-0.20184267534061082,,,,,,,,,,,,,,,,,,,,,,,,,,,,,,,,,,,,,,,,,,,,,,,,,,,,,,,,,,,,,,,,,,,,,,,,,,,,,,,,,,,,,,,,,,,,,,,,,,,,,,,,,,,,,,,,,,,,,,,,,,,,,,,,,,
363,,,,,,,,,,,,,,,,,,,,,,,,,,,,,,,,,,,,,,,,,,,,,,,,,,,,,,,,,,,,,,,,,,,,,,,,,,,,,,,,,,,,,,,,,,,,,,,,,,,,,,,,,,,,,,,,,,,,,,,,,,-0.21146297051951746,-0.20737739061555427,-0.20213759822252225,-0.20996309561375198,-0.22515958283447546,-0.22998426882470785,-0.21670329476609304,-0.20231945561414935,-0.21130113323052582,-0.24250712896236398,-0.2763673684178842,-0.3087177888858417,-0.3427193391617863,-0.365355303752402,-0.36766590156523704,-0.3618728333384021,-0.3592988804098855,-0.36255181689880944,-0.3798295038276064,-0.41079081240164206,-0.43234142976343926,-0.4265064204738669,-0.4046840716574896,-0.3919299612028131,-0.3989697988209226,-0.41715985500357544,-0.4326541713687767,-0.4396780865984461,-0.4425085540212227,-0.4426461358727055,-0.42501329162598983,-0.36968498256752313,-0.2891809379604796,-0.23737256312894012,-0.25530934241723535,-0.3236620932122932,-0.38928300266235427,-0.41585037068761777,-0.4057638604692151,-0.3879612139983164,-0.3754136125460391,-0.3468707786700598,-0.2876301630047478,-0.22856140901982008,-0.21932209105177183,-0.26472951890258095,-0.3196337920598596,-0.34820639197122316,-0.3505631543952666,-0.34279878598421915,-0.3432786337904612,-0.35818248066687075,-0.3714842840234521,-0.36961727393719823,-0.35660681183742743,-0.3393388243393769,-0.3222015444493701,-0.30757489415411426,-0.29248726767058025,-0.2732476219024458,-0.25776439252880545,-0.2603752001344329,-0.2791415503711982,-0.2957269524020645,-0.29666660929222755,-0.2839782907189248,-0.26436090440485976,-0.24150107272259638,-0.22554589613760512,-0.22545055596489558,-0.22910457956380503,-0.21846481312794522,,,,,,,,,,,,,,,,,,,,,,,,,,,,,,,,,,,,,,,,,,,,,,,,,,,,,,,,,,,,,,,,,,,,,,,,,,,,,,,,,,,,,,,,,,,,,,,,,,,,,,,,,,,,,,,,,,,,,,,,,,,,,,,
368,,,,,,,,,,,,,,,,,,,,,,,,,,,,,,,,,,,,,,,,,,,,,,,,,,,,,,,,,,,,,,,,,,,,,,,,,,,,,,,,,,,,,,,,,,,,,,,,,,,,,,,,,,,,,,,,,,,,,,,,,-0.20727890036049912,-0.2163940650399514,-0.2051601607212889,,-0.20404815469533089,-0.22907829683487355,-0.24307522873939263,-0.23140412678519112,-0.21169386237937748,-0.2145203371719758,-0.24269284190531049,-0.27380370275688276,-0.3008704667610401,-0.3309542758788734,-0.35495335054012606,-0.3611482167673008,-0.3580280321815723,-0.35804429135361304,-0.36580695716497924,-0.3856608167349148,-0.4110650930951871,-0.4210638667203481,-0.40549519083606567,-0.37686167374561547,-0.3547898812985,-0.348207154818552,-0.35298107671945456,-0.3612457250916028,-0.3695982405203432,-0.3784042398778516,-0.3832487550196435,-0.3682436236625104,-0.31620449852868643,-0.2394319190447028,,-0.20523904616484254,-0.27427614441073256,-0.34564825784607844,-0.3801743956311449,-0.3739931749937615,-0.3500699762706261,-0.32304819150330266,-0.28564337039122945,-0.23560652737533067,,,-0.24088592725166777,-0.2880309597380786,-0.31358739459828466,-0.3167570314297392,-0.3107389943071072,-0.31196364267012283,-0.3247947319672727,-0.33694520409746564,-0.34263140548567317,-0.3451446971846228,-0.34151968106878783,-0.33126536747155594,-0.32134968018144283,-0.312308812753005,-0.2968752598233504,-0.2798481703695025,-0.2776303026914083,-0.2903666324375327,-0.3000081670651599,-0.2942124180560799,-0.2774581852839588,-0.2599466712068757,-0.24616502901276202,-0.24023754450636303,-0.24500140955150548,-0.24994204724483382,-0.2420645330993147,-0.2255051144822604,-0.21423370798286048,-0.21153238607095548,-0.2073651469600356,,,-0.2078353761909482,-0.22152934397198962,-0.22259675249807487,,,,,,,,,,,,,,,,,,,,,,,,,,,,,,,,,,,,,,,,,,,,,,,,,,,,,,,,,,,,,,,,,,,,,,,,,,,,,,,,,,,,,,,,,,,,,,,,,,,,,,,,,,,,,,,,,,,,,,
373,,,,,,,,,,,,,,,,,,,,,,,,,,,,,,,,,,,,,,,,,,,,,,,,,,,,,,,,,,,,,,,,,,,,,,,,,,,,,,,,,,,,,,,,,,,,,,,,,,,,,,,,,,,,,,,,,,,,,,,,,-0.21061513084010336,-0.20258780027953266,,,,-0.20064809338045478,-0.23197147793674217,-0.23497557777137784,-0.21944205158165064,-0.2128181528835919,-0.22850377531031102,-0.25445514301254135,-0.28038620222513033,-0.30934146041907595,-0.33559509122516673,-0.3455062751235364,-0.34105759731016394,-0.33799109010334055,-0.34810608410881694,-0.3697434463651522,-0.385589035873079,-0.3801183487729416,-0.3562359154253951,-0.3247684946716416,-0.29505906438932167,-0.27575057004905007,-0.2684274569905888,-0.26776028647343053,-0.27243711026432454,-0.28384568276808486,-0.2941073423950203,-0.2845000766549756,-0.23941306794345169,,,,,-0.2692175045402339,-0.31551780615423997,-0.3211096084979481,-0.2985017027424065,-0.2597152547161044,-0.212358706534181,,,,-0.20061462561675025,-0.23644844968908926,-0.25718790370806477,-0.26518306962891,-0.26981956625057263,-0.27953887820862866,-0.29402348023262836,-0.3054443483981613,-0.3146347884764966,-0.3253956245060867,-0.32979790032378575,-0.324449371051158,-0.32017910295438534,-0.3201064287089115,-0.3111789094215235,-0.29196954404962383,-0.2805096112485072,-0.2830568958552566,-0.285898297439902,-0.278023435750292,-0.26306592032105913,-0.249171390071442,-0.2379807248220667,-0.2304241818183958,-0.23020346470808506,-0.2337731579977673,-0.23361539710842927,-0.22983414865640095,-0.22585090310371958,-0.22090457478593373,-0.21361854265953217,-0.2074785031579776,-0.2059512485803074,-0.20815931479874264,-0.2119143563205273,-0.20844955508406682,,,,,,,,,,,,,,,,,,,,,,,,,,,,,,,,,,,,,,,,,,,,,,,,,,,,,,,,,,,,,,,,,,,,,,,,,,,,,,,,,,,,,,,,,,,,,,,,,,,,,,,,,,,,,,,,,,,,,,
378,,,,,,,,,,,,,,,,,,,,,,,,,,,,,,,,,,,,,,,,,,,,,,,,,,,,,,,,,,,,,,,,,,,,,,,,,,,,,,,,,,,,,,,,,,,,,,,,,,,,,,,,,,,,,,,,,,,,,,,,,,,,,,,,-0.21438987833168227,-0.20760095823569688,,,-0.2168639974986255,-0.2465679154793458,-0.2785343512351549,-0.30742301843624914,-0.31989365507332745,-0.3124604280701381,-0.3035954639570373,-0.312568280139837,-0.3326223010610526,-0.337265514461502,-0.3174695457500417,-0.28768730436479595,-0.2545653368763994,-0.21731662219365605,,,,,,,,,,,,,,-0.20294827433289997,-0.22304174780295355,-0.20855744425165218,,,,,,,,,,-0.21452382015784835,-0.23777474288006295,-0.25559662975323133,-0.26715734491856935,-0.2784665076907167,-0.29332416981267523,-0.3021150691708614,-0.29903486012567093,-0.29599518462131535,-0.30000973553761023,-0.29764808284813016,-0.28085139850390217,-0.26330859245302485,-0.2563547227468797,-0.25448122762277414,-0.24928147075414564,-0.2399500768787537,-0.22741816474413185,-0.21006795772940295,,,,,-0.2043863713483396,-0.2066289655569573,,,,,,,,,,,,,,,,,,,,,,,,,,,,,,,,,,,,,,,,,,,,,,,,,,,,,,,,,,,,,,,,,,,,,,,,,,,,,,,,,,,,,,,,,,,,,,,,,,,,,,,,,,,,,,,,,,,,,,,,,,,,,
383,,,,,,,,,,,,,,,,,,,,,,,,,,,,,,,,,,,,,,,,,,,,,,,,,,,,,,,,,,,,,,,,,,,,,,,,,,,,,,,,,,,,,,,,,,,,,,,,,,,,,,,,,,,,,,,,,,,,,,,,,,,,,,,,,,,,,-0.20612259592488164,-0.23786193213038273,-0.2640696996217554,-0.2747583157339368,-0.2641468127399448,-0.2490771401265889,-0.25077077437778905,-0.2628533591794188,-0.2597987717258512,-0.23649687991594875,-0.20797830571779205,,,,,,,,,,,,,,,,,,,,,,,,,,,,,,,-0.2066752629575263,-0.21964112911901135,-0.23876841647725824,-0.25325118185251494,-0.2533641224696827,-0.2477600194879244,-0.24854559775875437,-0.25042138774213857,-0.24290319065062926,-0.22913720631013873,-0.21780649037880445,-0.21146841350912748,-0.208455311243527,-0.20439737470863084,,,,,,,,,,,,,,,,,,,,,,,,,,,,,,,,,,,,,,,,,,,,,,,,,,,,,,,,,,,,,,,,,,,,,,,,,,,,,,,,,,,,,,,,,,,,,,,,,,,,,,,,,,,,,,,,,,,,,,,,,,,,,,,,,,,,,
388,,,,,,,,,,,,,,,,,,,,,,,,,,,,,,,,,,,,,,,,,,,,,,,,,,,,,,,,,,,,,,,,,,,,,,,,,,,,,,,,,,,,,,,,,,,,,,,,,,,,,,,,,,,,,,,,,,,,,,,,,,,,,,,,,,,,,,,,-0.20157112926692297,,,,,,,,,,,,,,,,,,,0.2020508259667777,0.21682353616437056,,,,,,,,,,,,,,,,,,,,,,,,,,,,,,,,,,,,,,,,,,,,,,,,,,,,,,,,,,,,,,,,,,,,,,,,,,,,,,,,,,,,,,,,,,,,,,,,,,,,,,,,,,,,,,,,,,,,,,,,,,,,,,,,,,,,,,,,,,,,,,,,,,,,,,,,,,,,,,,,,,,,
393,,,,,,,,,,,,,,,,,,,,,,,,,,,,,,,,,,,,,,,,,,,,,,,,,,,,,,,,,,,,,,,,,,,,,,,,,,,,,,,,,,,,,,,,,,,,,,,,,,,,,,,,,,,,,,,,,,,,,,,,,,,,,,,,,,,,,,,,,,,,,,,,,,,,,,,,,,0.23363835536814995,0.27480883343007534,0.28726881677742727,0.26683668287162027,0.22262333444333493,,,,,,0.21937980146794483,0.22874337457126992,0.2109424313449637,,,,,,,,,,,,,,,,,,,,,,,,,,,,,,,,,,,,,,,,,,,,,,,,,,,,,,,,,,,,,,,,,,,,,,,,,,,,,,,,,,,,,,,,,,,,,,,,,,,,,,,,,,,,,,,,,,,,,,,,,,,,,,,,,,,,,,,,,,,,,,,,,,,,,,,,,,
398,,,,,,,,,,,,,,,,,,,,,,,,,,,,,,,,,,,,,,,,,,,,,,,,,,,,,,,,,,,,,,,,,,,,,,,,,,,,,,,,,,,,,,,,,,,,,,,,,,,,,,,,,,,,,,,,,,,,,,,,,,,,,,,,,,,,,,,,,,,,,,,,,,,,,,,,0.22552966252673404,0.2557659844328016,0.2846779879689088,0.307900209654287,0.3123648915324934,0.2966017607445611,0.26653451461212446,0.22691547730653108,,0.20407408626169282,0.24060892312374105,0.2799540150601232,0.3100213273815431,0.3272233945768131,0.31647792864569924,0.26848576520471323,,,,,,,,,,,,,,,,,,,,,,,,,,,,,,,,,,,,,,,,,,,,,,,,,,,,,,,,,,,,,,,,,,,,,,,,,,,,,,,,,,,,,,,,,,,,,,,,,,,,,,,,,,,,,,,,,,,,,,,,,,,,,,,,,,,,,,,,,,,,,,,,,,,,,,,,,
403,,,,,,,,,,,,,,,,,,,,,,,,,,,,,,,,,,,,,,,,,,,,,,,,,,,,,,,,,,,,,,,,,,,,,,,,,,,,,,,,,,,,,,,,,,,,,,,,,,,,,,,,,,,,,,,,,,,,,,,,,,,,,,,,,,,,,,,,,,,,,,,,,,0.20517895092336963,0.20307451368660745,0.20776880543445347,0.21976924248476976,0.23869685489301048,0.2674128860040632,0.2953114913322832,0.3104876710459177,0.31822756928764984,0.32278433457724787,0.3187314546815535,0.30751392786325465,0.29070747886668774,0.2636036331271724,0.23940690526925518,0.24563190719782085,0.2831159771677515,0.32771131035586476,0.36585207451127594,0.39218850743355804,0.39047451901105956,0.34923706386468867,0.2837779154744125,0.2260388517797369,,,,,0.20347243682006663,,,,,,,,,,,,,,,,,,,,,,,,,,,,,,,,,,,,,,,,,,,,,,,,,,,,,,,,,,,,,,,,,,,,,,,,,,,,,,,,,,,,,,,,,,,,,,,,,,,,,,,,,,,,,,,,,,,,,,,,,,,,,,,,,,,,,,,,,,,,,,,,,,
408,,,,,,,,,,,,,,,,,,,,,,,,,,,,,,,,,,,,,,,,,,,,,,,,,,,,,,,,,,,,,,,,,,,,,,,,,,,,,,,,,,,,,,,,,,,,,,,,,,,,,,,,,,,,,,,,,,,,,,,,,,,,,,,,,,,,,,,,,,,,0.21125878654287342,0.2000175987894199,,,0.23534836455621852,0.2642394125155195,0.2694152007449284,0.26443100737004865,0.2667972559191067,0.2794708737086239,0.3014861960955282,0.32989108934807343,0.3521690902645982,0.3597417389306167,0.3582303820171333,0.3523461183825366,0.3415528458162598,0.32968186526958126,0.3160702867451598,0.29298527144304165,0.2696635446748684,0.27119616685616976,0.3017834078022592,0.34250126248899126,0.38171662606444884,0.4129255416862043,0.4174404868455727,0.38359746577660214,0.33002003118283874,0.2896181045244622,0.2781760054729731,0.28471534042739277,0.29105158038285533,0.29211872752501317,0.2902674599279679,0.28219061684477187,0.26385439945995953,0.240918258782999,0.2245091594194159,0.21517014883471766,0.20147501316644234,,,,,,,,,,,,,,,,,,,,,,,,,,,,,,,,,,,,,,,,,,,,,,,,,,,,,,,,,,,,,,,,,,,,,,,,,,,,,,,,,,,,,,,,,,,,,,,,,,,,,,,,,,,,,,,,,,,,,,,,,,,,,,,,,,,,,,,,,,,,
413,,,,,,,,,,,,,,,,,,,,,,,,,,,,,,,,,,,,,,,,,,,,,,,,,,,,,,,,,,,,,,,,,,,,,,,,,,,,,,,,,,,,,,,,,,,,,,,,,,,,,,,,,,,,,,,,,,,,,,,,,,,,,,,,,,,,,,,,,0.20096104770975795,0.21746576019911604,0.23836266880428697,0.24663552429010288,0.2392494527728084,0.23969258271873095,0.262235320938258,0.29232992276480413,0.30938916168206376,0.31026168250710684,0.30704530674212815,0.31184086838022174,0.3295229286578063,0.3579044434636217,0.38643050728913914,0.4038768331169924,0.41005140790026573,0.4087636400340864,0.3981281365807881,0.3781728581679138,0.35573059572650945,0.3341348335593029,0.31026576862295646,0.2889985727126202,0.2862622566755334,0.3070117428119872,0.33949684691972315,0.37568212359862885,0.40895426685164005,0.4180131143913784,0.3900099100891085,0.34816637643639636,0.32677300977920715,0.3336619746096244,0.35131421357931203,0.36092743917248826,0.35836790517472744,0.35054882777785196,0.3419737807917536,0.32970222870068844,0.3108068648655742,0.29032829148704986,0.27266780865144885,0.25250428986863854,0.22668037448785944,0.20130710912083988,,,,,,,,,,,,,,,,,,,,,,,,,,,,,,,,,,,,,,,,,,,,,,,,,,,,,,,,,,,,,,,,,,,,,,,,,,,,,,,,,,,,,,,,,,,,,,,,,,,,,,,,,,,,,,,,,,,,,,,,,,,,,,,,,,,,,,,,,,
418,,,,,,,,,,,,,,,,,,,,,,,,,,,,,,,,,,,,,,,,,,,,,,,,,,,,,,,,,,,,,,,,,,,,,,,,,,,,,,,,,,,,,,,,,,,,,,,,,,,,,,,,,,,,,,,,,,,,,,,,,,,,,0.21306160626570947,0.2198929709116564,,,,,,0.20386761738720222,0.21216443661576084,0.2163108886266206,0.22015949420187703,0.22756298241120476,0.24015225932655493,0.2587492542935047,0.27581868316467817,0.27863687384509794,0.27418882693167734,0.28328630384133024,0.30650675625593543,0.32448895580811565,0.32827054320165194,0.3258217753494914,0.3269559832200474,0.33929779324036835,0.36827237248034383,0.4076666604853233,0.4390039756842207,0.4527943128090372,0.4566302880934585,0.4528138953314213,0.4332248782306357,0.3979595765185545,0.35799286306732736,0.32445526738491925,0.3020737263376821,0.2895383819378058,0.2884268624753935,0.302962166332837,0.33106016285802287,0.3690898124730824,0.4093803052540339,0.42705955069141893,0.4054194461885549,0.3699971035835529,0.3574109809908147,0.3690603308237451,0.38426588764910646,0.3913841054784726,0.39064529148721294,0.3866333553385356,0.38367404474130745,0.37967295309428917,0.36810846896501703,0.3498005100317413,0.3285276551825802,0.3019550141313444,0.2713422700649517,0.24396728981576893,0.22496175410769986,0.2137352436857208,,,,,,0.20252938374014468,0.20838678308735895,,,,,,,,,,,,,,,,,,,,,,,,,,,,,,,,,,,,,,,,,,,,,,,,,,,,,,,,,,,,,,,,,,,,,,,,,,,,,,,,,,,,,,,,,,,,,,,,,,,,,,,,,,,,,,,,,,,,,,,,,,,,,,,,,
423,,,,,,,,,,,,,,,,,,,,,,,,,,,,,,,,,,,,,,,,,,,,,,,,,,,,,,,,,,,,,,,,,,,,,,,,,,,,,,,,,,,,,,,,,,,,,,,,,,,,,,,,,,,,,,,,,,,,,,,,,,,,0.20714815713537277,0.24481213206245456,0.25670081175296644,0.23440336019694819,,,0.20757218174784864,0.23676447513730792,0.2520214202297273,0.2575100349601329,0.26202249911820163,0.26742346611682594,0.2764859521078011,0.2916043506500766,0.30972790566557384,0.3198489246256434,0.3143224762225548,0.3065600721975261,0.3158059503782312,0.33637659593080715,0.34644033347013903,0.3411262780616243,0.33373435889509057,0.33682163169023227,0.35914972224960157,0.40299310159455065,0.4538355818399532,0.4876102056929781,0.49708467247885624,0.49406621342135926,0.4805162283744987,0.44607339498608206,0.39180336203961474,0.33317293757058264,0.28940363335339114,0.2726817264441145,0.2758231247160283,0.28395982878215575,0.2972246362592347,0.32516589059027423,0.3716300469336503,0.4256060279485876,0.4558905148048283,0.44114268266294676,0.4067906326056723,0.39124560915986284,0.3939344428593622,0.39572463846409267,0.3959489732657889,0.40152114079689627,0.410074150347362,0.4160689038821659,0.41499937632719713,0.4036308027562016,0.3851609767662615,0.3626918654907059,0.33504736558794446,0.30750029981598126,0.2868580086757835,0.27350328824559733,0.26549809841127026,0.24893592342686185,0.2067880937615581,,,0.20159310912035616,0.26203475547792743,0.2825845443874971,0.2580350353693921,0.21748234189108917,,,,,,,,,,,,,,,,,,,,,,,,,,,,,,,,,,,,,,,,,,,,,,,,,,,,,,,,,,,,,,,,,,,,,,,,,,,,,,,,,,,,,,,,,,,,,,,,,,,,,,,,,,,,,,,,,,,,,,,,,,,,,,,
428,,,,,,,,,,,,,,,,,,,,,,,,,,,,,,,,,,,,,,,,,,,,,,,,,,,,,,,,,,,,,,,,,,,,,,,,,,,,,,,,,,,,,,,,,,,,,,,,,,,,,,,,,,,,,,,,,,,,,,0.20757088046730132,0.21877876381087638,0.22499179235722164,0.22249711827453933,0.2173087992033909,0.22043749564086668,0.23845917232576497,0.2620302753444819,0.26907847258502643,0.25039980612531676,0.22598858228758478,0.22591399088240352,0.25170381665912933,0.2739139939291935,0.2774842633198521,0.2793315989216376,0.29247847382352044,0.3110110137945193,0.33048511801159963,0.35130284869247597,0.36754411699671974,0.3677171259427444,0.35000764939002704,0.3341372983678418,0.34160641373648837,0.3643648322401474,0.37468890373562636,0.36306528941866867,0.34596483425896,0.34572590535237613,0.37559737662341586,0.4305563813132033,0.48708115383182693,0.5205152890288579,0.5265941088883807,0.517306274039902,0.4941253031652858,0.4457898687917773,0.3730777304555582,0.2968259265711131,0.2454586473455358,0.23677411901400625,0.2583126583801966,0.2800606226188105,0.2949861855376693,0.3231845043545371,0.3787570185722342,0.4467884147607396,0.4886790405076876,0.4807081466382036,0.4464207466632144,0.42299394961968395,0.4124424324499386,0.4013242515396711,0.39675388212010976,0.4098216836081212,0.432073754311482,0.44587760779614044,0.44137893095420877,0.4217426262257339,0.3976201346810365,0.37315752058666407,0.3476652915769025,0.3283108704922535,0.3197786968714581,0.3166173145782696,0.31421998524760286,0.30134854019328466,0.26307127465465374,0.21568699982316544,0.20347714061394437,0.24366522160431298,0.3011726040152527,0.3287246794067533,0.314980016624,0.28032826120300425,0.24696785320799236,0.22662078394317803,0.21521199486594592,0.2048850736247086,0.20090858197303402,0.207414940898462,0.21218108774527444,,,,,,,,,,,,,,,,,,,,,,,,,,,,,,,,,,,,,,,,,,,,,,,,,,,,,,,,,,,,,,,,,,,,,,,,,,,,,,,,,,,,,,,,,,,,,,,,,,,,,,,,,,,,,,,,,,,,,,,,
433,,,,,,,,,,,,,,,,,,,,,,,,,,,,,,,,,,,,,,,,,,,,,,,,,,,,,,,,,,,,,,,,,,,,,,,,,,,,,,,,,,,,,,,,,,,,,,,,,,,,,,,,,,,,,,,,,,,,,0.20461590681524017,0.22458651699910723,0.25103398062906196,0.2756990443531562,0.28595774586104794,0.2825764052669586,0.2750316171980695,0.2723063439236856,0.27460118189190647,0.2707652274817637,0.2563579866306653,0.24765028505983216,0.261869659670724,0.2880546874359795,0.29722470975046683,0.28703859931100195,0.28680244856675186,0.31012428506461637,0.3424961951218314,0.37333636265705517,0.4007490028695698,0.4150003305960852,0.4036743634612694,0.37175598712700353,0.34833666489367365,0.35891890357092343,0.39118901741913026,0.40844002000688195,0.3944433984809683,0.3687460335085252,0.36316169566186024,0.3928298438272273,0.4456320225920155,0.4960401267168498,0.5260604335224366,0.5337508138805559,0.5255738551829577,0.4991794826072189,0.4416708304686284,0.35357294463674893,0.2624905578968808,0.2053920536985789,0.20174718814575188,0.23448509193870332,0.2652841756397699,0.2822728289544055,0.3114071988621151,0.37416621335189926,0.4530707836990578,0.5050975448455035,0.5067449226272065,0.4775256418019457,0.45000328293297,0.43153482606632165,0.4159918237340867,0.4115833391446798,0.4286497283074653,0.45710724524330204,0.47391109687433863,0.4656996532022476,0.43998944950798047,0.4123584456558198,0.38659500285871373,0.36127620430723395,0.34436294267304784,0.3411155695597543,0.34551550664165537,0.35170021599492807,0.3502726569276817,0.32711269491633943,0.28853309081095596,0.26675207164886144,0.2835111485334636,0.32122279135362897,0.344580692280805,0.34163086344643995,0.32316679513206803,0.2989747932048368,0.2746303554213444,0.2534922525172639,0.2399809236761799,0.23961866582434,0.24825080535626892,0.25237207573049164,0.23965256991523762,0.21049428397481432,,,,,,,,,,,,,,,,,,,,,,,,,,,,,,,,,,,,,,,,,,,,,,,,,,,,,,,,,,,,,,,,,,,,,,,,,,,,,,,,,,,,,,,,,,,,,,,,,,,,,,,,,,,,,,,,,,,,,,
438,,,,,,,,,,,,,,,,,,,,,,,,,,,,,,,,,,,,,,,,,,,,,,,,,,,,,,,,,,,,,,,,,,,,,,,,,,,,,,,,,,,,,,,,,,,,,,,,,,,,,,,,,,,,,,,,,,,,,0.21872896839388112,0.2413054447548984,0.27314846086547084,0.30648814517606626,0.32519396857514793,0.3261037223247433,0.31615869556209497,0.30309237696372765,0.2911967350409417,0.27849384230151514,0.26698890864135755,0.2695656511536179,0.2912859701336581,0.31374977971167683,0.31412685768264514,0.3001045248276313,0.3024519657450354,0.3293459367533591,0.36356923107991357,0.39662122155419877,0.42651430718233335,0.4392121094555699,0.4214701960902208,0.3841347797375335,0.36166746978109454,0.37842932623854075,0.4183700430966128,0.4432391428751124,0.43505523978400273,0.4114199106730048,0.4031371872202504,0.4225094819257976,0.45629665618101095,0.48761889954641513,0.5113826910059246,0.5263242559439961,0.5268980078589136,0.5016608594269318,0.4375744950409731,0.3400918275338128,0.2427289184452041,,,0.20349518057503518,0.23020429585991864,0.24720191048095153,0.28009526802225526,0.34936141755197414,0.4361629059309164,0.49799799112784304,0.5126084747969539,0.4942436930537074,0.47018333679046515,0.4531314808159417,0.44270068277741287,0.44331125961605977,0.4605972809572887,0.48537469852121606,0.49746039485729143,0.4861506020168762,0.46099508960709834,0.43677962763886213,0.4143746948898064,0.389398080958052,0.36786937133737385,0.3583520129916389,0.36168982164063335,0.3740947596432419,0.3852786695078361,0.37921789509514775,0.3524612563519587,0.3254309998567086,0.3214561210333783,0.3368856522082747,0.3497259058223212,0.3526074000240327,0.3498379255417852,0.33752270312490323,0.3116586203109985,0.2814497067672593,0.2654270424207582,0.26991705635227065,0.27951052784330566,0.2796819521153645,0.2695103537317448,0.25324728691355863,0.2370865291088035,0.2272444570065213,0.22373404529893381,0.21939635193050497,0.2081411895117786,,,,,,,0.20537702282470238,0.2180875211035353,0.22065558758896964,0.20839368412781584,,,,,,,,,,,,,,,,,,,,,,,,,,,,0.20893529507211817,0.21049171935484573,,,,,,,,,,,,,,,,,,,,,,,,,,,,,,,,,,,,,,,,,,,,,,,,,,,,,,,,,,,,,,,,,,,,,,,,,,
443,,,,,,,,,,,,,,,,,,,,,,,,,,,,,,,,,,,,,,,,,,,,,,,,,,,,,,,,,,,,,,,,,,,,,,,,,,,,,,,,,,,,,,,,,,,,,,,,,,,,,,,,,,,,,,,0.20781311238521244,0.2085947512541748,,,,0.2131606355984988,0.23709627542891032,0.25867232073557667,0.286787328391585,0.3169020237063841,0.3352898622049032,0.3387280073544757,0.33226922528263814,0.3201577688619337,0.30551904259625795,0.2906884841508086,0.28194206347742634,0.2888870347094392,0.30916327318704195,0.32614192481331195,0.32838032396224587,0.32565249140645747,0.33577618463316816,0.3583206241949468,0.382161484572744,0.406958079526735,0.43101026028787526,0.43950615720727304,0.4240382363470324,0.39828057984088694,0.3890111308863181,0.4102483099999129,0.447799097236131,0.4752279344325148,0.4789141985819794,0.4674986638796661,0.46010065763487584,0.46446708211187876,0.47218802252726105,0.4790763847772792,0.4932689823073677,0.5149178934220945,0.5260834296274524,0.5032663799147054,0.43474247831165747,0.3357797530293582,0.24263489511257155,,,,,0.208084009687766,0.2471244274176171,0.32043624589354375,0.40986700872925097,0.47720535974298006,0.5011623587813088,0.4919396622604385,0.4742606746894229,0.46483097562665904,0.46553675377213033,0.4748964298478483,0.4920280804853904,0.5081611985164741,0.5093022113625041,0.491800371054412,0.46782286011889096,0.4495702812838047,0.4348888275863363,0.4160932320644274,0.39416292143592824,0.37786649241582604,0.3750210171519712,0.3856986648001977,0.39900822797483243,0.3990852550793317,0.3799584866338209,0.355356041142039,0.34497068425884814,0.34909779549054665,0.3544745308249303,0.3592103723673389,0.36481704295374806,0.36010485499341255,0.33623427441892934,0.3046173545908271,0.2891719078494858,0.29499396160012986,0.29983166874195966,0.29046231627441343,0.27945682092642354,0.27979946199152417,0.28653975466488624,0.2857759430534297,0.27071714687859433,0.2442574961880748,0.21202651788191024,,,,,,,,0.21560945036246928,0.22927349364336863,0.22807390834718674,0.20213180506689649,,,,,,,,,,,,,,,,,,,,,,,,,,,,,,,,,,,,,,,,,,,,,,,,,,,,,,,,,,,,,,,,,,,,,,,,,,,,,,,,,,,,,,,,,,,,,,,,,,,,,,
448,,,,,,,,,,,,,,,,,,,,,,,,,,,,,,,,,,,,,,,,,,,,,,,,,,,,,,,,,,,,,,,,,,,,,,,,,,,,,,,,,,,,,,,,,,,,,,,,,,,,,,,,,,,,,,,0.2047338550127811,0.21353376246884576,0.2108257478515314,0.20431743993222468,0.21077263608905872,0.23159645752086708,0.25367156261031376,0.2716280148691753,0.29182196142841155,0.3136641674252493,0.32817771635306325,0.3322217136029547,0.3280003536852183,0.3167586740086947,0.301739535086017,0.28930869365796597,0.2865251547420705,0.29671280899824776,0.313562932216606,0.32844261562857,0.3412655333763779,0.3569911289719917,0.37543854771856183,0.39058169346930716,0.40179129302971983,0.4150165107739573,0.42661060965831565,0.4256947110874034,0.41443823503623145,0.4069849881459789,0.4144709764428291,0.4373098745839891,0.4672674882532423,0.4942646387910228,0.5097374034786871,0.5114347997422928,0.5059431285782795,0.49919995917167725,0.48855623396153103,0.4758074936693115,0.47596842607501466,0.495724663797003,0.5148818726095098,0.4995683472977338,0.43360668169169714,0.3373029812609263,0.24818033296998254,,,,,,0.22993134008542565,0.3021146460223224,0.3884672667877441,0.45517460411181443,0.48026601065872987,0.4723632252980424,0.45758205398148477,0.45539983887250424,0.46647951389012415,0.4833596583121479,0.5002947517086912,0.5091750839224352,0.500547416600187,0.47633038127057553,0.4522516607364785,0.43911212046700165,0.43197047922518444,0.42244910991429063,0.4092126891486183,0.3964967086886677,0.39030314723119247,0.3920760831600535,0.39377701331669335,0.38519807529130745,0.3652968681163894,0.3460676267006303,0.34075968596904704,0.3460758969989818,0.35140805996102564,0.3573774155559426,0.36442142066891425,0.3615313409060229,0.3421691638892458,0.3171715379361931,0.3052963962835561,0.3077959711022213,0.3034281140594415,0.2842271372973274,0.2724761520946296,0.28712039629238334,0.31517040140911967,0.3251676894950684,0.29973100041016026,0.24968770761741033,,,,,,,,,,0.20742107589365055,0.21944795396194977,0.2026612959245208,,,,,,,,,,,,,0.20343154884433645,0.21375910586478156,0.21573235743755545,0.20767135174327006,,,,,,,,,,,,,,,,,,,,,,,,,,,,,,,,,,,,,,,,,,,,,,,,,,,,,,,,,,,,,,,,,,,,,,,,,,,,,,,0.2038044773434151,0.207852362001951,,,,,,
453,,,,,,,,,,,,,,,,,,,,,,,,,,,,,,,,,,,,,,,,,,,,,,,,,,,,,,,,,,,,,0.20145858189943971,0.20010789069799018,,,,,,,,,,,,,,,,,,,,,,,,,,,,,,,,,,,,,,,,,,,,,,,,,,0.20914144748478902,0.22597797687484406,0.23378606209668007,0.24222831669596767,0.2555393816594316,0.26872804691398605,0.2779224344566895,0.28859461008526566,0.3041265586923052,0.31800391697244457,0.3238080039663882,0.31964720665989654,0.30522434511604946,0.2862098096256903,0.2742408628277324,0.2763287290316899,0.2895979302651505,0.30697645974097487,0.3271736101035974,0.353826217861527,0.3833854995890592,0.4036784499234676,0.4097003919692117,0.41105790362677774,0.4162760244616419,0.41840011544882016,0.40971742017339774,0.3997690785646204,0.4022258004170612,0.4178675552795507,0.4398350186451705,0.4655459878397538,0.4947229016844703,0.5189063804196876,0.526800587780422,0.5188047925911353,0.5045079728218849,0.48628624168105006,0.46329860728762184,0.44935489034778475,0.4607494328697357,0.4859737950195945,0.48514748614207054,0.4291455609988603,0.3332984914487898,0.238285914540735,,,,,,0.2150340638919241,0.28267409161309703,0.3661282710806346,0.43248879095414383,0.4563741152837497,0.445981943085189,0.43027799481262174,0.4298678308427786,0.4436006662982195,0.46157682372995745,0.47732695371116546,0.48437762345186874,0.47417708312344564,0.44915015814243114,0.4276260825950617,0.4202445488757997,0.4183769057297922,0.41452825995775966,0.41089949457208463,0.4078271533378134,0.40283890426149865,0.39504111593262703,0.38145929541616536,0.35948580223957893,0.3340920359052185,0.3182500638697996,0.3203594577781816,0.3314705307780821,0.3396194917089087,0.34485369351535256,0.3472045574880983,0.34049599782183987,0.3244756042198773,0.3080468809843969,0.30007473158461934,0.2980193550948409,0.28787201701566967,0.2683683985869352,0.2621601940394972,0.2843632611540523,0.318380422577793,0.3304653927109541,0.29966256601185165,0.23811432440309624,,,,,,,,,,,,,,,,,,,,,,,,,,0.2092890930575425,0.2205109745852562,0.21995153488628494,,,,,,,,,,,,,,,,,,,,,,,,,,,,,,,,,,,,,,,,,,,,,,,,,,,,,,,,,,,,,,,,,,,,,,,,,,,,,,,0.21605077400094136,0.21544245865862027,,,,,,
458,,,,,,,,,,,,,,,,,,,,,,,,,,,,,,,,,,,,,,,,,,,,,,,,,,,,,,,,,,,0.20155067440391405,0.2133926462233603,0.2222423934367327,0.22385370081284123,0.21598992894149177,,,,,,,,,,,,,,,,,,,,,,,,,,,,,,,,,,,,,,,,,,,,,,,,,0.20308154097937398,0.24061279629472343,0.2638058979978091,0.2754811080704542,0.28111373259883055,0.2818162241103726,0.27766839886898964,0.2768009925754204,0.28644997299707675,0.30111447430528315,0.311630853340905,0.31355150913637503,0.3032806711938573,0.28293872890264904,0.2657652217045879,0.2625904228812649,0.2721342056615147,0.29068345231048376,0.3199223891874534,0.35863188118221423,0.39328448502796287,0.4067817466724778,0.39973579568074064,0.39126516606540873,0.3935887294394547,0.39844655179619703,0.3952651046252548,0.389852430502775,0.3934164325531465,0.40641344295122495,0.42436285815261643,0.4489885222631024,0.48168387301990034,0.5098733041111332,0.5157328716873599,0.4982180805058033,0.47349405456640836,0.45048423387973957,0.42569464923864464,0.4072786953668596,0.4147625571611581,0.4445926364640128,0.4551824678807428,0.4062414830790203,0.3071274788042251,0.20333171884691065,,,,,,,0.2436031287735385,0.32955292928080704,0.4026033490250177,0.43197707447711065,0.423502545124099,0.4064886850232973,0.4011730188114651,0.40836006631064853,0.42216490388435035,0.4378440722685688,0.44903218619860286,0.44513732511448206,0.42553719949211705,0.409312450079107,0.4081411072970878,0.41078367328327037,0.4096324104703398,0.4105387194914064,0.4133337344892973,0.4099795967930474,0.3974459618043792,0.37686103412555194,0.3491538704492101,0.320011520237533,0.3037428199241058,0.30886422818308235,0.323901389959092,0.333988000583547,0.3352914237959733,0.32724391998122293,0.3111826360280815,0.29429821179455795,0.2829000760922896,0.27657471525657773,0.2712819417022697,0.262174281615767,0.25218526101743466,0.2554356325843733,0.2764832790852879,0.3016167514598922,0.31028501795883684,0.28503647652186787,0.2302062969557486,,,,,,,,,,,,,,,,,,,,,,,,,,0.20250294781013028,0.21395617920433568,0.21267220393685107,,,,,,,,,,,,,,,,,,,,,,,,,,,,,,,,,,,,,,,,,,,,,,,,,,,,,,,,,,,,,,,,,,,,,,,,,,,,,,,0.2062853564030936,0.20159624314761876,,,,,,
463,,,,,,,,,,,,,,,,,,,,,,,,,,,,,,,,,,,,,,,,,0.21776742654516903,0.22711068383976893,0.21478143062643357,,,,,,,,,,,,,,0.2043744960362313,0.20280168393440046,,0.20300175803756107,0.21107771467319697,0.21566180817535527,0.21176110458825043,,,,0.20257409760355982,0.20414882411331176,,,,,,,,,,,,,,,,,,,,,,,,,,,,0.20175088851588163,0.21359827784735502,0.20621041164230708,,,,,,,,,,,,,,,0.23738544773857967,0.2645081733371933,0.2784907671793024,0.2830422526445596,0.27963581511235924,0.26973733417935775,0.2613615094999995,0.26274932193945877,0.2721941029774952,0.2850475338435966,0.29941800573215654,0.3058410146273845,0.2934025841475807,0.2701020050080994,0.2541694675455603,0.2541092510796621,0.2714664719192064,0.30661806462389407,0.3509065173956649,0.3835062746008204,0.3867027310820017,0.36578500530764546,0.3455015298227736,0.3445110044461194,0.3593637584474093,0.3741279768333766,0.3813658825053611,0.3852869557163574,0.39035848515000143,0.4008926434893991,0.4233795478514547,0.4567799834203251,0.4838895049966677,0.48396317824374074,0.45565734218538106,0.4189665619554037,0.3899774258148454,0.36821449019383823,0.3559596953048346,0.3661364943374381,0.3955442522533569,0.40435774042081163,0.351886251490637,0.24963821610342837,,,,,,,,,0.2724163581588327,0.35921161261218215,0.40272688688022107,0.4023835197941025,0.38527803741939903,0.372622478600705,0.37125156860732367,0.3821486333464977,0.4007703559723448,0.4179285999932291,0.42109754798532173,0.40759023556360563,0.39591421454417064,0.3992909397984861,0.40773388715305886,0.41216659188903,0.41508319138741606,0.41621612267758124,0.41069298587445313,0.3977997663080637,0.3794304984522927,0.3540364593286843,0.3236911241387725,0.30408487075613444,0.3080007353334824,0.3257628326003808,0.33957435546703296,0.3387674984205369,0.3208291697110579,0.29464407111413843,0.2743397961167617,0.2640939387384687,0.2573241070499803,0.2502618797123901,0.244102511685955,0.2418672568277673,0.24870991528678899,0.2627398528963237,0.27780713050374484,0.28802951694542567,0.2783828778753249,0.24145952581857533,,,,,,,,,,,,,,,,,,,,,,,,0.2061136994881583,0.2046955846761247,0.20289342714567593,0.2066313909705098,0.2001389790585941,,,,,,,,,,,,,,,,,,,,,,,,,,,,,,,,,,,,,,,,,,,,,,,,,,,,,,,,0.20215611228002178,,,,,,,0.20098815181713547,,,,,,,,,,,,,,,,,,,,,,,
468,,,,,,,,,,,,,,,,,,,,,,,,,,,,,,,,,,,,,,,,0.22273920436933542,0.24169603090392197,0.24746715640549766,0.23579136654735877,0.20384944249507664,,,,,,,,,,,,,0.2112899234795605,0.2001419393830159,,,,,,,,,0.20363761339008835,0.20532244279778128,,,,,,,,,,,,,,,,,,,,,,,,,,,,0.21006767530642803,0.2233876106771892,0.2139414648928931,,,,0.2049180738118117,0.20134939569328902,,,,,,,,,,0.20416749420191327,0.22355762206633245,0.2392365871677386,0.24989802997699784,0.2560271207612827,0.25852196801263694,0.2567947633756692,0.2526629856288477,0.24976105795973064,0.25437549381074004,0.2734363915382023,0.29631709376060067,0.2989100796808095,0.2781315296749267,0.2551159432439427,0.24815164598300035,0.26275472828029234,0.29594422023448136,0.33499083317394807,0.3592834849579499,0.35489921346238446,0.32731225117349233,0.2980331137822848,0.28989475591765607,0.30904203212001724,0.33874160066447184,0.3590477937533226,0.36500836528201963,0.3631189862658784,0.36610305978577273,0.38533852462652884,0.41742955490367584,0.4425118402479366,0.44039686748075657,0.40927729062428986,0.36766258184207057,0.3351987998062302,0.31678723207868853,0.3112292824769096,0.32235934636319963,0.34379392125319386,0.3397130060361442,0.27716944607949157,,,,,,,,,,0.20509048749766084,0.3069776533985822,0.36546925527129853,0.3721260340858917,0.35397203659570187,0.33742329754551204,0.3345880117987659,0.34818667748494236,0.37012070076527886,0.3884753380337359,0.3932780031316172,0.3834963278458705,0.37481665105690454,0.3808912817254592,0.3972224864522731,0.41235169770817837,0.41742697203906765,0.4104616553042221,0.39765212148005463,0.3852117168470246,0.3715278747395223,0.3487802556095811,0.3169443942650606,0.2941978138088859,0.2969986317011518,0.3180670114087762,0.33796234901551714,0.34072984898719527,0.32182688095241674,0.2934558121294426,0.27249062299106236,0.2622820315963269,0.25512145316458135,0.2484518103735886,0.24355484927355722,0.23965333154133336,0.23951661285517373,0.24612147325976408,0.26120464689124173,0.281705351863008,0.2886304884625082,0.2674803917598496,0.2360458436493895,0.22076848508870656,0.2240713613932679,0.2349823479906207,0.2439742795004925,0.23966538392915665,0.21621438923689956,,,,,,,,,,,,,,,,,0.2163712177687627,0.21455552110230075,0.2048841032038407,,,,,,,0.20127132460022865,0.21783292651240377,0.20023139397557804,,,,,,,,,,,,,,,,,,,,,,,,,,,,,,,,,,,,,,,,,,,,,,,,,0.20386651714142273,,,,,,,0.20213483708537994,,,,,,,,,,,,,,,,,,,,,,,
473,,,,,,,,,,,,,,,,,,,,,,,,,,,,,,,,,,,,,,,,0.21174692353765323,0.2206367101004078,0.22608682106060357,0.22269460415047299,,,,,,,,,,,,,,,,,,,,,,,,,,,,,,,,,,,,,,,,,,,,,,,,,,,,,,0.2123318185385432,0.20840424118085396,,,,0.2116013733459397,0.2256287053830935,0.221971156889402,0.20919800654671467,,,,,,,,,,,0.20460388786260408,0.22749189257991936,0.2538485886749794,0.2716033744234543,0.27104092505840666,0.25692603752343324,0.24451854400775486,0.2519965643658715,0.27744329649455757,0.29343076146843067,0.2835438638638945,0.26191079382414717,0.25100865495356267,0.259890526058574,0.2837061570985887,0.3093651046045964,0.32179435277741875,0.3138612099407321,0.2895583437980387,0.2621574763375455,0.2515637123167146,0.268337736926813,0.29927839593859384,0.32298416171947614,0.33109147224116137,0.32839646586998883,0.32787396147422077,0.3420578518599756,0.3694902905890663,0.3934667090608311,0.3962549208510214,0.37361898947541283,0.3375755779954792,0.30595427153049914,0.2886811215453816,0.28598368881847086,0.2957511711526337,0.30712995024338025,0.2884294996371912,0.21660911151498818,,,,,,,,,,,0.2701849179351823,0.3330975315105433,0.3360559865138467,0.31113915832248584,0.2931125117403074,0.29536024200503164,0.31508138822856446,0.3379602918285953,0.35198505998070234,0.3548828741710963,0.34890889828151384,0.3428473804243613,0.3490974544573762,0.37131127957952925,0.3960671268616519,0.40155986792562026,0.3839706460671602,0.3620607102560674,0.34949645568293297,0.33931285687848023,0.31788376640566995,0.28643244886322977,0.26451952987002464,0.2675573923765957,0.28935059111867956,0.3118866157582576,0.3190045785505543,0.30669258670332217,0.2864626154047732,0.27198832105862963,0.26546926661161935,0.2618644641589122,0.26009473862400173,0.2572861829507015,0.24685712384324848,0.2340969055963673,0.23414472303809117,0.25540004464487437,0.2882926953559434,0.3064403343734715,0.2936363279193764,0.2670943632213671,0.2529985475372824,0.2550018553366182,0.2645185376574503,0.2753273897217676,0.2765815902369143,0.25589908416140983,0.21790571006644677,,,,,,,,,,,,,,,,0.20007566188508258,0.20499631927633255,,,,,,,,,0.21000645183384833,,,,,,,,,,,,,,,,,,,,,,,,,,,,,,,,,,,,,,,,,,,,,,,,,,,,,,,,,,,0.20775445986505464,0.2213227198128943,0.2167278590966395,,,,,,,,,,,,,,,,,,,
478,,,,,,,,,,,,,,,,,,,,,,,,,,,,,,,,,,,,,,,,,,,,,,,,,,,,,,,,,,,,,,,,,,,,,,,,,,,,,,,,,,,,,,,,,,,,,,,,,,,,,,,0.22288759040583472,0.2352195349444724,0.2309599055444222,0.202034167215008,,,,,,,,,,,0.20620345122658168,0.2504979487840312,0.28525330684806305,0.2942051885354421,0.27843517214901886,0.25454980601475385,0.2469929897977334,0.26450141546982736,0.2845045142288751,0.2815653579767496,0.2593431691725631,0.24072583817092919,0.2398840384412732,0.2535479787541087,0.2686267648877313,0.27337428467071556,0.265560449504647,0.24990031037067656,0.23465825622108777,0.23157855758161694,0.2461306666515686,0.26942952716216007,0.28938850129465343,0.30136519532304723,0.3052376408312254,0.3049352837348883,0.3090641665166982,0.32307146448078494,0.3410888735386236,0.35029067004428704,0.34199585390347964,0.31729244250276734,0.28754579367425814,0.2686652820055774,0.2686384073381395,0.28207872457351957,0.29114676661681493,0.26640874528063774,,,,,,,,,,,,0.2615284739505789,0.31554446730673025,0.3051481420699871,0.26861184537298016,0.24747536723741148,0.25415767097485675,0.2789490908389289,0.3020907689761826,0.31282366378108317,0.31649656587764224,0.316563088309046,0.312309571801197,0.31360311253193623,0.3323202396467384,0.35708853363833604,0.3599820644762814,0.33548087577976327,0.30806345167630506,0.2953542624730494,0.28761344789858445,0.2694853173725074,0.2446156946489088,0.22983194868670032,0.23398549431312798,0.25085137136239455,0.2668328995062974,0.2701794929346567,0.2615234848208293,0.252251450023302,0.25026954548075186,0.2545628685494872,0.2612105128302874,0.26804846292947104,0.26784273394687924,0.2517072451024235,0.22889585562128975,0.22284459829700215,0.2450260502008862,0.28203464709945203,0.3054535786092645,0.29811522539163515,0.27368360476219344,0.2590768326286042,0.26210165369289795,0.2726801818816002,0.2814532519433972,0.2793673921303923,0.25514923620531144,0.20989091120225112,,,,,,,,,,,,,,,,,,,,,,,,,,,,,,,,,,,,,,,,,,,,,,,,,,,,,,,,,,,,,,,,,,,,,,,,,,,,,,,,,,,,,0.2072296301507463,0.22226546338840336,0.20861035542776837,,,,,,,,,,,,,,,,,,,
483,,,,,,,,,,,,,,,,,,,,,,,,,,,,,,,,,,,,,,,,,,,,,,,,,,,,,,,,,,,,,,,,,,,,,,,,,,,,,,,,,,,,,,,,,,,,,,,,,,,,,,,,0.2128809331863442,0.21836757062825046,,,,,,,,,,,,,0.22935189282067872,0.26696525039011115,0.28211279056612704,0.2723645017637496,0.2516148951727456,0.24342244109084077,0.25798422949080513,0.2757972583731694,0.270278522759041,0.2410629950937496,0.21110820277329748,,0.20512884019802158,0.2161731758018247,0.22069653868698658,0.21726797098766426,0.21070088449550517,0.20713918317269392,0.21164278857825508,0.2240833642728623,0.24013554423408318,0.2578538451788611,0.27616120982971437,0.28913523813412956,0.29066612049303164,0.28380514077701224,0.27978528576145106,0.2853234970405115,0.2963031354889616,0.30134320793334296,0.28858458452933894,0.2597994566875129,0.23593962925758596,0.2352848891011986,0.25364459046576815,0.2694910512752471,0.2535043326556102,,,,,,,,,,,,0.25473053774157495,0.2953617700485452,0.2745623710888121,0.23172110169266577,0.20955338685542468,0.21865079473821297,0.24568481618989765,0.2701642850423224,0.2833180304440583,0.2928382848823514,0.29971148017727417,0.2949450311384777,0.2851469539513171,0.28903725180573175,0.3041596768819361,0.30541237103942154,0.2831116702346387,0.25771221981198444,0.24671267906691013,0.240693711640646,0.22571990583094734,0.2079860249686143,0.2015019676554389,0.20818485765062072,0.21879910373626765,0.22187506455709682,0.21242286961579457,,,0.20684863004416726,0.22335083315457901,0.2397296138463279,0.2494062335314873,0.24501861530056257,0.2243054618609075,0.20050214608716532,,0.20786351660795677,0.23713947959926912,0.26063064330818375,0.2595208039145759,0.23904964732805817,0.22688724132840402,0.2369077644206095,0.2553475787748055,0.26468235229286735,0.25566477085004574,0.22328343885577556,,,,,,,,,,,,,,,,,,,,,,,,,,,,,,,,,,,,,,,,,,,,,,,,,,,,,,,,,,,,,,,,,,,,,,,,,,,,,,,,,,,,,,,,,,,,,,,,,,,,,,,,,,,
488,,,,,,,,,,,,,,,,,,,,,,,,,,,,,,,,,,,,,,,,,,,,,,,,,,,,,,,,,,,,,,,,,,,,,,,,,,,,,,,,,,,,,,,,,,,,,,,,,,,,,,,,,,,,,,,,,,,,,,,0.22416827987337642,0.23606340104352125,0.22668761613618332,0.2128257648979845,0.2177387236292437,0.24341484003546968,0.26376524933355106,0.25308196293280255,0.21530393078006016,,,,,,,,,,,,0.2104535981307599,0.23124267493446504,0.24996046311584896,0.25656483334673946,0.24888998334462475,0.23643681279387221,0.23259966009312366,0.24331889893523104,0.2578733167248022,0.2542796180846732,0.22629948947502518,,,,0.2204410723839889,0.2249339577805984,,,,,,,,,,,,0.21847202954312184,0.25041734233748825,0.23079839105554403,,,,0.21832675380615374,0.24427880287555212,0.2652083075326198,0.28483095872557107,0.29740007785807,0.2883760866654356,0.26254252292440083,0.2459379389601662,0.2501363807262128,0.2561593421545692,0.24620032393995722,0.23141717539982976,0.22710107911179606,0.22414148285462365,0.20908834917506647,,,,0.20072156473100194,,,,,,,,,,,,,,,,,,,,0.2138602089758614,0.22752395244942375,0.21550978256326864,,,,,,,,,,,,,,,,,,,,,,,,,,,,,,,,,,,,,,,,0.21372353775877864,0.20831366786249425,,,,,,,,,,,,,,,,,,,,,,,,,,,,,,,,,,,,,,,,,,,,,,,,,,,,,,,,,,,,,,,,,,,
493,,,,,,,,,,,,,,,,,,,,,,,,,,,,,,,,,,,,,,,,,,,,,,,,,,,,,,,,,,,,,,,,,,,,,,,,,,,,,,,,,,,,,,,,,,,,,,,,,,,,,,,,,,,,,,,,,,,,,,,,,,,,0.214223413683102,0.24554258814548038,0.23260815388525263,,,,,,,,,,,,,,,,,0.20159708502922435,,,0.20633270767497947,0.22523907080431355,0.22500909463349428,,,,,,,,,,,,,,,,,,,,,,,,,0.21719714318781574,0.24800206923513823,0.2797335289407332,0.2969000120894006,0.2811523621707362,0.23839878303768972,0.2036497241365078,0.20223035372865206,0.21892326217330327,0.22646687241752816,0.22755570686235196,0.23503942789439783,0.23839250360382985,0.22233405835160597,,,,,,,,,,,,,,,,,,,,,,,,,,,,,,,,,,,,,,,,,,,,,,,,,,,,,,,,,,,,,,,,,0.20488709496683224,0.233539721316117,0.2200518069050561,,,,,,,,,,,,,,,,,,,,,,,,,,,,,,,,,,,,,,,,,,,,,,,,,,,,,,,,,,,,,,,,,,,
498,,,,,,,,,,,,,,,,,,,,,,,,,,,,,,,,,,,,,,,,,,,,,,,,,,,,,,,,,,,,,,,,,,,,,,,,,,,,,,,,,,,,,,,,,,,,,,,,0.20527195620646016,0.20447086292299874,,,,,,,,,,,,,,,,,,,,,,,,,,,,0.2293382028606314,0.21608756545300545,,,,,,,,,,,,,,,,,,,,,0.20790847471658952,0.20678879951508858,,,,,,,,,,,,,,,,,,,,,,,,,,0.23161376632567432,0.272063221125701,0.2924563400326599,0.27203763588319785,0.21856675420503252,,,,0.21730638567885954,0.23078600467426225,0.24844072028577124,0.25784371214034146,0.24178889757666572,0.2074121134103205,,,0.20271819723997242,0.2022713418384146,,,,,,,,,,,,,,,,,,,,,,,,,,,,,,,,,,,,,,,,,,,,,,,,,,,,,,,,,,,,0.22528447282885739,0.24456992554091628,0.2214404208737378,,,,,,,,,,,,,,0.2076056068453817,,,,,,,,,,,,,,,,,,,,,,,,,,,,,,,,,,,,,,,,,,,,,,,,,,,,,
