size_bin,-8000.0,-7950.0,-7900.0,-7850.0,-7800.0,-7750.0,-7700.0,-7650.0,-7600.0,-7550.0,-7500.0,-7450.0,-7400.0,-7350.0,-7300.0,-7250.0,-7200.0,-7150.0,-7100.0,-7050.0,-7000.0,-6950.0,-6900.0,-6850.0,-6800.0,-6750.0,-6700.0,-6650.0,-6600.0,-6550.0,-6500.0,-6450.0,-6400.0,-6350.0,-6300.0,-6250.0,-6200.0,-6150.0,-6100.0,-6050.0,-6000.0,-5950.0,-5900.0,-5850.0,-5800.0,-5750.0,-5700.0,-5650.0,-5600.0,-5550.0,-5500.0,-5450.0,-5400.0,-5350.0,-5300.0,-5250.0,-5200.0,-5150.0,-5100.0,-5050.0,-5000.0,-4950.0,-4900.0,-4850.0,-4800.0,-4750.0,-4700.0,-4650.0,-4600.0,-4550.0,-4500.0,-4450.0,-4400.0,-4350.0,-4300.0,-4250.0,-4200.0,-4150.0,-4100.0,-4050.0,-4000.0,-3950.0,-3900.0,-3850.0,-3800.0,-3750.0,-3700.0,-3650.0,-3600.0,-3550.0,-3500.0,-3450.0,-3400.0,-3350.0,-3300.0,-3250.0,-3200.0,-3150.0,-3100.0,-3050.0,-3000.0,-2950.0,-2900.0,-2850.0,-2800.0,-2750.0,-2700.0,-2650.0,-2600.0,-2550.0,-2500.0,-2450.0,-2400.0,-2350.0,-2300.0,-2250.0,-2200.0,-2150.0,-2100.0,-2050.0,-2000.0,-1950.0,-1900.0,-1850.0,-1800.0,-1750.0,-1700.0,-1650.0,-1600.0,-1550.0,-1500.0,-1450.0,-1400.0,-1350.0,-1300.0,-1250.0,-1200.0,-1150.0,-1100.0,-1050.0,-1000.0,-950.0,-900.0,-850.0,-800.0,-750.0,-700.0,-650.0,-600.0,-550.0,-500.0,-450.0,-400.0,-350.0,-300.0,-250.0,-200.0,-150.0,-100.0,-50.0,0.0,50.0,100.0,150.0,200.0,250.0,300.0,350.0,400.0,450.0,500.0,550.0,600.0,650.0,700.0,750.0,800.0,850.0,900.0,950.0,1000.0,1050.0,1100.0,1150.0,1200.0,1250.0,1300.0,1350.0,1400.0,1450.0,1500.0,1550.0,1600.0,1650.0,1700.0,1750.0,1800.0,1850.0,1900.0,1950.0,2000.0,2050.0,2100.0,2150.0,2200.0,2250.0,2300.0,2350.0,2400.0,2450.0,2500.0,2550.0,2600.0,2650.0,2700.0,2750.0,2800.0,2850.0,2900.0,2950.0,3000.0,3050.0,3100.0,3150.0,3200.0,3250.0,3300.0,3350.0,3400.0,3450.0,3500.0,3550.0,3600.0,3650.0,3700.0,3750.0,3800.0,3850.0,3900.0,3950.0,4000.0,4050.0,4100.0,4150.0,4200.0,4250.0,4300.0,4350.0,4400.0,4450.0,4500.0,4550.0,4600.0,4650.0,4700.0,4750.0,4800.0,4850.0,4900.0,4950.0,5000.0,5050.0,5100.0,5150.0,5200.0,5250.0,5300.0,5350.0,5400.0,5450.0,5500.0,5550.0,5600.0,5650.0,5700.0,5750.0,5800.0,5850.0,5900.0,5950.0,6000.0,6050.0,6100.0,6150.0,6200.0,6250.0,6300.0,6350.0,6400.0,6450.0,6500.0,6550.0,6600.0,6650.0,6700.0,6750.0,6800.0,6850.0,6900.0,6950.0,7000.0,7050.0,7100.0,7150.0,7200.0,7250.0,7300.0,7350.0,7400.0,7450.0,7500.0,7550.0,7600.0,7650.0,7700.0,7750.0,7800.0,7850.0,7900.0,7950.0
18,,,,,,,,,,,,,,,,,,,,,,,,,,,,,,,,,,,,,,,,,,,,,,,,,,,,,,,,,,,,,,,,,,,,,,,,,,,,,,,,,,,,,,,,,,,,,,,,,,,,,,,,,,,,,,,,,,,,,,,,,,,,,,,,,,,,,,,,,,,,,,,,,,,,,,,,,,,,,,,,,,,,,,,,,,,,,,,,,,,,,,,,,,,,,,,,,,,,,,,,,,,,,,,,,,,,,,,,,,,,,,,,,,,,,,,,,,,,,,,,,,,,,,,,,,,,,,,,,,,,,,,,,,,,,,,,,,,,,,,,,,,,,,,,,,,,,,,,,,,,,,,,,,,,,,,,,,,,,,,,
23,,,,,,,,,,,,,,,,,,,,,,,,,,,,,,,,,,,,,,,,,,,,,,,,,,,,,,,,,,,,,,,,,,,,,,,,,,,,,,,,,,,,,,,,,,,,,,,,,,,,,,,,,,,,,,,,,,,,,,,,,,,,,,,,,,,,,,,,,,,,,,,,,,,,,,,,,,,,,,,,,,,,,,,,,,,,,,,,,,,,,,,,,,,,,,,,,,,,,,,,,,,,,,,,,,,,,,,,,,,,,,,,,,,,,,,,,,,,,,,,,,,,,,,,,,,,,,,,,,,,,,,,,,,,,,,,,,,,,,,,,,,,,,,,,,,,,,,,,,,,,,,,,,,,,,,,,,,,,,,,
28,,,,,,,,,,,,,,,,,,,,,,,,,,,,,,,,,,,,,,,,,,,,,,,,,,,,,,,,,,,,,,,,,,,,,,,,,,,,,,,,,,,,,,,,,,,,,,,,,,,,,,,,,,,,,,,,,,,,,,,,,,,,,,,,,,,,,,,,,,,,,,,,,,,,,,,,,,,,,,,,,,,,,,,,,,,,,,,,,,,,,,,,,,,,,,,,,,,,,,,,,,,,,,,,,,,,,,,,,,,,,,,,,,,,,,,,,,,,,,,,,,,,,,,,,,,,,,,,,,,,,,,,,,,,,,,,,,,,,,,,,,,,,,,,,,,,,,,,,,,,,,,,,,,,,,,,,,,,,,,,
33,,,,,,,,,,,,,,,,,,,,,,,,,,,,,,,,,,,,,,,,,,,,,,,,,,,,,,,,,,,,,,,,,,,,,,,,,,,,,,,,,,,,,,,,,,,,,,,,,,,,,,,,,,,,,,,,,,,,,,,,,,,,,,,,,,,,,,,,,,,,,,,,,,,,,,,,,,,,,,,,,,,,,,,,,,,,,,,,,,,,,,,,,,,,,,,,,,,,,,,,,,,,,,,,,,,,,,,,,,,,,,,,,,,,,,,,,,,,,,,,,,,,,,,,,,,,,,,,,,,,,,,,,,,,,,,,,,,,,,,,,,,,,,,,,,,,,,,,,,,,,,,,,,,,,,,,,,,,,,,,
38,,,,,,,,,,,,,,,,,,,,,,,,,,,,,,,,,,,,,,,,,,,,,,,,,,,,,,,,,,,,,,,,,,,,,,,,,,,,,,,,,,,,,,,,,,,,,,,,,,,,,,,,,,,,,,,,,,,,,,,,,,,,,,,,,,,,,,,,,,,,,,,,,,,,,,,,,,,,,,,,,,,,,,,,,,,,,,,,,,,,,,,,,,,,,,,,,,,,,,,,,,,,,,,,,,,,,,,,,,,,,,,,,,,,,,,,,,,,,,,,,,,,,,,,,,,,,,,,,,,,,,,,,,,,,,,,,,,,,,,,,,,,,,,,,,,,,,,,,,,,,,,,,,,,,,,,,,,,,,,,
43,,,,,,,,,,,,,,,,,,,,,,,,,,,,,,,,,,,,,,,,,,,,,,,,,,,,,,,,,,,,,,,,,,,,,,,,,,,,,,,,,,,,,,,,,,,,,,,,,,,,,,,,,,,,,,,,,,,,,,,,,,,,,,,,,,,,,,,,,,,,,,,,,,,,,,,,,,,,0.21044527586655173,0.2069332154441379,,,0.20955961440972254,0.2275626976880777,0.22704897343469016,,,,,,,,,,,,,,,,,,,,,,,,,,,,,,,,,,,,,,,,,,,,,,,,,,,,,,,,,,,,,,,,,,,,,,,,,,,,,,,,,,,,,,,,,,,,,,,,,,,,,,,,,,,,,,,,,,,,,,,,,,,,,,,,,,,,,,,,,,,,,,,,,,,,,,,,,,,,,,
48,,,,,,,,,,,,,,,,,,,,,,,,,,,,,,,,,,,,,,,,,,,,,,,,,,,,,,,,,,,,,,,,,,,,,,,,,,,,,,,,,,,,,,,,,,,,,,,,,,,,,,,,,,,,,,,,,,,,,,,,,,,,,,,,,,,,,,,,,,,,,,,,,,,,,,,,,,0.2256532713727577,0.2586600231725492,0.2713914728499606,0.26271420281873326,0.24982839863254738,0.25506507585358246,0.2795392638019413,0.30090832895310815,0.29411861667994393,0.2545757446456698,,,,,,,,,,,,,,,,,,,,,,,,,,,,,,,,,,,,,,,,,,,,,,,,,,,,,,,,,,,,,,,,,,,,,,,,,,,,,,,,,,,,,,,,,,,,,,,,,,,,,,,,,,,,,,,,,,,,,,,,,,,,,,,,,,,,,,,,,,,,,,,,,,,,,,,,,,,,,
53,,,,,,,,,,,,,,,,,,,,,,,,,,,,,,,,,,,,,,,,,,,,,,,,,,,,,,,,,,,,,,,,,,,,,,,,,,,,,,,,,,,,,,,,,,,,,,,,,,,,,,,,,,,,,,,,,,,,,,,,,,,,,,,,,,,,,,,,,,,,,,,,,,,,,,,0.2075590634341896,0.21209434273833747,0.2274408404039983,0.2602049603521101,0.29353157799907603,0.3100944916211955,0.30709446873138235,0.3002864367827305,0.31059975905187454,0.33975348898480673,0.36274394267733345,0.3521811488095803,0.3063847457257242,0.24426697950516327,,,,,,,,,,,,,,,,,,,,,,,,,,,,,,,,,,,,,,,,,,,,,,,,,,,,,,,,,,,,,,,,,,,,,,,,,,,,,,,,,,,,,,,,,,,,,,,,,,,,,,,,,,,,,,,,,,,,,,,,,,,,,,,,,,,,,,,,,,,,,,,,,,,,,,,,,,,,
58,,,,,,,,,,,,,,,,,,,,,,,,,,,,,,,,,,,,,,,,,,,,,,,,,,,,,,,,,,,,,,,,,,,,,,,,,,,,,,,,,,,,,,,,,,,,,,,,,,,,,,,,,,,,,,,,,,,,,,,,,,,,,,,,,,,,,,,,,,,,,,,,,,,,,0.20567156295997058,0.24676773746425593,0.27034434678844915,0.26654066372750196,0.2607991868390726,0.27364822166236963,0.29816228066634487,0.31918611037867217,0.3309455489332112,0.3389409638277131,0.35488945160002944,0.38353123292763946,0.4069436178021292,0.3971674722765231,0.34903907824602964,0.2812454678517997,0.21815673324024729,,,0.20497660981524,,,,,,,,,,,,,,,,,,,,,,,,,,,,,,,,,,,,,,,,,,,,,,,,,,,,,,,,,,,,,,,,,,,,,,,,,,,,,,,,,,,,,,,,,,,,,,,,,,,,,,,,,,,,,,,,,,,,,,,,,,,,,,,,,,,,,,,,,,,,,,,,,,,,,,,,
63,,0.2011908653665031,,,,,,,,,,,,,,,,,,,,,,,,,,,,,,,,,,,,,,,,,,,,,,,,,,,,,,,,,,,,,,,,,,,,,,,,,,,,,,,,,,,,,,,,,,,,,,,,,,,,,,,,,,,,,,,,,,,,,,,,,,,,,,,,,,,,,,,,,,,,,,,,,,0.2110562313276334,0.24509887646780237,0.28914003159496704,0.31411069334564384,0.3051634212674826,0.2838097692991565,0.2775259681862415,0.28981033469431045,0.3110729231117116,0.3347098087689215,0.35746787129866164,0.380386215982178,0.4075831749436788,0.4293563907868263,0.4215895495775615,0.37649575195700025,0.3112095414820517,0.24950171327588422,0.21378504147407323,0.21151025895279602,0.22170945987619695,0.2146938957481344,,,,,,,,,,,,,,,,,,,,,,,,,,,,,,,,,,,,,,,,,,,,,,,,,,,,,,,,,,,,,,,,,,,,,,,,,,,,,,,,,,,,,,,,,,,,,,,,,,,,,,,,,,,,,,,,,,,,,,,,,,,,,,,,,,,,,,,,,,,,,,,,,,,,,,,
68,,,,,,,,,,,,,,,,,,,,,,,,,,,,,,,,,,,,,,,,,,,,,,,,,,,,,,,,,,,,,,,,,,,,,,,,,,,,,,,,,,,,,,,,,,,,,,,,,,,,,,,,,,,,,,,,,,,,,,,,,,,,,,,,,,,,,,,,,,,,,,,,,,0.20655927679521588,0.21752095067525654,0.23515489158765984,0.2675167908074293,0.30727647167290484,0.33155020832645565,0.3244535236990702,0.30021562688405923,0.2840118408692377,0.2844465773121371,0.2990908314343462,0.325478059313858,0.35761826873458763,0.3880978096999542,0.4154400590503955,0.43330455430289533,0.42377935975981373,0.3808999122683146,0.32138352709575846,0.26741027405219986,0.23566405632194237,0.22908974264696363,0.2317191632461585,0.22095809574511716,,,,,,,,,,,,,,,,,,,,,,,,,,,,,,,,,,,,,,,,,,,,,,,,,,,,,,,,,,,,,,,,,,,,,,,,,,,,,,,,,,,,,,,,,,,,,,,,,,,,,,,,,,,,,,,,,,,,,,,,,,,,,,,,,,,,,,,,,,,,,,,,,,,,,,,
73,,,,,,,,,,,,,,,,,,,,,,,,,,,,,,,,,,,,,,,,,,,,,,,,,,,,,,,,,,,,,,,,,,,,,,,,,,,,,,,,,,,,,,,,,,,,,,,,,,,,,,,,,,,,,,,,,,,,,,,,,,,,,,,,,,,,,,,,,,,,,,,,,0.21594853638286873,0.2302312426372623,0.2369484194871361,0.25001940565238395,0.27349437462261494,0.30384900468319453,0.32615176603626334,0.32590073996258606,0.30909186971365266,0.29141962497669516,0.2811847900596081,0.2842972332849771,0.3060780233605317,0.34141133002730534,0.37740333716343805,0.4066190256565624,0.4218447505695655,0.4082261955120471,0.3625784091700939,0.30413486830072517,0.2566772523242356,0.23338305332889253,0.2311226037773117,0.23296081976163133,0.2205773625041294,,,,,,,,,,,,,,,,,,,,,,,,,,,,,,,,,,,,,,,,,,,,,,,,,,,,,,,,,,,,,,,,,,,,,,,,,,,,,,,,,,,,,,,,,,,,,,,,,,,,,,,,,,,,,,,,,,,,,,,,,,,,,,,,,,,,,,,,,,,,,,,,,,,,,,,
78,,,,,,,,,,,,,,,,,,,,,,,,,,,,,,,,,,,,,,,,,,,,,,,,,,,,,,,,,,,,,,,,,,,,,,,,,,,,,,,,,,,,,,,,,,,,,,,,,,,,,,,,,,,,,,,,,,,,,,,,,,,,,,,,,,,,,,,,,,,,,,,,0.20240281316153946,0.2431254707675734,0.25781300437062116,0.2614078820006882,0.2657783213169065,0.2749995930411874,0.2919399160893331,0.30871138338072956,0.31323480594717235,0.3052978988917996,0.28984983038614376,0.27210753044176,0.2644470034192809,0.2784602176355683,0.3103818356505237,0.3462339092942701,0.37725242132601045,0.3941738516171399,0.38003059498962916,0.33226952784969654,0.2742574019060854,0.23280170871173564,0.21780191019639658,0.22037710959938814,0.22197176211347813,0.20787461284595485,,,,,,,,,,,,,,,,,,,,,,,,,,,,,,,,,,,,,,,,,,,,,,,,,,,,,,,,,,,,,,,,,,,,,,,,,,,,,,,,,,,,,,,,,,,,,,,,,,,,,,,,,,,,,,,,,,,,,,,,,,,,,,,,,,,,,,,,,,,,,,,,,,,,,,,
83,,,,,,,,,,,,,,,,,,,,,,,,,,,,,,,,,,,,,,,,,,,,,,,,,,,,,,,,,,,,,,,,,,,,,,,,,,,,,,,,,,,,,,,,,,,,,,,,,,,,,,,,,,,,,,,,,,,,,,,,,,,,,,,,,,,,,,,,,,,,,,,,0.213595953107365,0.25557781018137116,0.27097177538595557,0.27369007863326633,0.27144358120692974,0.26903978155552133,0.27370787446531675,0.2819086189478433,0.2851817379974866,0.28096807591223893,0.267074065747866,0.2464215345305618,0.2342276720525387,0.24328156807452225,0.26966188014806813,0.30169541639414704,0.3338131303034403,0.3556444292493953,0.3461808537889681,0.3023281907785268,0.25017171738826477,0.21597251241245113,0.20364064470986337,0.20073389717193185,,,,,,,,,,,,,,,,,,,,,,,,,,,,,,,,,,,,,,,,,,,,,,,,,,,,,,,,,,,,,,,,,,,,,,,,,,,,,,,,,,,,,,,,,,,,,,,,,,,,,,,,,,,,,,,,,,,,,,,,,,,,,,,,,,,,,,,,,,,,,,,,,,,,,,,,,
88,,,,,,,,,,,,,,,,,,,,,,,,,,,,,,,,,,,,,,,,,,,,,,0.2007139061948942,,,,,,,,,,,,,,,,,,,,,,,,,,,,,,,,,,,,,,,,,,,,,,,,,,,,,,,,,,,,,,,,,,,,,,,,,,,,,,,,,,,,,,,,,,,,,,,,,,0.21245274902732383,0.23942072052997038,0.2452983414376922,0.24523883792110385,0.24309335808952853,0.24049964397947987,0.24144066400569067,0.24256777951364733,0.239954559953584,0.23240808749423353,0.21621350935570977,,,,0.2262327968015328,0.2596222674648841,0.29547688058903654,0.3230479663476946,0.31812053627874326,0.2777577399037608,0.22988374689386654,,,,,,,,,,,,,,,,,,,,,,,,,,,,,,,,,,,,,,,,,,,,,,,,,,,,,,,,,,,,,,,,,,,,,,,,,,,,,,,,,,,,,,,,,,,,,,,,,,,,,,,,,,,,,,,,,,,,,,,,,,,,,,,,,,,,,,,,,,,,,,,,,,,,,,,,,0.210419353447699,0.2187248345225624,0.20738064272300294,
93,,,,,,,,,,,,,,,,,,,,,,,,,,,,,,,,,,,,,,,,,,,,,,0.2023875337530227,,,,,,,,,,,,,,,,,,,,,,,,,,,,,,,,,,,,,,,,,,,,,,,,,,,,,,,,,,,,,,,,,,,,,,,,,,,,,,,,,,,,,,,,,,,,,,,,,,,,,,,,,,,,,,,,,0.22745430574698183,0.27255090973526946,0.3066568595646486,0.30194381360070094,0.25705707607879613,0.20401035335414522,,,,,,,,,,,,,,,,,,,,,,,,,,,,0.20461114619993115,,,,,,,,,,,,,,,,,,,,,,,,,,,,,,,,,,,,,,,,,,,,,,,,,,,,,,,,,,,,,,,,,,,0.213701070696277,0.20155766810399797,,,,,,,,,,,,,,,,,,,,,,,,,,,,0.21107815434003005,0.22802220357072875,0.2120683949580301,,,,,,,,,,,,,,,,,,,,,,0.20492887476358446,0.20702279503636523,,,,0.2088375649851103,0.21300521898464325,,
98,,,,,,,,,,,,,,,,,,,,,,,,,,,,,,,,,,,,,,,,,,,,,,,,,,,,,,,,,,,,,,,,,,,,,,,,,,,,,,,,,,,,,,,,,,,,,,,,,,,,,,,,,,,,,,,,,,,,,,,,,,,,,,,,,,,,,,,,,,,,,,,,,,,,,,,,,,,,,,,,0.2521200954292999,0.29253755908976564,0.2863918033134618,0.23547918631178602,,,,,,,,,,,,,,,,,,,,,,,,,,,,,,,,,,,,,,,,,,0.20538411723258648,0.20930923668303014,,,,,,,,,,,,,,,,,,,,,,,,,,,,,,,,,,,,,,,,,,,,,,,,,,,,0.20123855563388904,0.2075266812202895,,,,,,,,,0.20603695940931482,,,,,,,,,,,,,,,,,,,0.20746315108324162,0.24994538203136688,0.26888521222100625,0.25495379078788494,0.22355515667808049,,,,,,,,,,,,,,,,,,,,0.2217182677327046,0.2494495371379219,0.24272835841119042,0.21416151099418984,,,,,,
103,,,,,,,,,,,,,,,,,,,,,,,,,,,,,,,,,,,,,,,,,,,,,,0.20223219683581223,,,,,,,,,,,,,,,,,,,,,,,,,,,,,,,,,,,,,,,,,,,,,,,,,,,,,,,,,,,,,,,,,,,,,,,,,,,,,,,,,,,,,,,,,,,,,,,,,,,,,,,,,,,,,,,,,,0.20885607200859152,0.25034815542434097,0.24499306290685513,,,,,,,,,,,,,,,,,,,,,,,,,,,,,,,,,,,,,,,,,,,,0.20702421038487923,,,,,,,,,,,,,,,,,,,,,,,,,,,,,,,,,,,,,,,,,,,,,,,,,,,,0.2053777370844662,,,,0.20927474855812123,0.21614966954083117,0.20999243531840053,0.20882935542549005,0.22094066256406764,0.23406564036939947,0.230733938498206,0.20738394459107823,,,,0.2046493881250499,0.21132385960158062,0.2022075536255561,,,,,,,,,,,,0.21985162268338082,0.25891216163633024,0.2764083985683124,0.26734514303820706,0.24042216733178023,0.2047395287527449,,,,,,,,0.20291998462505942,0.20541468356599749,,,,,,,,,,0.24497641677665757,0.26299507143938305,0.24419178410322817,0.2091696946535732,,,,,,
108,,,,,,,,,,,,,,,,,,,,,,,0.20235952482290342,,,,,,,,,,,,,,,,,,,,,,0.21353588740336127,0.2089403902662495,,,,,,,,,,,,,,,,,,,,,,,,,,,,,,,,,,,,,,,,,,,,,,,,,,,,,,,,,,,,,,,,,,,,,,,,,,,,,,0.2016354054862925,,,,,,,,,,,,,,,,,,,,,,,,,,,,,,,,,,,,,,,,,,,,,,,,,,,,,,,0.2045197958842303,,,,,,,,,,,,,,,,,,,,,,,,,,,0.21683455155947667,0.21949218395060832,0.2002728543186981,,,,,0.2048227761702362,0.20438656418125017,,,,,,,,,,,,,,,,,,,,0.21600352682333035,0.2112393966085621,,,,,,0.20878839700189794,0.23514558926473558,0.24116498718959023,0.22772764206517065,0.2117419899341956,,,,,,,,,0.20348635971660467,0.21483642691440213,0.22244243369459943,0.22756292560465982,0.22609454619519173,0.21139019336684622,,0.20826585833241407,0.23726012347457964,0.26175160666543823,0.2729077449103895,0.27878931993285416,0.28327124609117504,0.28255969735533515,0.27004148401798855,0.24141204633876223,0.2055126382596173,,,0.20443936149986208,0.22199250509957053,0.21673761791908602,,,,,,,,,,,0.20061861321739466,0.22603277767445099,0.2526550511214987,0.2628347860030902,0.25626117460358555,0.23550603332933973,0.2000870036838016,,,,,,,,0.21218580522280417,0.21220705306948023,,,,,,,,,0.2128747038505226,0.245884442774192,0.2471968059054351,0.21855012123261752,,,,0.22262550138558462,0.23127401637091444,0.23145870861280354,0.23283160709750556
113,,,,,,,,,,,,,,,,,,,,0.21461075720767286,0.2240176152167886,0.23034511031469365,0.23265752983110588,0.21990312449277225,,,,,,,,,,,,,,,,,,,,0.2103891527954625,0.2237110629806452,0.21828631230396944,,,,,,,,,,,,,,,0.21510000303255677,0.20323466420892827,,,,,,,,,,,,,,,,,0.20445567880279703,0.20140849525974286,,,,,,,,,,,,,,,,,,0.20296195979189066,0.2094106623119378,,,,0.2091244951967054,0.2128279730024977,0.20934727590998642,0.20588397158215396,0.20603111111034644,0.20141146750354055,,,,,,,,,,,,,,,0.20048685046866227,0.21887157216153125,,,,,,,,,,,,,,,,,,,,,,,,,,,,,,,,,,,,,,,,,,,,,,,,,,,,,,0.21714319577301094,0.23960273795979076,0.24412011394235394,0.22946015544526083,0.21235642504972602,0.21089001020445747,0.21803306355696217,0.21434275137737155,0.20142674257651447,,0.20950573389799632,0.22260571023034076,0.23033651543772565,0.23891496735994042,0.2441465185088716,0.22946922356222055,,,,,,0.21654458018280842,0.21230690694222448,,,,,0.22190593129847447,0.25223828833563255,0.2593504331668265,0.24043905724996775,0.20988616568583013,,0.20609704157064618,0.22948441383997975,0.24773249145294918,0.242206649294763,0.21009121805234254,,,,,,,,0.21846428058232722,0.2348229906091181,0.22907753788666685,0.21622012779361538,0.2075275246144934,0.20043005893144228,,,,0.2067467837239782,0.2356909049343587,0.25626134124020455,0.2591301034117993,0.25306831681578973,0.24314826323597305,0.228102519533103,0.21874782858244496,0.22967708037633622,0.259299763802583,0.28811880878408,0.29454244542957664,0.27696856125615343,0.24866277059313635,0.2106906140801995,,,,,,,0.20523547612899368,0.22006821481652244,0.2412285541279729,0.2577122187053119,0.2646369346421025,0.2612044189070333,0.24557370196441228,0.23205490723476443,0.24093551650088973,0.2704905277722401,0.3016342226609919,0.32373363438335023,0.3373854349160258,0.34186405025439826,0.3362443855069743,0.31826426418494613,0.2812422710640037,0.22901367825338814,,,,0.225465589575987,0.22890750211658545,0.20571854386722702,,,,,,,,0.21419909436140971,0.22626731768558656,0.23705028751751525,0.2511579874642339,0.2597645762620068,0.25701311959107065,0.24744688299548526,0.23159531398229938,0.20625858877006722,,,0.2174583065694468,0.23751868240842,0.2315229803662071,0.21149195865089154,0.20493597081043902,0.21303059340419556,0.21593932697573387,0.20642757773875015,,,,0.20446120660426176,,,,0.21879544430167164,0.23995843972765651,0.23317976808901503,0.2036492330340002,,,0.22822057088943754,0.263463219207507,0.2735959891554708,0.26662944977391884,0.25981326031570395
118,,,,,,0.21578629730694937,0.2254736911152066,0.212608885363218,,,,,,,,,,0.20781306367536004,0.22636611056075653,0.2427415871349038,0.2510492636174128,0.25271268060075036,0.24916483598974887,0.23323447185967644,,,,,,,,0.22558101879171252,0.2377337433824466,0.23451521700715694,0.23049754097874864,0.2208770021358881,,,,,,0.2032139677292171,0.22237328586934468,0.2369481165629471,0.2424204452518601,0.24045947730616343,0.22933977061459634,0.20903975402981778,,,0.21304769067306867,0.22864165138229864,0.22399259792666287,0.2027014516477818,,,,,0.21446027288067238,0.24703763890116268,0.2636168744903591,0.24736266323185802,0.21081532537638975,,,,,,,,,,,,,,0.22146775018971077,0.2378847634121498,0.2375720994659607,0.22913575039266942,0.2156842177656061,0.20501210126889424,0.21050356631731454,0.22598515257492766,0.2291631069955309,0.21034439810969713,,,,,,,,,,,0.22078778122655807,0.24766535433220283,0.24920337771718978,0.23882791396424563,0.23092403627832278,0.22529283084109808,0.21983856816558145,0.21883126058378458,0.22161967457459025,0.22361043967502214,0.22026554322012049,0.2092367176425478,,,,0.20454322715364018,0.2087700815902019,,,,,,,,,,0.20877710072806488,0.2170454363019796,0.2070240163296461,,,,,,,,,,,,,,,,,,,,,,,,,,,,,,,,,,,,,,,,,,,,,,,,,0.20136973862174135,0.21195522506532177,0.21694873417707888,0.2329630134440993,0.26507236944788953,0.29918442097999404,0.3140016478026524,0.30255978493649727,0.28400333129961053,0.2810755942601541,0.2883987659051989,0.2841228385551927,0.26660248088060035,0.2559052115619355,0.26216297531197597,0.2755935325770583,0.28829618430542153,0.3028669599505889,0.31219648463175276,0.2997146757173981,0.26706214817488916,0.2354124860538112,0.22199027574259989,0.22897072343812067,0.247639300161969,0.2601625158589831,0.24412220981637373,0.20001199914707168,,,0.22866189833193176,0.2743415652920696,0.3020161154846465,0.3088237037575673,0.2921562153945654,0.2641568727283412,0.25260277369612893,0.2679988342598706,0.2939385019345062,0.3086824132958826,0.2981098189568447,0.2660620279133562,0.2382308195150937,0.23291583752060663,0.23360111404396677,0.2184532815886819,,,0.2159990757593071,0.2502332293550294,0.27652605865516855,0.2806594791608381,0.2685455157208011,0.2559794232471747,0.251529327704681,0.25055248736529284,0.24564131533774536,0.24257766311278833,0.2541013252725488,0.2785909364626835,0.29979481745614467,0.3086978120281678,0.3081586267819332,0.2980911604758891,0.27953962067344423,0.2677578806901517,0.2785784067691024,0.307398609729416,0.33242407653037576,0.33513837503753174,0.3156883913977419,0.2835845429756016,0.23817415213217646,,,,,0.2135015468178871,0.22559545714226198,0.2268589836658174,0.24184935871193727,0.27188191368122394,0.29445283668410727,0.3018619017493196,0.2996860171611022,0.2893949924937525,0.27984458089905895,0.28505386101466673,0.3048764285248108,0.32812148835361676,0.3499206422348557,0.37004002676330616,0.38318226284301393,0.3841542141728467,0.36791458058822024,0.3249214425824619,0.25872808287397586,,,,0.2303056518962557,0.24946382721774812,0.24029460078992887,0.21093335943228872,,,,,0.20091735116291748,0.2223172982820067,0.25426641875025535,0.2816862957735283,0.29776478115414823,0.3018487162785399,0.2947642657344535,0.28032269505565627,0.26477085189573335,0.24932976882943722,0.23356118396984799,0.22873333342814323,0.24355792276506863,0.2647085318198983,0.27167144016774103,0.257071792560615,0.23402442498067394,0.2244213211472424,0.23151429623204733,0.23915679161931896,0.2332209326676043,0.21119366367468403,,,0.2138139432271658,0.2194788387635038,0.214805581876525,0.21771344433839457,0.23465855663837318,0.25292193310945515,0.2511885258534514,0.22981486883242308,0.21460753555988227,0.2283611705393886,0.2674115795492101,0.30206786414613995,0.3079111137543013,0.29089364707347204,0.2740775435241403
123,,0.2009700603900996,0.21626958428864254,0.24110985462835016,0.27071202102380515,0.28775008492830967,0.27839173724985355,0.24924820471828557,0.2195287310490484,0.20009804831033273,,,0.21667574096717052,0.23060997659826316,0.23509651835960232,0.23287723495379142,0.2309023098863462,0.23699445806114483,0.2524554401689523,0.2675445678711169,0.2732058534366621,0.2725442268943553,0.2696145163674866,0.2548025890910889,0.2213376667947561,,,,0.2091995535897865,0.2270992503249122,0.2543433223263116,0.285274873997015,0.29906605588467294,0.29906252691910784,0.3005828383940301,0.29665801565088984,0.2770014379252619,0.2539076017021494,0.2444310978486066,0.2471334837631479,0.2522096104131938,0.2587944751881195,0.267271640719156,0.27380083175682557,0.278837445851585,0.2819887430756497,0.2769804489995238,0.26207946279623934,0.24654935442736142,0.24450506219840815,0.2580521568130039,0.26971813810216605,0.2628148639470368,0.24007802452023072,0.21920450435107303,0.21652864569886876,0.2291653154112714,0.24414063159678112,0.26239631810742914,0.2875285169338698,0.30300669385534434,0.2912147807260791,0.2619657811219079,0.23788073667244336,0.22722410163438433,0.22764434526840946,0.23700201670258916,0.24536188664394715,0.23937891566692626,0.22324706157986454,0.21098243914434728,0.2059830625323108,0.20461248833619178,0.20549460808187725,0.2110403432187971,0.22516169312273693,0.24284519696568363,0.2503908782150379,0.24699031675022107,0.2415441949115196,0.23426244823532738,0.22913225310687463,0.237715632939777,0.25516034998130466,0.2608471446321524,0.2462285227824061,0.2222228867275,0.20246708363522803,,,,,,0.20072661389804364,0.22064601249515334,0.2532051705130014,0.2862542252337771,0.3005733142391468,0.29679236413303267,0.289409071408222,0.2807135207254323,0.26311273154149795,0.24212480604479375,0.2316224068261085,0.23149735243609887,0.2321766906288708,0.2259780788038518,0.21342987671879968,0.2094469169772924,0.225515245849706,0.25275204538023344,0.27244218625069605,0.2702648036951627,0.24471153228186138,0.21708705377766968,0.21681342016042704,0.23841975896026618,0.24439485428594998,0.22443835958257558,0.2073880863913507,0.2088391397701756,0.2135465098308908,0.21133874367251243,0.21033284437085148,0.21412276149134551,0.21296346697833518,,,,,,,,,,,,,,,,,,,,,,,,,,,,,,,-0.22508258649589097,-0.2519100451613634,-0.27610918937660556,-0.2823969765332104,-0.2656860048124652,-0.23593053784363627,,,,,,,,,,0.2032672371107067,0.24568188190988322,0.2783254121773898,0.29109047697678225,0.29105847601225304,0.29813584812232563,0.3240253694573946,0.3563166277252484,0.3710089980469282,0.3615308379081398,0.3479539630565085,0.3497825912643202,0.35978116359985546,0.3583351248680557,0.34369650028198473,0.33265609314117095,0.334433023035309,0.34246207431252323,0.35349456420329506,0.3701222759853128,0.3807755356824576,0.36730886348174535,0.3330656258895604,0.30153574486402357,0.2914766174602481,0.30013874368948096,0.30948602961895694,0.30413192893011987,0.2788366136365813,0.24589845679491723,0.23536902525641656,0.2612370000569777,0.30216602341213455,0.3335195292868357,0.35082394514688053,0.3546704479747276,0.34225422241910874,0.323752466686678,0.32184299503349356,0.34283377611065247,0.36971306421668515,0.3823683515615024,0.3711667276726576,0.3422242241179257,0.3178112923758897,0.31526513965224906,0.3193682356637367,0.3029484893976986,0.26984634481026165,0.24793432819819777,0.25553176914056797,0.2889888553849183,0.3251320247638322,0.34001874254693265,0.3334136959576365,0.3245228611037972,0.32372314763384746,0.32036333416077817,0.30611028548536884,0.2943099265392175,0.2998819873973734,0.31816133278566394,0.335406221879918,0.34592285043377424,0.34887712392444037,0.34047594395994946,0.32297781403759507,0.3124015481611081,0.32246046539088785,0.34599864741805736,0.36280753945648947,0.36040975914760887,0.341548683782591,0.31238290748865993,0.27006196397013016,0.21969095786353626,,0.21093673342116082,0.2506406969772551,0.2729240892314212,0.2690689979019756,0.26244420532285795,0.27936090863412955,0.3128572556058602,0.3347174076053758,0.33962164902913583,0.3386147319430634,0.3338454514330687,0.32879435039062654,0.331907323825428,0.3421357632666919,0.3534075072740316,0.3684055098495832,0.3906920960814726,0.4128276106436114,0.4244726459533209,0.4161956790174536,0.3758671100204889,0.307330786499971,0.24298544843014844,0.21403426921541086,0.22226951738032658,0.2517561045544814,0.28250872735277754,0.28924689705569284,0.26466724329643126,0.23701979531755757,0.2329097326124347,0.24338511663375723,0.2486979637633176,0.2527811017025523,0.2725392430735121,0.3090786297961712,0.34470843475221236,0.361767991897774,0.35844665840853307,0.3442970305443134,0.32610920617909134,0.30637084849819185,0.2870587719750902,0.2737723828954749,0.2771070484559149,0.29612171553844335,0.31235642603706437,0.31337699855563006,0.30235954807205623,0.2880076405118275,0.27948979738272856,0.2812490651414627,0.2877262694893901,0.2840058651613793,0.2583875685333728,0.22680487242064362,0.2216093798311683,0.24190203271425909,0.25763599176557095,0.25911136603257584,0.260372126743925,0.2732690552653823,0.29276581647172195,0.3002292209554821,0.2907246712951721,0.2825483504944668,0.29322572129182656,0.3205072274758354,0.34237580447872695,0.33846200311246305,0.31333615286107236,0.2907628912974635
128,0.2686156296912784,0.2807218941701789,0.30148364753705725,0.32401878350857954,0.3384364278341737,0.33621648895823397,0.3171429690738476,0.289260111434981,0.261517891404868,0.23967480280011955,0.2303436701437894,0.23862454406742975,0.2575277806343929,0.2729027205255782,0.2761479315730605,0.26845566623063666,0.26027342292332534,0.26375459586199956,0.27955475405682517,0.29497176295714844,0.30058364509495594,0.3024968119866892,0.30530826681995077,0.29500387055501814,0.264172763081317,0.23666252419970082,0.23974952033028774,0.2664835588706301,0.28961962723836554,0.30362129168151547,0.3241027953513459,0.34818374617459036,0.3565125447779438,0.354213001272503,0.359028404583069,0.3622365296955515,0.3485780621504695,0.3284556948999463,0.317680540062951,0.31204031652657627,0.3032575053623295,0.2967399934928874,0.29864576912720386,0.3074441531317754,0.3206260357047872,0.331522541671104,0.33054572068102217,0.3175307650453866,0.3014317232523046,0.2919299717727405,0.2936303230066687,0.2987523902605668,0.29410561371592614,0.28002116082788314,0.27141577595049654,0.27863668937082325,0.29257984502396983,0.2995593846329959,0.3050136179023502,0.32064232539660664,0.3359310760004969,0.33196712797742123,0.3130746539433369,0.29762706268075656,0.2931832704206734,0.2975411855400772,0.308371392697247,0.3176976004897185,0.31139198071374463,0.2871489422259458,0.258735209651586,0.24080645798584888,0.23870461577185348,0.24517654703919584,0.24894694257272654,0.250037975970015,0.2525600694739928,0.25188115195120836,0.24763183195538063,0.2462280536258995,0.24630773222892793,0.24624334660642966,0.2540337362437521,0.27154289466015075,0.28586498260805776,0.28833888728896995,0.28304800987613016,0.27338160142779216,0.25878576206945747,0.2442511460436423,0.2400221615997611,0.24976138332533454,0.2664630779990384,0.2827369080754806,0.3003446743756949,0.3222816528178335,0.33944785737204797,0.34166079221539014,0.33605853056006474,0.3342028470773951,0.3291995274369435,0.30883170629508977,0.28105169224138904,0.2606395675004513,0.2476127882750816,0.2377207536620226,0.2293159957190262,0.22263350971895438,0.22781618105417328,0.2537159876290801,0.28974584101523654,0.3127894726535162,0.3085397273500458,0.28377741319686967,0.26306512181789227,0.26757207439745034,0.2877067210248341,0.29236474937110113,0.27396718293429284,0.25510228698917764,0.24592817786366028,0.23325155743602757,0.21596722617609795,0.2127034464959981,0.22889352643071942,0.24441109174686926,0.2393819851646775,0.21377495803283755,,,,,,,,,,,,,,,,,,,,,,,,-0.20874391677205215,-0.2108082489331764,-0.22346600976256434,-0.26286005906624754,-0.3098601626330465,-0.34823759720353564,-0.3844417172010449,-0.41761221592979664,-0.43005355200199713,-0.41188265908003713,-0.3697442058602953,-0.31443733885393466,-0.2555780624112143,,,,,,,,0.23799769191581122,0.29635750299834795,0.33695476005028935,0.353509930210212,0.35182422922949386,0.350888380061958,0.3654446160922272,0.38690938051954255,0.39576863635150306,0.39037003357429745,0.3877462285292118,0.39773772855842027,0.4116598013525904,0.4173417010507927,0.4145570188322178,0.41211139024258436,0.413183918523119,0.41480154734853936,0.42135022306361364,0.43662562175146524,0.4452280010367837,0.42849413489977056,0.39202534400031736,0.36123218898457854,0.35610044558590126,0.36990556793528395,0.3756908806136344,0.3578411848846007,0.32515043941890526,0.3011074853943514,0.3068607517544186,0.33643841573330335,0.36313506578421306,0.37594582894538453,0.3823962146281107,0.3844263382385098,0.3783596079878303,0.37197146595363273,0.38031837979061345,0.4048448043633416,0.43113940007422963,0.4429807483352454,0.4328663086763283,0.40692976827686167,0.3856741616010845,0.38619220960814526,0.39433458350330286,0.37944175157724547,0.3385788775423382,0.30113775987935193,0.2964048456457187,0.327563673263668,0.3685288388214886,0.3891336391849727,0.3870428835745666,0.38307084300336247,0.3845012271802328,0.3755275738432055,0.35270678469215566,0.3379886557397816,0.3436710293742744,0.3579567612734933,0.3698374139581996,0.3803053039116582,0.38743220500131725,0.3830896490893422,0.36865009987779906,0.35963815127059806,0.366930101749982,0.38143576468641044,0.38624040189655445,0.3751562182784677,0.35371569414818926,0.3277826014891133,0.29582068393213123,0.2620818466152674,0.249925142896879,0.27327408578904056,0.3077919217254922,0.3221655151262225,0.3161827532435596,0.3125318090713287,0.3282397518525997,0.35404934783463327,0.3703242792032452,0.3760634288698326,0.3777845498775626,0.373946610474464,0.36851165339571035,0.37128768638024406,0.3811922050123988,0.3913308819312996,0.40414383517792196,0.42384129669058446,0.4444114208809754,0.4575024759973258,0.45494301193428943,0.42390674034820675,0.3662587178679512,0.3106075005890221,0.28276974996053417,0.28339635374044503,0.3035431402843335,0.33240024507506205,0.34655218401529203,0.33107178945771626,0.3056062618763196,0.2967588183954362,0.3032254062646982,0.3090184227864593,0.3126175768371979,0.3268701793552412,0.35709868636495534,0.388346282229885,0.40059559264740086,0.39443602275352796,0.38391043687029075,0.371957641222017,0.35343197526703907,0.3303285514472559,0.315152565285442,0.3206063076982084,0.34182108207663475,0.35933739412829235,0.36474627769237683,0.36451361675354277,0.36127685184394875,0.35343596700098845,0.34735077761233896,0.34934085917580615,0.34714493640041544,0.32153742626053117,0.2831349849162817,0.2681424708839162,0.28523518083763943,0.3062994288087114,0.3137715438231087,0.316508167904515,0.3272658115227463,0.3452394213116401,0.3569480027650147,0.3577096072305954,0.3592478095990712,0.37026823906563633,0.3859723803803551,0.39147969004852934,0.37573260011522513,0.3467276844242687,0.3247717995440933
133,0.3263526528729918,0.33853309750820526,0.35697131871672727,0.37027462001245603,0.3679827083314071,0.35051064313826075,0.32945911645576886,0.31320309476106595,0.2979408696251341,0.2800295226567028,0.2692735659381361,0.2766973163778298,0.29628908612932037,0.3118210973191211,0.3130541083101961,0.3018646413616516,0.28970847565796787,0.28868635189208014,0.30070359384052436,0.3148990974468383,0.3218013169731633,0.32637631783105026,0.3331517381925707,0.32949728642822085,0.3071429908524917,0.2867642684672581,0.2947805318089173,0.32512566439810325,0.3506303849775902,0.3643582807596588,0.3802286169042072,0.39672712621426476,0.39740208559188167,0.3887000851433599,0.39067347462803625,0.3973003990203823,0.39173613735936197,0.37980411319672386,0.37291586285549233,0.36341504933165314,0.3429323915542981,0.32231134557874375,0.3165869490192346,0.32909711962368615,0.3526430114772492,0.37192005168729014,0.3743123180076073,0.36285609365982663,0.3469831730003663,0.3304968963818451,0.31892539542045484,0.31637925875301587,0.316695887201481,0.31688833874996813,0.3230878225343339,0.3351163330382563,0.3417574474204912,0.3372270564656986,0.33323385806893746,0.34342934506844147,0.35838398144571293,0.3577497823217042,0.3427387167782751,0.33065335601606,0.3296888822065265,0.3372353115479738,0.3509537917355689,0.36495700718406654,0.3630300445559168,0.33471267486617223,0.2917400087056623,0.25893698269437015,0.2525738469496143,0.2648461886152341,0.27403158578120873,0.2719083182047322,0.26557070666496624,0.25811338678706813,0.249944266393,0.24663824457526534,0.24936756331628473,0.2522324864995481,0.2569409680272215,0.27186593574531087,0.2952131656896828,0.3173920678943254,0.32980734371304543,0.3251731889762384,0.30535120054752307,0.2859318518691716,0.28271437204162514,0.2966942274613616,0.3166812620752054,0.33375192609805604,0.34711187396598253,0.35709438770732943,0.36057555636991145,0.3565822826552355,0.35253707873278506,0.35453885904596216,0.3530283950674812,0.33701572273617664,0.31356994005792005,0.2912954371690141,0.2681332972341897,0.24796195249145647,0.2387338488170923,0.24039662374616066,0.25214322179640264,0.27479581341689363,0.3019749449645588,0.3194327712985673,0.3173410234039632,0.30120969736639014,0.288825968894868,0.29343895181577484,0.3066432157916704,0.3066999099258563,0.2878720567691098,0.2641820731283866,0.24306746190927953,0.2199198926691612,0.20175229176383125,0.20686938357226337,0.23381558628964366,0.25492672207067646,0.2472063967407382,0.21443741574460295,,,,,,,,,,,,,,,,,,-0.20768932329635728,-0.2470082612074642,-0.28856027573024046,-0.3245158812932181,-0.3425698215322156,-0.35426345488029815,-0.3621056176579872,-0.3598682649750932,-0.36783909262903947,-0.4024593999299344,-0.44460323168621296,-0.479443680769933,-0.5162195730429513,-0.5534618390932808,-0.5698116552856867,-0.5506805892505511,-0.5002468498868813,-0.43442248380515136,-0.37135826415025497,-0.3142494038995297,-0.24796621493934745,,,,,,0.21065559968240843,0.28586429900641264,0.338930716676088,0.3614864812228361,0.3588110294246669,0.35333635169748817,0.3626105122978187,0.3795884131481091,0.3890591037782404,0.39246887984954815,0.4002528629841331,0.41320621293037163,0.4255060359426939,0.4354943356247719,0.4455986474438453,0.4559763181027093,0.4620338490383224,0.4635931465372351,0.47069928018297946,0.48593335919152214,0.49153413293200204,0.47122503976594476,0.43314014247344856,0.40283830382790753,0.4005739179230846,0.41826164920014286,0.4236582248777174,0.3993595925608773,0.36223101909767097,0.3422426381203948,0.35262741656350005,0.3753515884561614,0.3850243475558299,0.38318280327300125,0.3851098849264728,0.3913290936434598,0.39559686301059677,0.40173587257960497,0.41715805639865133,0.4411035008040236,0.4643860378803052,0.4740676982799562,0.46176583932920123,0.4343928612704917,0.41584140359124583,0.422805636259862,0.43748921432973653,0.42716605130191343,0.38651055882811514,0.343627458901652,0.33088808424921445,0.35496908782135983,0.3915959109629418,0.4113549336544008,0.41067258846718235,0.4080207890856792,0.4089779058951134,0.3992096341940531,0.37974618833269996,0.372754702249941,0.3845083348355175,0.39905227803110827,0.40853032678620027,0.4186714760279588,0.4271886912533552,0.42413623458924954,0.4111798556432917,0.40309665936237343,0.4071820986022132,0.4120858319188198,0.4038143490523407,0.3810585548746366,0.35266060207206706,0.32841556116089043,0.3119891012152465,0.305030575648608,0.3140242750329009,0.3382844118356081,0.36005419106068426,0.3658984056714773,0.3630442868766093,0.36365631661699405,0.37070775254203403,0.3803274007564761,0.3914100379413927,0.40467952632328574,0.411767377424993,0.4045394618864939,0.3928920578865074,0.3940703570489146,0.40987224459974486,0.4295143097913332,0.4474760380068217,0.46325277144401855,0.473446787140429,0.4774833007876189,0.47416043880130454,0.4525041058512127,0.411236474095513,0.3725651411246011,0.3558811236072398,0.35799032433221434,0.370029662401013,0.38899543317807495,0.4029916857058967,0.3977542714891145,0.3810283682054323,0.3713320411796255,0.3724348183349641,0.3744966345961992,0.3723273720851554,0.3741231430446385,0.3878848871460849,0.4045345075781436,0.40985441610549167,0.40851113852702625,0.4116585079591112,0.41228025038699123,0.3972186537827124,0.3700238027940733,0.3502074310801204,0.3530065536926198,0.3730229310079465,0.39248218207121943,0.4031081976165779,0.4093600691955341,0.41170674882832875,0.40638978482765165,0.40111252619687343,0.40495879891492004,0.40402490816056413,0.3760355719147722,0.3319187212445982,0.31105512107594524,0.32659302205445734,0.3523722261042361,0.3669903377749726,0.37378082602283985,0.38287117651947133,0.3955422359009706,0.4045840300102783,0.40920546937053276,0.4183712207761559,0.43388614169875167,0.44489775111347823,0.4381226172970724,0.4125746102452399,0.3836131703261119,0.36663042524324496
138,0.3678139825545086,0.37656607952530274,0.38560764076534804,0.38511697214264046,0.36957701654278313,0.3433641080515877,0.32145016088098655,0.3134642936091064,0.30949257090379445,0.2971240253472869,0.2845723943818369,0.28753887467320594,0.3052562985485834,0.32384700881798867,0.33289215509285497,0.3310091814833793,0.3215391057366577,0.3122014275327739,0.31165262650677183,0.3170982597888832,0.31929127345769776,0.31982546809899726,0.3247771364483716,0.32815344200972807,0.3203758395000273,0.31072611455661336,0.32157340202685225,0.35388765715636805,0.3834345550991895,0.3975473253788857,0.40713842218888147,0.41597316234376613,0.41126766986954993,0.39600601884537634,0.38997891792575157,0.3944399392952159,0.39597939992117326,0.39490907701518996,0.3963981353760199,0.391165788313663,0.3705128905170564,0.34476043601602446,0.33273392136203706,0.344155128309626,0.37129090408448684,0.3921406517201632,0.3923393229232098,0.3794165736118753,0.36415167372448853,0.34522053377465894,0.325655407909028,0.31569380900701144,0.3164108490115551,0.3256820437482302,0.342185367277447,0.3558504288255183,0.3560972858226018,0.34611584040369064,0.34039696127856467,0.3494671564952586,0.36313778188074775,0.3604938210917898,0.3410854497310956,0.3244980762058577,0.32348977888136105,0.3369172247522366,0.3605909953624774,0.38567173487075845,0.3928776666805608,0.36878646134212867,0.3232682075262058,0.2819464298122814,0.2663584964735883,0.2764830015456839,0.2912638329052497,0.29326457172953146,0.28370977962378574,0.26911071252917085,0.2532243921719306,0.24303213301277649,0.24194107073793486,0.24164596650142411,0.23911723101451832,0.24816978128250863,0.2777478916459926,0.3160788737243815,0.3407870608292134,0.33756230308443774,0.3144670928575809,0.29458749497376613,0.29320919866777917,0.30781976707420866,0.32681388243196763,0.34137507461501093,0.34846794823907346,0.34889289183080996,0.34569294674465223,0.34120161865655874,0.3385244724034915,0.33950643015851434,0.33682252677345365,0.3252696278578965,0.3125746074049599,0.2998176161129966,0.27867066008895014,0.2553642183672268,0.24526730142572523,0.25126030366248725,0.2642678970985848,0.2755158302216561,0.28275648083369115,0.2861552020792222,0.2840673961500893,0.277083982602447,0.2720689102271751,0.2749063420247486,0.2797825907303122,0.2735809980621017,0.25068110535513366,0.2169064651233959,,,,,0.20177729069396616,0.2180921132616798,,,,,,,,,,,,,,-0.2055468544452261,-0.21108047445404007,,,-0.2133432195328051,-0.2732769919664658,-0.328646786229313,-0.37116388401985095,-0.41698247155580237,-0.46174453400194154,-0.4898661889212324,-0.505465810963581,-0.5122756282417007,-0.5091161092181661,-0.5141649247555841,-0.539785758570193,-0.5681763293144476,-0.5899871236661369,-0.6196297750424363,-0.656489088082314,-0.6760286294735236,-0.6600305645888761,-0.6111048853210634,-0.5462720537432543,-0.48681626087085283,-0.4389366930238011,-0.3864093985051716,-0.3211265427234207,-0.2551791379049735,,,,,,0.25328571129230926,0.2805796441854435,0.2801423128926958,0.28082817621500755,0.2994077973414749,0.3252993333253722,0.3449404529244796,0.35999956010914363,0.3743369569669973,0.38423392998053846,0.38898957506488085,0.3963592458623928,0.4135923248711751,0.43698468099101506,0.45481314510684173,0.4654133790023427,0.4792164270941448,0.495919437625451,0.4983116952881811,0.4757189629049976,0.43936844822987375,0.41272721257799094,0.41297626872784343,0.43100979695359687,0.434452221015298,0.4078452792710905,0.3731370868402478,0.3594242385771673,0.36958530811730306,0.3810527849455431,0.3769186218098223,0.36859520061903106,0.3733551342142519,0.38769992635070727,0.40151189291388484,0.415378765533985,0.43280354715431085,0.45379688412673636,0.4739779481839679,0.4813601857465527,0.4650500853790475,0.4337706790961575,0.4169877112616579,0.43050539439488833,0.4514119676222287,0.4477064627452044,0.4151311632130852,0.376607449539628,0.3595547683555324,0.3722881812996234,0.39799982586895166,0.4132899791435805,0.41175408229179367,0.4056291768420526,0.402862626516076,0.39818372835057425,0.3936936950912311,0.40116660798131715,0.4194171621195134,0.43473311070148224,0.44319637300886977,0.45131934112678995,0.45767770475093117,0.4547495246648635,0.4438615000911908,0.43569481321804493,0.43445660518660123,0.4301218180773693,0.4123054951561038,0.3813412032957528,0.3476822320435156,0.3263422178044279,0.32661634717450727,0.3472298052204715,0.3780202176369707,0.40343350466979877,0.4122273048633087,0.408275603901313,0.40461308312596705,0.4044479075214588,0.40061560619878955,0.3948755230882346,0.4018022224698824,0.42242290117969356,0.4339774120251805,0.42235829145908876,0.40302694595841704,0.3998191495785491,0.4181669497185172,0.4452800407570744,0.4684240207935547,0.48168026361780564,0.48309310192112564,0.47884971601387455,0.4741039053853112,0.45978437857341764,0.4317790764791678,0.40694599581096425,0.40100571584101496,0.4086338907787347,0.4180447039961552,0.42915030162398904,0.4408458473363417,0.4430644231846253,0.4351315563018432,0.42839033511488805,0.42922485969205215,0.43053547784034507,0.42349640803697275,0.41311640775187697,0.40909859293994444,0.4096545616682311,0.4115446691465239,0.42256995865161906,0.4435484750500423,0.4545336159039423,0.4379669560349264,0.40257545862487226,0.3750199464192706,0.37211445881993277,0.3877686913242126,0.4056654378235839,0.4160582185179247,0.4199768772956256,0.4202100245020816,0.41869638732446746,0.42336929559460434,0.43577990784936504,0.43505013555006233,0.40121297682872936,0.3533162844637244,0.33370728925103454,0.3528078152850964,0.38410736615490604,0.4060133754634857,0.4177468694112281,0.426326823092138,0.4340167364158896,0.4371842627756516,0.4379524006999281,0.4463289184508145,0.46370591021418905,0.475145570592711,0.46435187330888267,0.43532190625175204,0.40898852392611135,0.3971121911334896
143,0.395998446025026,0.3961323511695616,0.3898562896130283,0.3752151365645657,0.35310120084434904,0.32523063085926707,0.30210743626434133,0.2949804314606347,0.2954060120251187,0.2864847325966322,0.271539615335463,0.26712911495620517,0.2782179015307795,0.2964322320721245,0.3142194854435473,0.3266533710519139,0.3257775816586083,0.312731899240512,0.30167556843383037,0.29667382325134406,0.28971774132803907,0.2821506982622503,0.28318713815038726,0.292395900914341,0.29813267096525087,0.2988615634357246,0.31268865959545644,0.3462503191762999,0.3765812474181947,0.38500819737054026,0.38312934039432434,0.3847130382151709,0.3798965636673236,0.3627107211938805,0.34937453542866054,0.3503326097741981,0.35870744852225467,0.36896025366595175,0.37874177757962646,0.3801757725813688,0.36813573188924026,0.34879713647583827,0.3355584017110322,0.3407833779731617,0.36072822019762285,0.37262876572114967,0.36338184248616273,0.3449040435131752,0.3300092496256856,0.31569821010758053,0.2986041219197374,0.2832319689131515,0.2748573193956088,0.2812798439802855,0.30310900705538896,0.3234520653141306,0.328123770779239,0.3217708989162097,0.3183889592726526,0.32746145203354227,0.3408195997085284,0.3371626268613884,0.31264559802301006,0.28915161016322655,0.28653217038464285,0.30735123599270137,0.34344181643629257,0.37779409367503536,0.38943965376184736,0.3712237846083242,0.33479381573001465,0.2975711002953656,0.2759849115270178,0.2787073769698263,0.2933170199089614,0.29723015059353464,0.2842721210190172,0.2631144413664907,0.24248278356377764,0.22877186678048023,0.2222224736862612,0.2138729375636006,0.20155544470151981,0.20345964393248517,0.23481290724205706,0.28157932136322916,0.31296171081647284,0.31248822379577634,0.2917915299554092,0.2739939330236958,0.27166688027731795,0.2828836463439398,0.2967132355426756,0.30285831097564,0.30055537345262257,0.2958191035608385,0.2921377177077676,0.28815533731865506,0.2846500156769649,0.2833690253147216,0.27924194530073226,0.27140677618210385,0.2691510926988005,0.26854635705764585,0.25368283549836923,0.22799568913407736,0.21238917982235134,0.21663229831160324,0.22885735749938568,0.23114196181323213,0.21954162883400596,0.20423384319917487,,,,,0.20293064048323897,,,,,,,,,,,,,,,,,,,-0.22001521132042554,-0.2553280890810181,-0.29883279268684154,-0.3394418690631953,-0.3673026396230522,-0.37366121886505166,-0.3590172901111095,-0.3481940812491005,-0.3684829534532676,-0.4118958413720376,-0.4505802421189975,-0.48213989450868605,-0.5231987582056677,-0.5688186145897292,-0.6015149449828208,-0.6212922896283967,-0.6316738479967675,-0.6323108356678657,-0.635842324244676,-0.6502625475851473,-0.6625224736601389,-0.6701140507770894,-0.6900701289496844,-0.7224059354906227,-0.7430754215365245,-0.7339199084476988,-0.696118069483972,-0.6434546622846808,-0.5951986267495246,-0.5593822235510092,-0.5219412568613943,-0.4718839738987296,-0.4156660418572663,-0.3501775474559281,-0.2628169448408162,,,,,,,,,0.21214280358029375,0.2455890700050094,0.270344283872027,0.2871339601965966,0.2927161120596038,0.2902820219695909,0.2925847020193399,0.313173045012052,0.3506671953567777,0.38729301505009567,0.4141493797440391,0.4374900143871656,0.45473758426400257,0.45212168562462146,0.4277894821299796,0.39797235322318875,0.3814540575183105,0.3869268392308449,0.4034956299215918,0.40543512602525233,0.3846213325000363,0.36253137151672254,0.3582240950955837,0.3654575759714124,0.3668172857613007,0.3583826978828592,0.35520295675151103,0.3685770048197231,0.3886803301184699,0.4028482449061231,0.4131290448522161,0.4258564108182744,0.443265929355855,0.46151488612790986,0.46777526776818024,0.4514510531108024,0.42264665670697876,0.4097358335192396,0.42403284295551436,0.4422822721608657,0.440444947531509,0.41851754291736687,0.3913029818073039,0.3758771744411974,0.38030045175714466,0.39708436519470514,0.410240457719126,0.4086367202333081,0.3958481357620912,0.3849065548325345,0.3838924198827015,0.39378043229798243,0.4122095399670199,0.4332341116643237,0.4493692498565709,0.45866201713689614,0.46525003828182376,0.47057454009799815,0.4711834711113473,0.46462745218782975,0.4546565257511471,0.4454278184548607,0.4334477483355646,0.4125520978920829,0.3816759001139731,0.35034333801348283,0.3356820242964136,0.3478923662913021,0.3822709121516337,0.42106799740854595,0.4436940492771074,0.44350374588492597,0.4325733405129774,0.4273136069634486,0.4290898288106695,0.4246931121907083,0.41256065611172965,0.4120942721297576,0.4283805997465821,0.43657430339531134,0.42124639556288823,0.39860079490157213,0.39156151024451324,0.4057404889388168,0.4303868207926381,0.4519694853953532,0.4620533820078118,0.46012246166106796,0.4564945341090082,0.4574441696684095,0.45190420204130116,0.43281678311610505,0.41417234122487695,0.41152747597942707,0.42146121760184585,0.4310648713516473,0.4380837979919407,0.4453714097106507,0.4483924024025302,0.4452919566767378,0.4442466075472847,0.4516480862754694,0.4592466995853276,0.4540409262419546,0.4379319352528953,0.42203467179639537,0.412684998557763,0.41698178175442335,0.4421299003354596,0.47666612805760245,0.49169191566378656,0.4705253164523775,0.42718442894410946,0.3922967595954633,0.3830969210977876,0.3925753649307401,0.4052886269188909,0.41141935534263185,0.4097623372741596,0.40511322044115455,0.40550199171134604,0.41866951471718267,0.437644488220267,0.43625714311859837,0.3996419412576826,0.3544796979868814,0.341061723760301,0.3629091619792484,0.3953420884283096,0.4211869356073522,0.4369170233257278,0.44579918687653775,0.4497244091073904,0.4468722119607957,0.44152079775338693,0.4451198306280564,0.4612871586814037,0.4752336327417155,0.46826770448758037,0.4435111839573036,0.42129615550608523,0.4118677959336228
148,0.3768986170536681,0.36600899552310007,0.3462016388782716,0.3258739237710315,0.3068750671987196,0.2831457164574814,0.259999624072098,0.2502365387383102,0.24859162735654694,0.23792523586570954,0.2190024487327601,0.20817030288611968,0.21267997357436863,0.2259468539806149,0.2423608713463284,0.2579511369486549,0.26222833336344653,0.25351171633046454,0.2446219898746655,0.2383945582917476,0.22746570844058972,0.2161033576894058,0.21702918292785453,0.23218462174558557,0.24718069627722175,0.25405387313386363,0.2680221660759083,0.29656739209240124,0.31599074551354467,0.30718420523922746,0.28842025552177436,0.28372855348000914,0.2836692066976114,0.2716623502146066,0.25790332404115146,0.25825941540986025,0.27176548943855794,0.2903173788634593,0.3059901218736514,0.311783956326553,0.30758564663560484,0.2977774992224183,0.287331339170013,0.28503180172233594,0.29072191012475423,0.2870110025263066,0.2661121850813142,0.24181987932406773,0.22662799888595564,0.21997329994296486,0.21419507758180203,0.20082949837735348,,,0.20408154842452728,0.23491065967553662,0.25104665639849677,0.2513562515638145,0.2488986427439402,0.2568265125110647,0.27147049687297464,0.2711996521353321,0.24777801626050305,0.22247319954687084,0.2191518977560653,0.2438443373071955,0.2858709245798764,0.32060163148342796,0.32668735243129376,0.3072693491015211,0.27955767967458944,0.2518778384586464,0.2300916328727162,0.2264515156071374,0.23703708978162988,0.23885899540495287,0.22310073839362543,0.2014676482739166,,,,,,,,0.20620409176048732,0.2357381013143432,0.23863129641784292,0.22506832088206616,0.21078880707598027,0.20482029447542016,0.20877447676553895,0.21294296976809035,0.2070438956154885,,,,,,,,,,,,,,,,,,,,,,,,,,,,,,,,,,,-0.2038762881295874,-0.2322500489858244,-0.24715390914300528,-0.25942178547903216,-0.2813524615248631,-0.3174727387775468,-0.3581905617611487,-0.3975615702214924,-0.43780153375921904,-0.4751460867345678,-0.5043671491747748,-0.525171712198865,-0.5336331924878149,-0.5272755850130775,-0.5209743666481528,-0.5322466415348133,-0.5540480223143988,-0.5695008213198427,-0.5841381183404981,-0.6137728300146023,-0.6519105739957917,-0.6819095473258218,-0.7027900388801777,-0.7169203369191501,-0.7220275293121698,-0.7245723434366655,-0.7300938121683613,-0.731986788491088,-0.731810655838198,-0.7437045658455114,-0.767465390289523,-0.7845021571072315,-0.7812537642722301,-0.7578400451434444,-0.7224659300226679,-0.6891258330353232,-0.6652153329334269,-0.6401174587137828,-0.60452052235426,-0.5629170886808056,-0.5116212477545905,-0.43965957175278214,-0.3575696466672812,-0.285808224863084,-0.22760602405016703,,,,,,,,,,,,,,,0.24829900625013843,0.29173901740443586,0.32483857812172545,0.3442784048091914,0.3391744156909676,0.3152292583920576,0.2943095316294533,0.2902124259959312,0.3009353819039756,0.314574799142174,0.3185172325552986,0.3144891802225669,0.31362808324613006,0.31659002210869636,0.3154082071701522,0.309172941718619,0.3072710755772712,0.320244212333543,0.3469143207236749,0.37065649651708904,0.3788000722504097,0.3781441925732778,0.3810038255802531,0.391331576891329,0.40341268023167576,0.4068284591447324,0.39778582644374916,0.3845849611344512,0.38205824497235774,0.39244325766382626,0.3990902495060509,0.39173273728516395,0.3763196387591779,0.3614066169137632,0.35419066892106077,0.3598728631459506,0.3771612260494598,0.39588270635116046,0.3990501440049178,0.3797159516400206,0.3550599342454942,0.34721007819442884,0.3577820620383928,0.37486968279664423,0.3932316448484394,0.4125335655340019,0.42887637959116753,0.44019945735757454,0.4494068953407562,0.4560448957188568,0.45375837479745773,0.44164340062253,0.42618617020380745,0.41024390167221025,0.3905685330877821,0.3661351821724036,0.3463839061415265,0.34475064081119666,0.36379212986176157,0.3941720810844248,0.4218095622903172,0.43381945867458127,0.4267926715301492,0.41200781421917054,0.4082596486270069,0.4202718607113301,0.4293417258736013,0.4222333089486013,0.4134489197055554,0.41457405873304964,0.4107681317226186,0.39127339454574195,0.3696802892788057,0.3614684061900634,0.36768040725794066,0.38131284239430285,0.393505801877827,0.39648282912480415,0.3927150355250921,0.3962884864389859,0.4104258857204386,0.41730681175821904,0.4060513672947871,0.39059946454578065,0.3879556753652751,0.39652503982618237,0.4042430414358536,0.4063728332731321,0.4054025360593645,0.4028653743992018,0.4018246396475723,0.4093379358775662,0.42732386596201755,0.44370818208067286,0.44345918721697963,0.42723618414674286,0.40816082276214394,0.398761652584125,0.4098881481201071,0.4439148366293628,0.4823080710358937,0.49693355532379013,0.47610971622374565,0.43391826769615793,0.39730131219953463,0.3821497022980792,0.3827742300588507,0.38678257755563183,0.3878363867253256,0.3847627162926115,0.3803557571219445,0.3823963888044414,0.39767309606898743,0.41694516515895386,0.41554257741849165,0.3835061004817472,0.34769692250581163,0.33977520778298625,0.357277667855585,0.3825267870807697,0.40667611414850696,0.42464252818125825,0.4341971022599077,0.43453228447652825,0.4264497451108429,0.418243400356058,0.4210144726914775,0.4372540180550999,0.4536174390573161,0.4528090897251954,0.43494413599720394,0.41456813501126183,0.40279263039031077
153,0.265082097546941,0.24790256196401622,0.22515834371313875,0.21234477003675445,0.2050434111494126,,,,,,,,,,,,,,,,,,,,,,,,,,,,,,,,,,,,,,,,,,,,,,,,,,,,,,,,,,,,,,,,,,,,,,,,,,,,,,,,,,,,,,,,,,,,,,,,,,,,,,,,,,,,,,,,,,,,-0.24761782299370588,-0.2747391210472847,-0.26988352082717865,-0.2428243316722814,-0.22088312523250547,-0.23165952536116413,-0.2780349690203488,-0.33552813780243673,-0.3777643144450332,-0.3997340201752124,-0.4126722447250033,-0.4275867812438822,-0.45173644095843823,-0.4855541253289029,-0.522004677939585,-0.5577162960260921,-0.5924580790165104,-0.6210301262247799,-0.640662659699496,-0.655147957846594,-0.664600516992178,-0.6655618426104051,-0.6634903823933748,-0.667081735510177,-0.6720946264879116,-0.6712570604555099,-0.6736820241059924,-0.6923188344725677,-0.7205523324981105,-0.7442050172713681,-0.7617149427497221,-0.7745709545289672,-0.7802364808166098,-0.781752337814599,-0.7833526584973796,-0.7828972052207723,-0.7822277129758026,-0.7893229431105646,-0.8033413550890061,-0.8134003602300188,-0.8123954374621587,-0.8000667995999284,-0.7797452680831092,-0.7599636477815761,-0.7460675996723085,-0.7306790740575139,-0.7079037788742824,-0.6819398302053535,-0.6491191383715065,-0.5995176043290527,-0.542107412240583,-0.4957200405180812,-0.4624159245918132,-0.4350663914201525,-0.4098287587956498,-0.3779351904371937,-0.32926102298387105,-0.2675688764875839,-0.2074333297045023,,,,,,,,,,,,,,,,,,,,,,,,,,0.21381334159611393,0.25347462787771147,0.2817562023223595,0.2880195698818181,0.2808990938288055,0.273776647295045,0.2706778026644143,0.26793456665820226,0.2652951491817369,0.2704450860040178,0.2846600506231316,0.2995271759142033,0.30694899444207047,0.3021986829215684,0.2881776226960938,0.2733460887711376,0.2643363988553541,0.2656619482224494,0.2796374460843825,0.30631536610209625,0.33890481999458855,0.3548797561021237,0.33520971732951094,0.2964709160650636,0.27218285236443096,0.2687886010266521,0.2717472435871265,0.2796205213118989,0.3000032718640762,0.3274383042787598,0.3503928814580296,0.3670994698002506,0.3781080858094501,0.3776603247744466,0.365091417104602,0.34863316024378666,0.3325174301744459,0.31430870405679395,0.29744069230837455,0.2947184277972896,0.3119557362889831,0.3378042970886245,0.35701192629158307,0.3647958689632549,0.36218220523868083,0.3481789710034455,0.33026135416735025,0.330129001530293,0.35532917998951935,0.3810737443591309,0.384764972622093,0.3747916379552445,0.36479116252930804,0.34942760342866286,0.3245373525887616,0.3023077211069023,0.2915991742286612,0.28813642096528574,0.28798166737286424,0.288767881773099,0.28468758776360814,0.27966841737241,0.29009876657531763,0.3165307468514185,0.3342876251108791,0.3291786113428773,0.3180841726978352,0.31901835388829886,0.3269923546686661,0.33033764428795775,0.32640285636015265,0.317323936261976,0.3083830750139531,0.3094605867253692,0.32731217511833555,0.3550294753887997,0.37494071355654296,0.375069243949326,0.3605365313787926,0.3470941609499791,0.34740377873816153,0.36691738970231114,0.4010460498110692,0.4321145080831723,0.4413683170718821,0.4245116189255528,0.39196109620482056,0.36083428918924154,0.3428581902306659,0.33560179378312477,0.3326335189404212,0.33298906997149147,0.3357045840980688,0.33777313110770835,0.34188308451752725,0.35488344011699324,0.3711861472893286,0.3712012412664844,0.3473561223238274,0.32095801573669314,0.3139361267047257,0.32184330131799466,0.3351575665746571,0.35291227211543336,0.37111314763475467,0.3833901703338166,0.3842738354755856,0.3750321200287289,0.36684681566120675,0.36997206826848283,0.3849725142980448,0.40077421677140557,0.4038223471944189,0.3903919602484237,0.36728623515213055,0.3488069463803367
158,,,,,,,,,,,,,,,,,,,,,,,,,,,,,,,,,,,,,,,,,,,,,,,,,,,,,,,,,,,,,,,,,,,,,,,,,,,,,,,,,,,,,,,,,,,,,,,,,,,,,,,,,-0.2291976654933014,-0.279338656206933,-0.32615160200406035,-0.3458863200889706,-0.33365512634559386,-0.30556588752251995,-0.28794532514383786,-0.2973300394159824,-0.3237507217144544,-0.34439376584928094,-0.3484694708500423,-0.34034943890442126,-0.33116778517018663,-0.3344478240405032,-0.3586625423264804,-0.3966323358198771,-0.43106475504445724,-0.4493747454945568,-0.4470700147439274,-0.42863774302565627,-0.41184448992052547,-0.4188374199900431,-0.4545721297573205,-0.49992299884288705,-0.5327612761572335,-0.5504256097346536,-0.5638192081797102,-0.580234136626459,-0.6017327234549781,-0.6267817534098251,-0.651754262009228,-0.6768941895797027,-0.702355880201657,-0.723025315947643,-0.7363572501750213,-0.7462931555723451,-0.754829508272763,-0.7584658068259952,-0.7567400910773434,-0.7538054897365121,-0.7498783840245082,-0.7437140146966883,-0.7423077234243661,-0.7540945581733882,-0.7743884299873881,-0.7921576590003652,-0.8044019284664372,-0.8120803071559615,-0.814682412219771,-0.8146374369802869,-0.8150109786390534,-0.8153851496545218,-0.8166584783509584,-0.8218181121162463,-0.82942988670978,-0.834249081148235,-0.833539904505788,-0.8269000332096743,-0.8152613854348857,-0.8038893020320643,-0.7965172009161892,-0.7882008400216713,-0.7755050671481849,-0.7621043274342585,-0.7451999704602275,-0.7167460423559311,-0.6824854360786249,-0.6569466859359334,-0.6422140024889851,-0.6293546650598192,-0.6112070293691707,-0.5833788074749559,-0.5434092705841096,-0.4940337291682846,-0.4440830247449168,-0.4068706635159694,-0.39185391569607814,-0.3928041043369745,-0.3935450365096745,-0.3867412582898644,-0.37440118818134116,-0.3498001228039098,-0.30407863277349684,-0.24856451293964238,,,,,,,,,,,,,,,,,,,,,,,,,,,,,,,,,,,,,0.2139531564748523,0.25018204645767467,0.2419868465665478,,,,,,,,,0.21993059443084367,0.2292798448176353,0.22618035351257793,0.21370189429960168,0.20083963313771008,,,,,0.20915554886852714,0.24324932077640388,0.2554869630005614,0.24821564121340783,0.23449942272831698,0.215219032310215,,,0.23366449446595028,0.2689659828557042,0.28126533364707107,0.2782218657924348,0.26987960347408535,0.251400536225033,0.2219070817351364,,,,,,,,,,0.21158555595797798,0.20773512076307812,0.20017241186303147,0.20521899671272753,0.2112903445007679,0.20910923400565182,0.20303937619637513,,,,0.21144944826662482,0.24546453800077833,0.2644106085669917,0.26112123898599987,0.24860763021177376,0.24476437452413757,0.2569783568227447,0.2805149973647879,0.30578212141453176,0.3216168458377613,0.3201041395340225,0.30368563383342173,0.2813900414593566,0.26158435046324213,0.2487554945473994,0.24164937508107714,0.24004435549424957,0.24724714519130733,0.26019674730843884,0.2688007076021996,0.27173667195158174,0.27952037069303426,0.2927071999083887,0.29490963096540834,0.2773927555235364,0.25523986596433357,0.24462275607973255,0.2429366238896653,0.24612220463914586,0.25676849846563,0.27305445029040015,0.28845077756151455,0.29503030405439656,0.2910604068894718,0.2845871019972208,0.28457269621402154,0.2937679465310908,0.3063183137219877,0.3117938858859849,0.30115959956376065,0.2750028695642777,0.251203483846562
163,,,,,,,,,,-0.21116233173227467,-0.21923501553774075,-0.20504884251512429,,,-0.20917219768658163,-0.23273048097700497,-0.24018814350037637,-0.23512645270699212,-0.22454246031163294,-0.2155000650630855,-0.21792450313867806,-0.23320322637728275,-0.2423594649530249,-0.2256633315347285,,,,,,-0.21977088105576797,-0.23299908224195032,-0.22939195171659954,-0.22792090312975588,-0.23656559630762672,-0.2410536686518198,-0.23476373506893994,-0.2262752636185493,-0.2175719555602157,-0.20537353097005184,,-0.20540960902997754,-0.2123732188357868,-0.20810680500270373,-0.20033619499198563,-0.2035205412650768,-0.21878700850451338,-0.23047618023815647,-0.23168674182704851,-0.2380210271170887,-0.2547964040283635,-0.2672146498891797,-0.2735262469395118,-0.28128620625147416,-0.2793363291379357,-0.2556095866065966,-0.22417462496883384,-0.20737833351542467,-0.20840143581232495,-0.21218964144116725,-0.2059733086900179,,,-0.20252564244395943,-0.21562694850090364,-0.22820318780131515,-0.23657508106212372,-0.22665396905718532,-0.2024228217691929,,-0.21386762709278948,-0.2533670608111629,-0.2924015618269221,-0.31357766946613747,-0.30354299206587715,-0.27520701100721473,-0.25985643847360834,-0.26418154066256283,-0.27093169258511046,-0.2702251196830947,-0.2649136024847256,-0.26454714609301855,-0.2774465343913724,-0.2999425942038301,-0.3183465502388656,-0.3249653541434525,-0.32505309857109305,-0.32480556622197143,-0.32605832020435527,-0.3289714857395694,-0.32821957709917127,-0.3178625309132014,-0.30363460136263787,-0.2993505891188919,-0.30480992926715367,-0.30336780441594025,-0.29365148708380273,-0.29368133143967856,-0.3079174114240605,-0.32675555694657643,-0.3477931443465071,-0.3699692501681033,-0.38457476615474684,-0.3882786531499289,-0.3936035010800223,-0.4163911197193271,-0.45675066401772924,-0.4968508331798052,-0.5160534079817768,-0.5074633441033992,-0.4818721354738118,-0.46096698773330724,-0.46194044565267856,-0.48142665589339145,-0.5016050865211412,-0.510976161762303,-0.5116724767740332,-0.5127987963808,-0.5226270651565571,-0.542714606473229,-0.5658098120543055,-0.5831522101498583,-0.5908620977267955,-0.5867591790961288,-0.5716145783924313,-0.5574567026072064,-0.5624182478119022,-0.590764486935705,-0.6267635085886661,-0.6535719649923963,-0.6698726101884731,-0.6823607074668441,-0.6939536105891798,-0.7060737062983099,-0.7196053037808823,-0.7338620846214441,-0.7499518668081447,-0.7675874075890723,-0.7820259508451103,-0.7907394132705797,-0.7971137406545163,-0.8039136381299499,-0.807904061644672,-0.8056716890595137,-0.7994590236010273,-0.7930990261792307,-0.7882154201630934,-0.787646794345982,-0.7955643405238482,-0.809972943879122,-0.8232578175274157,-0.8313769954832236,-0.834877118832808,-0.8348992991225892,-0.8334502873997044,-0.8323069431734312,-0.8317311846567884,-0.8328534155243887,-0.8370174003003853,-0.842536957788145,-0.8460911463444775,-0.8459905566436967,-0.8416710790351165,-0.8338089633461067,-0.8264144060731135,-0.8222400966769217,-0.8177761291310113,-0.8106641110265349,-0.8039011184392264,-0.7964428368471512,-0.7830722650655917,-0.7664525458270268,-0.7554289812218478,-0.7514217679745336,-0.7471453613537627,-0.7364784969320719,-0.7177882196038425,-0.6906532278343454,-0.6558806903725554,-0.6199426550089516,-0.5950234179538054,-0.587996923232118,-0.5908850519208333,-0.5898254448890152,-0.5814483896858398,-0.5711021843048094,-0.5557700371357469,-0.5265070836748261,-0.48665547973600476,-0.4470854478308815,-0.41117918675463905,-0.37782275847588875,-0.3517201170788987,-0.3387259226198809,-0.3338639863455207,-0.32764003013636955,-0.31981552600010454,-0.31505122413966796,-0.30772539959843415,-0.28779313611644475,-0.2629873691418899,-0.2508650870442354,-0.24932167885684914,-0.23856538259096421,-0.20764229940963433,,,,,,,,,,,,,,,,,,,,,,,,,,,,,,,,,,,,,,,,,,,,,,,,,,,,,,,,,,,,,,,,,,,,,,,,,,,,,,,,,,,,,,,,,,,,,,,,,,,,,,,,,,,,,,,,,0.2018659258689234,,,
168,-0.23791159835044018,-0.24387701936756145,-0.25780696048125956,-0.26717160517894667,-0.2709127606750608,-0.2870623133719029,-0.31445743996058145,-0.33154486136549205,-0.3360234272460226,-0.34042248830317967,-0.33686051860868826,-0.31211898410152816,-0.2867099676117132,-0.29336106985372523,-0.3270251688258506,-0.35549899208475955,-0.36441424138201095,-0.3622420598403365,-0.3562571536234187,-0.3478431450511278,-0.3450924641300789,-0.3560916146746641,-0.370181183144507,-0.3683191007942441,-0.3521269441618058,-0.34067616190825734,-0.3410387019929585,-0.34627172873738854,-0.35355033306101935,-0.3595378230926628,-0.35518566627948744,-0.3453935969778962,-0.3484460359841005,-0.363634600899473,-0.37051711703522217,-0.3625580533049437,-0.3535940980505011,-0.3520769519092143,-0.3525086293588947,-0.35518343376914463,-0.3638933432708523,-0.36683780716550585,-0.3531225498759949,-0.33667818168249963,-0.33809864586283,-0.3547068883357081,-0.3646152997671269,-0.3596347010613179,-0.35794548095332873,-0.3708515788762279,-0.3860773936396908,-0.39560683597558244,-0.4018898390272283,-0.3981912144973388,-0.3776931796563848,-0.35244422063533587,-0.3393219825895776,-0.33878120762748287,-0.3380968264754334,-0.3291251664290022,-0.319638826984236,-0.3227765328880454,-0.33671955050364993,-0.34969839378314826,-0.3620883385232073,-0.37487069001161966,-0.3723235724159437,-0.3496318475451973,-0.3315309598826699,-0.3422705720913235,-0.3780003447838321,-0.41635882059088625,-0.43459003716436795,-0.4217762071876582,-0.39330635158207405,-0.3778025727485549,-0.3808366195501276,-0.3884038243747102,-0.392576072742675,-0.3927644367269493,-0.39383959408966274,-0.4046288504326181,-0.42631349045816647,-0.44898361108994,-0.46359927846881593,-0.4695573541823182,-0.4699587955026956,-0.47031975960087347,-0.47450668764444837,-0.47516325926384617,-0.4634878394339208,-0.44565141832895516,-0.4367717040589214,-0.43903129047248785,-0.43798335710329017,-0.4297021166629732,-0.42868235464589854,-0.4403982686653053,-0.4568370017601261,-0.47581553266696947,-0.49806207090755383,-0.5150875442021974,-0.5201870224440805,-0.5231414164374225,-0.5389740703842947,-0.56833849131499,-0.5971170560297879,-0.6108705209605181,-0.6060663298628978,-0.5899289650845725,-0.5749270904683039,-0.5724717248764619,-0.5844008729726765,-0.6009752337018703,-0.6120320604256888,-0.6182598060673226,-0.6278949606250834,-0.6443200302664279,-0.662325861671052,-0.6753674442083188,-0.6815123994468206,-0.6809968345242865,-0.6719703912230126,-0.6553924481211235,-0.6429762069125091,-0.6493691554192985,-0.6749587167151672,-0.7058326516163388,-0.7302835184305507,-0.7468479534247034,-0.7571797334373909,-0.762057639559981,-0.7651226721529734,-0.7701234242437451,-0.7773505930685858,-0.7866260457251546,-0.7969805699002921,-0.8051307321851194,-0.8097376175935979,-0.8141242180021742,-0.8208098293080419,-0.8260572794665404,-0.8250543410666982,-0.8193795591519988,-0.8145106485974108,-0.8127957688968722,-0.8139880945792941,-0.8193077899584997,-0.8284625969324269,-0.8372017030369032,-0.8424271246080524,-0.8447040562700678,-0.8449867176927992,-0.8435932545365451,-0.8407108118924874,-0.8370041315583536,-0.8352596647979963,-0.8380933456518358,-0.8439494897093183,-0.8487218128298117,-0.8497202836821032,-0.8462941779269556,-0.839822832072038,-0.8342604043745045,-0.8320365468791142,-0.8300641513562954,-0.8255073264530839,-0.8205210586523486,-0.8164581404515752,-0.8114308453533174,-0.8060593934758382,-0.8039839824582602,-0.8049923715613416,-0.8038259665092937,-0.7970818919489744,-0.7850726823504166,-0.767175749348579,-0.7429059189094149,-0.7185897412526645,-0.7049856348966492,-0.7042695532764718,-0.7062850581711411,-0.7015968899837364,-0.6918285798193069,-0.6834646949199803,-0.6753518652980495,-0.6595851307735227,-0.6333657474295369,-0.6020793003554911,-0.5717157261888556,-0.5429386637953907,-0.5165308019470221,-0.4976688061452903,-0.4872212618454258,-0.47936751570794855,-0.47162982177612134,-0.46737958894930853,-0.46556514065667143,-0.4584347264990946,-0.4434860329412528,-0.4260854858793245,-0.4093481358780089,-0.3900742325731217,-0.36310294301083307,-0.3279770626104981,-0.29304210656012186,-0.2724288671944429,-0.2714889765544145,-0.2797786192368651,-0.2882733980660795,-0.2992261298334289,-0.3101009617055159,-0.30317902750364245,-0.26623516869295044,-0.21676261027441765,,,,-0.2044614222787331,-0.2288997917053966,-0.24643400771215979,-0.24286496886252695,-0.22392148458963035,,,,,,,,,,,,,,,,,,,,,,,,,,,,,,,,,,,,,,,,,,,,,,,,,,,,,,,,,,,,,,,,,,,,,,,,,,,,,,,,,,,,,,,,,,,,,,,,,
173,-0.31177314829129565,-0.3120807225981986,-0.3244424904191101,-0.34243262433091126,-0.35730963568817864,-0.3777453465982411,-0.4031450265992768,-0.416108992320665,-0.41531415387618564,-0.4126926522367341,-0.40309274690080715,-0.3770443496176119,-0.3527824020516416,-0.35788064467250513,-0.38626483705822157,-0.40977117506944494,-0.41963095107491355,-0.4265654513145782,-0.4338533430269751,-0.4338148715100239,-0.4272035140158743,-0.42599347674065996,-0.4341618060706428,-0.4427294318746259,-0.44775763003712843,-0.4543426630711927,-0.460152939405971,-0.45766114289728943,-0.4494740135682512,-0.44054728397349424,-0.4280946488956566,-0.4173253675979499,-0.4230205465037551,-0.44037857290512916,-0.44597187740718425,-0.43264123586696085,-0.41875663355708076,-0.4204131713953494,-0.4317200324609209,-0.44379748235773037,-0.45525488207913817,-0.4552187419938109,-0.43544873815593244,-0.41547310916887126,-0.4196691566200643,-0.4422489926552279,-0.45733400480633196,-0.45305034913426306,-0.44340742955303486,-0.4447333274044881,-0.45612928025070054,-0.46924146269554523,-0.4771413466072131,-0.4730980597594646,-0.456609313699156,-0.43837380368907547,-0.42862905607073554,-0.42586392157092723,-0.4216519160029967,-0.41167738323247305,-0.4036284488447117,-0.40922770623586124,-0.4250698770636895,-0.4374156190257695,-0.44545994714998205,-0.45324499780667193,-0.4503020361336527,-0.42990302901382405,-0.4094057174686069,-0.41272088245635796,-0.4419365946126279,-0.4766224115801651,-0.4939777553485033,-0.48525610410402065,-0.46340566925039217,-0.45055635139321515,-0.4521405279478173,-0.4598660315345814,-0.4689108367488669,-0.47617417061642997,-0.4810189724480256,-0.4894824265611151,-0.5055122209731333,-0.5241275260544299,-0.5381973434637211,-0.5439085573091511,-0.5413978840944242,-0.5386292670977276,-0.5434675204573031,-0.5487625120473769,-0.5421631334092385,-0.5255283983134159,-0.513608047267658,-0.5146175426505782,-0.5188228872952665,-0.5176117218239513,-0.518551960322462,-0.5259690661764048,-0.5328939854205995,-0.5401673189673757,-0.555149174398299,-0.5720997867103798,-0.5800795693874832,-0.5845611692321707,-0.5988673946166305,-0.6223896993105988,-0.6427703032722771,-0.6522852764689464,-0.6521600562375882,-0.6464627375899683,-0.6394416144584318,-0.6366959165725131,-0.642722041501933,-0.6548030742663915,-0.6649045745631623,-0.6718722929674752,-0.683468852131197,-0.7018317468162271,-0.7184062168239951,-0.7264661359910238,-0.7269233775501762,-0.720918535639117,-0.7068353118297234,-0.6885375003860403,-0.6794163790379695,-0.6895993930898189,-0.7143762941166472,-0.7416174466817844,-0.7640195205430707,-0.7798971412767199,-0.7883614589712737,-0.7904232544492404,-0.7911751437073322,-0.7941512133037185,-0.7980807871074413,-0.8012586265467921,-0.8036026889673591,-0.8051424379662904,-0.8069359769729295,-0.8120875429250545,-0.8211459350040566,-0.8284731987148357,-0.8287696103274376,-0.8244045578232941,-0.8218064230894153,-0.8231239320214001,-0.8262179924768256,-0.8300339984432926,-0.8344096145846887,-0.8379967481807529,-0.8403743678504092,-0.8427564299012162,-0.8449536866499401,-0.8450091032148104,-0.840950420167055,-0.8330425661780961,-0.8265058038564486,-0.82742990817209,-0.8349941615922558,-0.842655053671989,-0.8453721301161745,-0.842198099622042,-0.8354711348914259,-0.8302406259675577,-0.8298474509715721,-0.8311237073658846,-0.8293823368400398,-0.8253520990582546,-0.8223829682240827,-0.8212988126494689,-0.8214162211729744,-0.8229585958961756,-0.8247956527649025,-0.8233933455056133,-0.817471452908215,-0.8087352784040613,-0.7967215505783913,-0.7802442997149307,-0.764820844373141,-0.7593011185724966,-0.762512736388697,-0.7629689545005877,-0.7543321805955139,-0.7416907141301463,-0.7321484474033887,-0.7258432275466282,-0.7162788902168316,-0.6976664537301202,-0.6720673543261935,-0.6467171398731048,-0.6245237379925879,-0.6049573899794022,-0.5896580096968481,-0.5790452844150838,-0.570269659922308,-0.5619647434789358,-0.5573628648678564,-0.5589314853551098,-0.5608348804392899,-0.5527464848399002,-0.5310866933923227,-0.5040313942375975,-0.482463416186101,-0.46510818125635306,-0.44168439487265804,-0.41193073617888,-0.39109522658184276,-0.3907284319010854,-0.4028219660007333,-0.4126551493590592,-0.41585684069555096,-0.4098533157292817,-0.3852754306196883,-0.3433382129310103,-0.30527625049575835,-0.28922856277244924,-0.2898795071312965,-0.2960628450966969,-0.3125009776863505,-0.33999456336746137,-0.35701567619134933,-0.3499807555944389,-0.3306345597061825,-0.30333997960953624,-0.2574335123239653,-0.2014317016564054,,,,,,,,,-0.20780870906399732,-0.22899872954013994,-0.24692169425129568,-0.2526110355116615,-0.25016719548406186,-0.24102740003633089,-0.222601936453034,-0.2056273336228055,,,,,,,,,-0.20097909900196187,-0.21442664638884534,,,,,,,,,,,-0.2068923810085172,-0.20184344194615242,,,,,,,,,,-0.2000729233107596,,,,,,,,,,,,,,,,,,,,,,,,,,,,,,,,,,,,,,,,,,,,,,
178,-0.36760451113626713,-0.36135065718964676,-0.36651726788489897,-0.38331829960221797,-0.400006586610051,-0.41787054420197767,-0.43643901744287716,-0.44370327337197146,-0.4406495031406069,-0.43764445012589404,-0.4309261496576342,-0.41323987606647006,-0.3960336708856256,-0.3980224651779368,-0.41544989077208266,-0.4301303144701413,-0.4397317887700366,-0.4548354280980622,-0.4751131446427838,-0.4864894103263404,-0.4816356957604543,-0.47096776187916156,-0.4684222395202825,-0.4772146803970011,-0.49432064452608226,-0.5134291039211129,-0.5218120171595454,-0.5121206294090755,-0.4937059337211428,-0.47813657347049626,-0.46453334159703547,-0.45488824933005,-0.461209824729269,-0.4780543813089193,-0.48120974420535645,-0.4638067252637186,-0.4471628836809629,-0.450259625340176,-0.4658575441860667,-0.48115717464538754,-0.4939244700736818,-0.49461622113964687,-0.47513694379210547,-0.45502184254207567,-0.45908418885757446,-0.48234963960998956,-0.5006704097479042,-0.5001196403964409,-0.48770716392128716,-0.4804618482633972,-0.48861578900216246,-0.5069768216760093,-0.5197626753262509,-0.5171601943182371,-0.5039512656317746,-0.49108867315067783,-0.4829601529235626,-0.47591183760252964,-0.46694140348917734,-0.45720158643106784,-0.4520785954061652,-0.4579166666565224,-0.47089936922043363,-0.47935227808069214,-0.4811326099330357,-0.48029428304585475,-0.47348978003997955,-0.45861146227080285,-0.44577126320952587,-0.4492813562077016,-0.47183738313150936,-0.5006256669575411,-0.5189529739087053,-0.5184544197705817,-0.504799207929234,-0.4929117664171773,-0.49086816964231633,-0.496935744812098,-0.5080170277049503,-0.5191152401814177,-0.5267583626823493,-0.5345502023765932,-0.5451874299625096,-0.5548847718764371,-0.5604316836076033,-0.5604408150306163,-0.5545290413948931,-0.5507689864455123,-0.5587315484661562,-0.5713859495873739,-0.5725496691102148,-0.5590639808410648,-0.5451752604988035,-0.545007018532451,-0.554511614934023,-0.5619649471043773,-0.566535682818162,-0.5688389191401539,-0.5648380214571037,-0.5620764226497045,-0.5735075505217858,-0.5921721393692,-0.6020499173815693,-0.6068320641541249,-0.6203306481377499,-0.6406995379698013,-0.6560756355285203,-0.6639518514043924,-0.6686837369247527,-0.6710249359945941,-0.6703909166740067,-0.6690653125667916,-0.6712077059100667,-0.6783087562679682,-0.6856590041960038,-0.6904816514225778,-0.6991441134070712,-0.7151401809247955,-0.730287727594781,-0.7367279173012055,-0.7345218232018473,-0.7246968796106745,-0.7074197083294651,-0.6902784453977213,-0.6871656068344951,-0.7022989002846308,-0.7258658987307922,-0.7478228753523608,-0.765265225214505,-0.7778660920778772,-0.7850610695741234,-0.7889235978081331,-0.7941253534815923,-0.8013887362218437,-0.8063778438198489,-0.8061701949139106,-0.8023711823394883,-0.7985498466707862,-0.7983562872353608,-0.8047722598306906,-0.8159334418951913,-0.8239301263533823,-0.8234893085074447,-0.8185372228910186,-0.8165586033394123,-0.8195916075597828,-0.82419898520227,-0.8273273662791853,-0.8281966495861675,-0.8275089930023682,-0.8275796532629989,-0.8305237719778091,-0.835108586748065,-0.8371912007179778,-0.8319249007044218,-0.8181423208897755,-0.8041283432033732,-0.8018394425812598,-0.8124684944314768,-0.8255613867007962,-0.831818867337504,-0.8294241274342431,-0.8218094977227957,-0.8158300275289088,-0.8167001284351922,-0.8214831203532028,-0.8236090775624771,-0.8220313342658432,-0.8206049890890807,-0.8213149675800782,-0.8227711560950988,-0.8240024212882504,-0.8244704266093004,-0.8222125660368753,-0.8168436811236623,-0.8106709410584495,-0.8037913625886781,-0.7944367937279354,-0.78616465660328,-0.7855882927400816,-0.790359610300789,-0.7893483071443863,-0.7774402533093712,-0.7605696554968824,-0.7462965941338066,-0.7365651643095115,-0.727173906653545,-0.7123363326387812,-0.692222191016957,-0.6726186579602442,-0.6570167790074013,-0.645498929355526,-0.6366530965806998,-0.6273665600696192,-0.6162352424129824,-0.6058273412113548,-0.601407367798624,-0.6058677943838631,-0.6122413487693182,-0.6069904775175081,-0.5839099560077142,-0.5528752469028759,-0.5307402454219649,-0.5200720655447468,-0.5067173372251033,-0.48318442662970407,-0.46137033174173936,-0.45610522383355917,-0.4658288258442055,-0.4767998388910498,-0.47831357445643946,-0.4623714708561391,-0.4228319668540428,-0.3717712480929277,-0.33771742469292587,-0.3339536795198154,-0.3451539973530111,-0.3560561690136751,-0.37291600583080636,-0.39830819314914145,-0.41288799127270065,-0.4048599619541312,-0.3850231781950675,-0.3614066487718592,-0.33008233489527256,-0.29375397308816487,-0.263701946969206,-0.24545281296400068,-0.2397483229704725,-0.24263954151470632,-0.24338490147462286,-0.23829103383006367,-0.2368215403802059,-0.2515263039619009,-0.283289342247643,-0.3158128156673281,-0.32889251541990927,-0.31875967921133186,-0.3018793092725511,-0.2891857984335522,-0.27526053898844155,-0.26112679686764895,-0.25173631866784413,-0.23416272080354195,,,,-0.21193412496890526,-0.2421253579730605,-0.2600048921224454,-0.27675370120883147,-0.28775937253036576,-0.2774499292337056,-0.24309349351990656,,,,,,-0.23502585839208148,-0.2554765448226818,-0.25998984219280497,-0.26124946120018283,-0.2578465716378872,-0.24671333660982148,-0.23396600042613974,-0.216101053227293,,,,,-0.2101626404952775,-0.24030910643632536,-0.26775047194376966,-0.2706003510106805,-0.2480539180707384,-0.22345070464898947,-0.2074304022250463,,,,,,,,,,,,,-0.21340773753848197,-0.21100116393741292,,,-0.2017900932414152,,,,,,,,,,,,,,,,,,,,,,,,,
183,-0.41521914456858083,-0.4062666230800183,-0.4047793379451709,-0.4117182922493065,-0.41584003855750634,-0.4198389888380948,-0.42875025185971727,-0.43469236594285054,-0.4357430318130574,-0.43764131397509853,-0.4381922727879058,-0.43339721476100423,-0.42936264204357016,-0.4355557805439864,-0.44769620700785234,-0.4547805653534246,-0.4592820598524928,-0.47180829562398685,-0.4919065687111346,-0.5064407963528672,-0.5064693757846825,-0.49780489696991925,-0.4928789671150917,-0.4997808158360053,-0.5185713326548382,-0.5380388475397042,-0.5417043748745327,-0.5259359720335557,-0.5044185135310778,-0.4889908776965789,-0.47687533667198667,-0.4689098506412515,-0.4774014775156384,-0.4963382323002674,-0.5004327309661667,-0.4841101967245182,-0.46961130760518677,-0.47316804385254174,-0.48586193632597274,-0.49732666314095353,-0.5088491968985421,-0.5127306964400742,-0.49857531695123924,-0.4801246154302891,-0.47976400212710507,-0.496944398811724,-0.5135642457429928,-0.5165216673079829,-0.5072540263958794,-0.4988033152712994,-0.5046903512115959,-0.5232493104782306,-0.5375575439537293,-0.5372032844105121,-0.528246942453537,-0.5200845921529564,-0.5125375119445389,-0.5000283525331993,-0.4846701656380411,-0.47422868175109356,-0.4723647461104686,-0.478311750545553,-0.48657571926680787,-0.48920083265597547,-0.4847155567568062,-0.4764727801042931,-0.46747116613619916,-0.46222978686212446,-0.463937360385218,-0.4721064465545073,-0.48633125310312203,-0.505785411321036,-0.525253221214967,-0.5351550336053732,-0.5295139101327445,-0.5153841873635167,-0.5060028262317247,-0.508177884005625,-0.5198746450950004,-0.5321581604876994,-0.5392986124229975,-0.545614036195875,-0.5525743281633826,-0.5536943325172377,-0.548033744644753,-0.5401306571998966,-0.5326116839719295,-0.5326052907349955,-0.5480225563016629,-0.5702127502059844,-0.5807076914664047,-0.574319975925352,-0.5638748307189181,-0.5639056354163783,-0.5736091974896773,-0.5823440368203147,-0.5854570483150991,-0.5820088007860993,-0.5726047031471287,-0.5692996821457921,-0.5840942589364497,-0.6055327069282785,-0.6149320396576963,-0.6168642281147081,-0.6264457954125375,-0.6420346648966015,-0.653061321249696,-0.6598255548157534,-0.6670882030822213,-0.6726857696681399,-0.6743940339664274,-0.6740423772898677,-0.6740477789406603,-0.6764116831852512,-0.6794981789879506,-0.6810677731742334,-0.6864225215846962,-0.699972715602337,-0.7148819989677646,-0.7223084781017026,-0.7202714780215669,-0.7097706972614202,-0.6933853581764129,-0.6809757066505389,-0.6846411590007884,-0.7030474593090917,-0.7233465139424324,-0.7380830521479683,-0.7482260599846199,-0.7554153106014965,-0.7606154188532046,-0.7670179788741266,-0.7783636545430658,-0.792585439188148,-0.8024176807851926,-0.8035732559941073,-0.7983739524496183,-0.7921344687953564,-0.7898420468638746,-0.7946073040977817,-0.8037339706159747,-0.8089853245072095,-0.8059589068438193,-0.7992965103705463,-0.7965698914511158,-0.7999354707889559,-0.805406747931976,-0.8084884674606805,-0.8077382292815183,-0.8049389940871903,-0.8041805293691145,-0.8084286515490422,-0.8158359236255426,-0.8201394259829508,-0.8128327202639903,-0.7904064975524216,-0.7650558904630487,-0.7574898333757973,-0.7725758402776748,-0.794134227531004,-0.8061207882588256,-0.805434899198549,-0.7971795496934267,-0.7902273818337493,-0.791910910067458,-0.8000942413806111,-0.8067490528033314,-0.8087049353647957,-0.808831853853915,-0.8092522064702332,-0.8092273094151379,-0.8088914465430064,-0.8090823891964765,-0.8083167606407089,-0.8054768665327643,-0.8027752586737383,-0.8008312405309057,-0.7970094865814619,-0.7929590024516882,-0.7941130506465353,-0.7986649336429985,-0.7968488898826948,-0.7830971540249029,-0.7612826130818982,-0.738983339492687,-0.7217865683396191,-0.7098552169642234,-0.6987473790099548,-0.6859184340597535,-0.6733521605925646,-0.6638007509138055,-0.6580896201645003,-0.6523936397637403,-0.6401835026900258,-0.6218687922555418,-0.6069228461640396,-0.604871275381678,-0.6153976797830764,-0.6260921267524018,-0.6225964147972369,-0.600593885883343,-0.5693046307123992,-0.5449398490924617,-0.5344392467547794,-0.5280688013119251,-0.5153892311833175,-0.5004332371695217,-0.49340804833898466,-0.4959957572484335,-0.502020038193115,-0.5035068678115492,-0.48773067571451123,-0.4438233753926898,-0.3854172103011779,-0.3478144060289211,-0.34927166684182154,-0.3715235248914709,-0.39030758703867463,-0.4049420301968028,-0.42106283373746783,-0.43005516518730896,-0.42366173021320763,-0.4055188487090834,-0.3833328439389958,-0.36190508789324055,-0.34381298428914137,-0.3313809208118174,-0.3244457612011473,-0.3224281300379335,-0.3232098730396499,-0.3195077820535286,-0.30922955189705625,-0.304329329539016,-0.32020388987651416,-0.35395945033355064,-0.3824158209177637,-0.3848300092028215,-0.3619219943036567,-0.3346963308613553,-0.3181151053607186,-0.3075679265682847,-0.2995797435516211,-0.2961373464474862,-0.28566135221608574,-0.25613697308005257,-0.22829269547429032,-0.23672704314056645,-0.2767021138253095,-0.311112443148275,-0.32384054860313805,-0.3264006105219285,-0.32632552686695493,-0.316988623078844,-0.290733427122713,-0.25274011455098555,-0.21879665424195915,-0.20442282678716261,-0.22063518550616895,-0.262434791934669,-0.30257032649271043,-0.3173435909664656,-0.31090936450955786,-0.30064122329004944,-0.29290003149132543,-0.2889601075948922,-0.29046449405330765,-0.28709826499758934,-0.27007372006795505,-0.25361344903690014,-0.2530789048277514,-0.26108889415217745,-0.2685141321922536,-0.28278206202355727,-0.30503037957593954,-0.31732705888561274,-0.30809510413714725,-0.28664323517244245,-0.26447683400717603,-0.2409822836436349,-0.2180090853475417,-0.20857375703930225,-0.21839016062189442,-0.23477677291022203,-0.24191371610644047,-0.23811007874239426,-0.23419637551999375,-0.23661485516407707,-0.24107932393180928,-0.24668658992566275,-0.25926595861646096,-0.2719400974993724,-0.27097292873531187,-0.2636070606142429,-0.2661826532578033,-0.2722378508066619,-0.2624972109134103,-0.24010736174806713,-0.22835293193688164,-0.23631540548204133,-0.24898294714847513,-0.2472981778961535,-0.22691394832352102,-0.20085872724977916,,,-0.201882273118086,-0.20891065240902018,-0.20438917293355854,,,,,,,,,,,,
188,-0.43814148019126453,-0.4363497213421006,-0.43893227257379086,-0.4379017640587879,-0.42352223356003393,-0.40926325074668457,-0.4115817959439476,-0.4234571980845153,-0.43264252556988203,-0.4381487147881516,-0.4423513587393779,-0.44751632718098877,-0.4576028049184263,-0.47374723063558355,-0.4870903590593693,-0.48865519552606695,-0.4835591455226115,-0.48317786598913703,-0.48932102197948024,-0.4946888763843644,-0.49565369697784856,-0.49610968470982264,-0.5009844289489219,-0.5132788203177173,-0.5316056256290417,-0.5447472825536193,-0.5395312485856769,-0.517952921677284,-0.49620231640376844,-0.48349733101561004,-0.4740839600288037,-0.4699484036016244,-0.4846424632456487,-0.509552375655142,-0.5171471168562887,-0.5029780013676148,-0.48921577821820095,-0.4896210380228372,-0.49685345636689504,-0.5044817025077396,-0.5146671783395884,-0.5205009195513958,-0.511542459376285,-0.4967326144067852,-0.4948766438692408,-0.5084270928820807,-0.5236435979368332,-0.528469290858247,-0.5221795480150204,-0.5137560669644889,-0.5137234491811464,-0.5223413599092087,-0.5293888649539302,-0.5289780368020026,-0.525223602054668,-0.523523679567477,-0.5207895413933078,-0.5092139182121946,-0.49127965808461516,-0.4776116955736299,-0.47364852048521966,-0.4781396411890193,-0.48457695989246374,-0.4846218627407693,-0.4762377526370984,-0.4639763889677642,-0.45659987548866265,-0.4623693558377483,-0.4773055175073216,-0.4881266328252864,-0.49207768913643546,-0.5008412493990628,-0.5215557151730337,-0.5426992623403337,-0.5455867724566231,-0.5287720149704842,-0.5102958877120967,-0.5070038495306863,-0.5193622616346621,-0.5330634178281086,-0.5379083176814334,-0.5390867895054254,-0.5397030633395907,-0.5328309074958317,-0.5187050908310631,-0.505832273514414,-0.4995709847960341,-0.5059734985613498,-0.5294979524547041,-0.5590146995446519,-0.5774040244367802,-0.5817653247874722,-0.5814380014947377,-0.584026305083672,-0.587785780723556,-0.5876311796138501,-0.5837229679257505,-0.5778126216663071,-0.5718482150007089,-0.5748212248877169,-0.5937220520480705,-0.6159170083944292,-0.6238863488550048,-0.6214599918190982,-0.6231565185790591,-0.6307557923252038,-0.6379416966232723,-0.6451483922048873,-0.6538275353013313,-0.6587874734932095,-0.6584829093521045,-0.6574420697246784,-0.6573251910921172,-0.6572105411134925,-0.656099567174313,-0.6544693218384392,-0.6575981515749574,-0.668711772781079,-0.682196796203007,-0.6905801803579577,-0.6914632203440756,-0.685712931976256,-0.6761875303318128,-0.6712493691057136,-0.6794962093443147,-0.6974042000975045,-0.7133895170697788,-0.7224068762384944,-0.7263643571218412,-0.7273103114732955,-0.7279382485633109,-0.7333510027469785,-0.7477002448658043,-0.7676233363506813,-0.7832052436956173,-0.7879343733675415,-0.7838975383291076,-0.7771040298545913,-0.7724449634091087,-0.7723392607230082,-0.7747047948321014,-0.7742195800338598,-0.7689796490748582,-0.7624424415656457,-0.7598103830120413,-0.7634416295164677,-0.7701835381804369,-0.7744616688292743,-0.7735633386105809,-0.7697498311735244,-0.7685182326536522,-0.7736788661604257,-0.7831517326332114,-0.7888875808997728,-0.7782548808358298,-0.7444775867498048,-0.7046347954333814,-0.6911371007708484,-0.7133539707314414,-0.7467484072577734,-0.7660004655473769,-0.7666140018047011,-0.7566821834314155,-0.7483830292225649,-0.7517944293948315,-0.765018458164857,-0.7772500226100698,-0.7826828746244534,-0.7832441961198044,-0.7814304539253902,-0.7786024200827427,-0.7775824174737572,-0.7805485120877754,-0.785135900529722,-0.7879148636817717,-0.7899340483118871,-0.7918418686842603,-0.7902124295695985,-0.7858368287367632,-0.7845590748722503,-0.7865013041257998,-0.7843091133685782,-0.7713018055728889,-0.7466279307828243,-0.7164067582538824,-0.691187258596835,-0.6770947426064065,-0.670314121590087,-0.663844196401417,-0.6563540857133812,-0.6515278588791015,-0.6503910725952229,-0.6453777940508862,-0.627101536711858,-0.5994865333136468,-0.5804702335026803,-0.582974761952114,-0.5998688392571361,-0.6120552833818627,-0.6074893985518117,-0.5873093315001355,-0.560289888942479,-0.537865917802285,-0.527737914976109,-0.5266706865592854,-0.5257050811308338,-0.5226388509455541,-0.5196970682864067,-0.5155772091476671,-0.5108925984183776,-0.5079494269987229,-0.49676006914830206,-0.46053452631070946,-0.4053160220517278,-0.3658747393602175,-0.36655543627059106,-0.39114329681646004,-0.4090412669219099,-0.4134979272748745,-0.41521349063199514,-0.41779413790148867,-0.41541720580283314,-0.4032812455561354,-0.38628532116587,-0.3736720246018438,-0.36815740310036293,-0.3686344848658465,-0.3731529816853507,-0.3784419216678201,-0.3816705744754374,-0.3805786659603194,-0.37588260066489393,-0.37529833624658726,-0.38842566647049387,-0.4110730468009962,-0.42551272067554524,-0.4189942254631153,-0.39394562357581003,-0.3655048013300728,-0.3450397912526974,-0.3313563981514036,-0.3245715548453295,-0.3278060322247751,-0.3304273406228502,-0.31650829529886293,-0.2969017964561701,-0.3010007364134924,-0.329933145910621,-0.35586051901930227,-0.3645059906672585,-0.36283339775660406,-0.3580202563296283,-0.34863345478623853,-0.32874167182153174,-0.30084607437863703,-0.2783763015886317,-0.2735394278610568,-0.29298358681393377,-0.3315085279205406,-0.36579001119441856,-0.37408220839047207,-0.35796712615100656,-0.3328911290804381,-0.3123066628262831,-0.3084621604043534,-0.3230890481951477,-0.33583078642696873,-0.32944630391859026,-0.3152459264293387,-0.3093079148321821,-0.3077735690491685,-0.30594269262130513,-0.31363253666629987,-0.3342766425606581,-0.35288232898470717,-0.35498603815986196,-0.34123665310591655,-0.31999584082268206,-0.2965026371564793,-0.2755742767712411,-0.264819010941037,-0.26860352959773,-0.2827769391483004,-0.29689605729029445,-0.3029877382575571,-0.3025808315404231,-0.299579802466321,-0.29267570423243366,-0.2857758975963839,-0.2906605480511055,-0.3047465959715095,-0.3134580309427057,-0.31802825387608613,-0.32674120872292856,-0.3292055654574779,-0.3108352936733769,-0.28283886150184484,-0.2704478710739233,-0.2787623296360265,-0.29183802529334735,-0.2937349084726675,-0.2775011244612829,-0.24852824526638959,-0.22366821107907708,-0.2172543503048464,-0.22583243041500872,-0.23571044498379154,-0.23954404315566974,-0.23420544927825362,-0.21514446536848508,,,,,,,,,,-0.20149951167745872
193,-0.42528872250003213,-0.4380843456385768,-0.4561599530692715,-0.4593700927307975,-0.43852795595914196,-0.4159175568786537,-0.4165581825775033,-0.43387800383844577,-0.44673083387341495,-0.44936657762376386,-0.4500327115153051,-0.45726722893705657,-0.4742571089017068,-0.49688102794985606,-0.5128484866609871,-0.5125367066671984,-0.4999214687593022,-0.48621507406746767,-0.4765966577171467,-0.4695049543216776,-0.46706059234626446,-0.47483766028336927,-0.4924126404556181,-0.5136215753648465,-0.5319241447801166,-0.539400869271597,-0.5289527757929304,-0.5051111153957978,-0.4836722523572923,-0.4719818265272019,-0.463538111662943,-0.4621310104129682,-0.4814927189949755,-0.510819023370112,-0.5215221179724271,-0.5085746764533674,-0.4923907051794423,-0.48794939207084015,-0.4932490073112966,-0.5020716889973885,-0.5110422632124194,-0.5135640496188896,-0.5051095415860607,-0.4953139757486056,-0.4986711063762872,-0.5159171495312864,-0.5336360751044209,-0.5394979294256019,-0.5325602420246581,-0.5200805012282971,-0.5096540094036235,-0.5039862407867473,-0.5014463850633785,-0.5001122658858532,-0.4999564354716458,-0.5035477467151941,-0.5087728368528652,-0.5062756659326988,-0.4928103859666624,-0.4745941658448063,-0.4607767874108665,-0.4593919157697668,-0.46754981157245784,-0.47141053459915205,-0.46360605518816134,-0.4513646380081501,-0.44913880829756203,-0.46441759928556126,-0.4862356177208623,-0.49542754647587284,-0.4903674689494585,-0.49166476213244314,-0.5143817817925828,-0.5449641820816271,-0.5566426996834758,-0.5420084080781723,-0.5196842240491064,-0.5118366091301296,-0.5219180122490052,-0.5337153251660429,-0.5333912421593952,-0.524442120706845,-0.5131623934095038,-0.4984534111814114,-0.48258767514245227,-0.47198825847702996,-0.47055729217931525,-0.48357677330635224,-0.5121368910329154,-0.5426749407673288,-0.5624968337048089,-0.5744322432561549,-0.5845413531442348,-0.5907487872653185,-0.5871564101689949,-0.5748334770657477,-0.5635754554623928,-0.5595127464081924,-0.5608419786926453,-0.5689293314509437,-0.5879716513648201,-0.6094953870498168,-0.6181039850812429,-0.6128790035176139,-0.605466403444431,-0.6035814000692596,-0.608067693159526,-0.6189465026072631,-0.6316561601835733,-0.6361813747634367,-0.6319863919104219,-0.6287790560091967,-0.6301617557149329,-0.6313063561156165,-0.6284848600281703,-0.6238796754960853,-0.6231383573270202,-0.6286797107777806,-0.6378817353977023,-0.6466436598300545,-0.6524198695311302,-0.6547515629316938,-0.6547498265946933,-0.6569121293349901,-0.6663741754777368,-0.6811245845540378,-0.6938292110522527,-0.7006932283053287,-0.7018039788548889,-0.6979285865226019,-0.6925973869352635,-0.6932400628297373,-0.7063576357853076,-0.728891552672768,-0.7480833165818734,-0.7541208345875362,-0.7487168713720909,-0.7394719692844263,-0.7314055274497508,-0.7251651922699586,-0.7191971657576084,-0.7132580132424149,-0.7092033923227766,-0.7068134131087074,-0.7057108968346464,-0.7091358273314579,-0.7172975902664476,-0.7233972410967063,-0.7219396966143015,-0.7157561652666868,-0.7122818673627502,-0.7157418631844827,-0.7237781231917484,-0.7280317893266773,-0.712663579382351,-0.6665364910688262,-0.6120158749540161,-0.5955267541838458,-0.630140201119914,-0.6794135419006145,-0.7068593800852828,-0.7069513626820857,-0.692551472880959,-0.6821383987446823,-0.6899456868925602,-0.7117111681890673,-0.7308787092354385,-0.7395340022827139,-0.7402760340752375,-0.73620449732998,-0.7309814462337507,-0.7306075597623757,-0.7384621424494231,-0.7512654269352379,-0.76313979265797,-0.7721176024419576,-0.7771576556798934,-0.7748495165580956,-0.7663384540801808,-0.7580437818840736,-0.7533069321207744,-0.7498415539074674,-0.740983725142262,-0.7193654783347866,-0.6868974166325781,-0.6576252340354094,-0.643159444361634,-0.6392314097605908,-0.6341288689329956,-0.6262716289720898,-0.6236368825827432,-0.6269720294439003,-0.62328407928948,-0.6010730105642622,-0.5686298902102845,-0.5501181083903314,-0.5579071926195169,-0.5767400757698459,-0.5839489167392076,-0.5737576733682368,-0.5548722251319894,-0.5370738352468931,-0.5261426624386509,-0.5245848304611881,-0.5293255974089958,-0.5335603826064668,-0.5356416127448403,-0.534909476980997,-0.5256204476329491,-0.5100527658946257,-0.4997882109197944,-0.4930947615652685,-0.47133043750264625,-0.4292564575593838,-0.39319559604447335,-0.38813636111045224,-0.4014453325212033,-0.4040662361610438,-0.39148444330478643,-0.3816807640591319,-0.3846427090728699,-0.39083063363411574,-0.38844627891257144,-0.3816947045146285,-0.37999660740335683,-0.3825066456836246,-0.3866923198376413,-0.3931376035307488,-0.3988842703903539,-0.4006211080943045,-0.4003732529895536,-0.4023875917892135,-0.40956238840900716,-0.4225754871928156,-0.435587359926486,-0.43958143758496715,-0.431268183657779,-0.4133210362842671,-0.3916682519424366,-0.3698287487286467,-0.3486980916281005,-0.33472836461947086,-0.3356885027247004,-0.34595451520105813,-0.34939247377238575,-0.3434687688382388,-0.3433413591799488,-0.35401899926006475,-0.36599801679060234,-0.37688585662734864,-0.3882583740800021,-0.39435965016083663,-0.3885562319562968,-0.36910895198958704,-0.343594648582284,-0.32739904846572415,-0.33006453941126135,-0.3511082371562092,-0.3823758286452509,-0.40675098194286635,-0.40860969374716416,-0.3864745215523838,-0.34949805430609554,-0.3145662630717643,-0.30461530311759144,-0.32537470038995153,-0.3496482760917164,-0.35104921132211553,-0.3385201418550525,-0.3318185218224802,-0.3307019692913375,-0.330738044456773,-0.33774565611350416,-0.35247509886950856,-0.3653843077591077,-0.36925346897299177,-0.36434197551988623,-0.3534020231076265,-0.3367778090707495,-0.31558019095132306,-0.29605401718948354,-0.287717656315315,-0.29624369943731244,-0.3147041736885793,-0.3276454156771656,-0.3286695248016721,-0.3213979929438584,-0.30738309340738246,-0.29358803928587296,-0.29746701229274325,-0.32155281769414906,-0.3479084303468225,-0.3668838368356452,-0.3787214982192269,-0.3750714674542869,-0.3507236397857465,-0.3223454353087986,-0.31033419111451777,-0.3128404262819351,-0.31624043931816725,-0.31403052873527615,-0.3022101247125811,-0.27896108561607336,-0.25366973000518744,-0.23940642255234673,-0.23803154051495817,-0.24419914066300297,-0.2537405096008763,-0.2585244473896454,-0.24772316150661142,-0.21950098546635685,,,,,-0.20327280006602158,-0.213183668648181,-0.21327154725559297,-0.21509419089798015,-0.21972492734026494
198,-0.39451308803774565,-0.4161860843101153,-0.4461926757915388,-0.46094713626093853,-0.4511409884807472,-0.43603639053828597,-0.43882804311167495,-0.4549226408485132,-0.46223254453101603,-0.45491153449594124,-0.44645375809732174,-0.44851557505466033,-0.4627695792995216,-0.4842237899393912,-0.502244021562605,-0.5066645276281585,-0.496254800023084,-0.4788001530037135,-0.4619533999174713,-0.4483448680676737,-0.44299522927273677,-0.45313546169345276,-0.47646560967414664,-0.5005951347626347,-0.5157565094460203,-0.519227124849899,-0.509423626528792,-0.48954019793075565,-0.4710200991366556,-0.45915166273571545,-0.4486591469997548,-0.44436820215882605,-0.460101118138474,-0.48781559023979115,-0.5014201428261554,-0.4920479338920878,-0.4747990672690161,-0.46811302054101783,-0.47672146821791717,-0.49052651174758033,-0.4974949871053618,-0.4930665568771426,-0.4824648134569396,-0.47781822997690326,-0.4874622045399833,-0.5080768025938902,-0.5268600768289868,-0.5326439375405245,-0.5242479235577509,-0.5070745555385267,-0.4885159396574023,-0.476007337967928,-0.47211119282609504,-0.4719956056146484,-0.47056894904187874,-0.4710059459049969,-0.4762437045205208,-0.47986443579055515,-0.47369005740574777,-0.4544999563584348,-0.43069659260757137,-0.4216703344008653,-0.4332740912261227,-0.44660162553617627,-0.44543143735330404,-0.4378309365786601,-0.4423043311276597,-0.4628188341618538,-0.4839980744454593,-0.48884871330345947,-0.47936762627945584,-0.4784430264816788,-0.5022102586334996,-0.5363469741446489,-0.5545439992477879,-0.5488467469679004,-0.5327146370313895,-0.5236447283096775,-0.5257299491848717,-0.526863748072429,-0.515206140288563,-0.49298953938418955,-0.46951056175895545,-0.4512543467232677,-0.4415658802681049,-0.4407982552183956,-0.4488855759254776,-0.469388457073952,-0.499334116129053,-0.5236251801806783,-0.5358079649914937,-0.5462160859579241,-0.5609898059166978,-0.571305009524748,-0.5653655528871655,-0.5458340505135922,-0.530007407559625,-0.528069275531529,-0.5336205057257781,-0.5415078224434144,-0.556262383626822,-0.5754865227803325,-0.5859501489802048,-0.5815411430400306,-0.569796409037431,-0.5617154513942598,-0.5643156280404161,-0.5792868729142875,-0.5975757209916146,-0.6036940482783422,-0.5967361564720484,-0.5909841239222258,-0.5935714442040891,-0.5975105128612569,-0.5944864912596906,-0.5855654230456161,-0.5778726738008497,-0.5768128511238299,-0.5841942134816271,-0.5965680114808127,-0.6072243871251266,-0.6132690431479721,-0.6170416926249493,-0.6227368049645143,-0.6327587807338593,-0.64462328357038,-0.6535651908225752,-0.6584274364821261,-0.6598827204385589,-0.6563936902454923,-0.6484909187857335,-0.6441772280034199,-0.6534265196194659,-0.6746351413167508,-0.6927733752856925,-0.6953319985069544,-0.6843192495095916,-0.6699595085503269,-0.6581465137816981,-0.647096863314051,-0.6350424479266379,-0.6269739967484965,-0.627704476252854,-0.6306453520794528,-0.6281935139171275,-0.6271435497451597,-0.6347009599943065,-0.6424186668756529,-0.6400068171726649,-0.6306682694485646,-0.6232963537514558,-0.6206082904918725,-0.6200371635537139,-0.6173449074707855,-0.5973072850439596,-0.5425400992843495,-0.4777754951292343,-0.46325388444607374,-0.5144498160501729,-0.5805750469975705,-0.6142993216203408,-0.6112416517316482,-0.590528459547994,-0.5786637693870709,-0.5946257751229673,-0.629096354659124,-0.6577843099964062,-0.6717650240368184,-0.6752934420432402,-0.6716438924202942,-0.6660982097985658,-0.6670963544893533,-0.6788840777540854,-0.6994808424746888,-0.7232939735266422,-0.743196182345776,-0.7526790819809563,-0.7489830310816772,-0.7352259190649957,-0.7175746466625681,-0.7027692828686865,-0.6959624061683781,-0.6925470137416114,-0.6791075603698162,-0.6517518690059199,-0.6246076392456197,-0.6119758628302091,-0.6091014509730279,-0.6016140688580874,-0.5894377090465471,-0.5851799337175078,-0.590012493752579,-0.5880812802261017,-0.5678027473419415,-0.5390204760812578,-0.5253780627997963,-0.5360574188685463,-0.5524442338224202,-0.553444375361389,-0.5391230116450472,-0.5221264058822725,-0.5125319986265557,-0.5136751890600247,-0.5227812364758191,-0.5314951507385217,-0.5327961086647995,-0.5300097528564016,-0.5260789066725401,-0.513369024333676,-0.49172194250927237,-0.47689783281037657,-0.47548145615784243,-0.4692689907692785,-0.4422824049136189,-0.4102097322962004,-0.395354530175519,-0.389846508225824,-0.37289942486537203,-0.3479814275613218,-0.33876843754737845,-0.3533590361148892,-0.37246347758169396,-0.3785281668697379,-0.37803697732446784,-0.3812246872180237,-0.3841334228674349,-0.3844632036566428,-0.3869878907610015,-0.38986228859994687,-0.3885622878306898,-0.38693794695675765,-0.39127767416900294,-0.40172898980736405,-0.4143330661953476,-0.4238115537939557,-0.42687151664187917,-0.42395230477402945,-0.415583914871077,-0.40081384162419564,-0.3782262572737769,-0.35102130981017277,-0.3291615695281773,-0.3220696939236937,-0.3295900160759506,-0.33955422436991156,-0.34119400844547165,-0.33748029095747056,-0.33395063455338325,-0.33503481856596906,-0.351889837781333,-0.38601880667706645,-0.4161915868402798,-0.42075353593535714,-0.39890988934837923,-0.36879217626840805,-0.3517778126850519,-0.3554355590599119,-0.37409740964978627,-0.39771556341466957,-0.41324745432102983,-0.4097515265858089,-0.3842973017621031,-0.34177875217186937,-0.2996588999227041,-0.28471874331054503,-0.3057266432938297,-0.33567276713123795,-0.3439900883283308,-0.33617083864897546,-0.33384347477617815,-0.3378507587488805,-0.3392996308765882,-0.3392248100099299,-0.34023298045510997,-0.34183450118506153,-0.34475328049260257,-0.3487262220131203,-0.3503076703972298,-0.3436934595771419,-0.32585240205661226,-0.30235853107428834,-0.2859849326930416,-0.28736028165347793,-0.3027566029727914,-0.3159169950299321,-0.3178479943171425,-0.31103253290716215,-0.29722495171103236,-0.284409347165178,-0.2930722286396178,-0.3294881646247857,-0.3721396386273542,-0.40038742315011716,-0.40963793887577993,-0.39871639486937316,-0.37232346350860585,-0.3481516269346869,-0.33880218824198294,-0.3364078538762092,-0.329274444822367,-0.3189448094132791,-0.30859000294627276,-0.29517035078208975,-0.2789534034027314,-0.2646022250346698,-0.2549828244555272,-0.25257580358353765,-0.25827364373811434,-0.26483444829907776,-0.2627624163394867,-0.2504837934616208,-0.23440370117799283,-0.2244378678151373,-0.22717980467543114,-0.2389107143590323,-0.2468864259555793,-0.24337584077057572,-0.23364219250045387,-0.22620904258391816,-0.22378131933151996
203,-0.3703615872553697,-0.38599409374002414,-0.41061195220063906,-0.4293026218267774,-0.4334112197002996,-0.43111995118106156,-0.4368725929370423,-0.4480750902097288,-0.4460585707106225,-0.4274821953088671,-0.41002270896302806,-0.4058911492411792,-0.41462922103847044,-0.432628156773444,-0.4533381777667447,-0.46779839388568023,-0.4697355478252023,-0.4595409524933854,-0.44255500284403526,-0.4253746942721643,-0.41723965127982493,-0.42617971781640507,-0.44869474963094685,-0.4703939202250104,-0.48094511556043934,-0.48094531942515756,-0.47282677498187514,-0.45924470453946004,-0.4464952433998866,-0.4361113893490392,-0.42308402769380715,-0.411880737103696,-0.41743303358343875,-0.4394724030915602,-0.45731554369874117,-0.4553126954962231,-0.4398741552101139,-0.43286633183198153,-0.44624672635075857,-0.46648757539083,-0.4742865764823714,-0.46718512851808447,-0.45714420771889197,-0.45517791998665863,-0.46329374307918525,-0.47737663363743654,-0.48991962483177276,-0.49424658208896277,-0.4877392735750029,-0.47180427094424443,-0.45541189119474984,-0.450260162226498,-0.454945288585623,-0.45575001337432597,-0.4455819986196503,-0.4313554775700993,-0.4217680292099739,-0.4187983856425053,-0.4165648340115774,-0.403142518936363,-0.379850900644452,-0.3700659800144306,-0.38704770009052597,-0.4115532929766768,-0.4214683356497642,-0.42260660389927374,-0.432606513928763,-0.45168268052725113,-0.46611066851889227,-0.4670402197900503,-0.4583266990007262,-0.4572356087632681,-0.47640956183309263,-0.5046939030522922,-0.5236988289801545,-0.5288568468819931,-0.525843558746549,-0.5208008759636343,-0.5144250642234581,-0.5005446488568339,-0.4747594685752178,-0.44287849795393275,-0.4163644953467597,-0.4025173755459711,-0.40136183580391627,-0.4104805485534308,-0.4295442926681049,-0.45791672213258594,-0.48570555290477857,-0.49769295367378674,-0.4950245529280697,-0.4960985070348213,-0.5104769763202441,-0.5262881868705527,-0.5251563667808737,-0.5063887774996685,-0.4900460840479823,-0.4895410058191062,-0.4963177977826788,-0.50074347512918,-0.5069848872994719,-0.5176247771017161,-0.5243699225011913,-0.5216792804798377,-0.5137703061870723,-0.5077212590099627,-0.5103549710044745,-0.5257800720423612,-0.5455979452712635,-0.5531394619922648,-0.5461567813441162,-0.5389378762162088,-0.5407960813957428,-0.5454470479912338,-0.5411224080812448,-0.5267412545224607,-0.512862087782257,-0.5106542425490149,-0.5237945168813408,-0.5432390064264364,-0.5542092127438333,-0.5529900493202109,-0.5497121174888652,-0.5551294374274489,-0.5689599451521412,-0.5806342294939603,-0.5828877112941807,-0.5818832927488706,-0.5852050643084499,-0.5879023914882793,-0.5829186099482683,-0.5767849361419193,-0.5817981023425668,-0.596501177793864,-0.6058844308355851,-0.5996414191820694,-0.5820964402859289,-0.564885112167819,-0.5532914891997588,-0.5424493808217942,-0.5299150564235071,-0.5235485678391115,-0.5273826592340608,-0.5282278856384293,-0.5154010699708136,-0.5033176388573807,-0.507669938547803,-0.5176658006472813,-0.5168034466592327,-0.5073508284134006,-0.4973070980484178,-0.4848212557500436,-0.46763050822801244,-0.4519135912013983,-0.4290673899263525,-0.3741796911950054,-0.3078339920635901,-0.298805859640044,-0.3634400104386528,-0.43819824084932835,-0.46996405381322687,-0.46106265148966963,-0.43710482760249086,-0.4287508830776404,-0.4570246901198004,-0.5075411489032351,-0.5494428197447613,-0.5727480174591476,-0.5829901473841507,-0.5844731930927243,-0.5833513459022512,-0.5872368324986521,-0.5997767056408057,-0.6239126002132153,-0.6587813368010573,-0.6909661980457198,-0.7050381968093204,-0.6996612515669138,-0.6826465106696631,-0.6594095073932315,-0.6369605094088868,-0.6256496533825409,-0.6240843521715378,-0.6170636687631066,-0.597756759714748,-0.5778396591930166,-0.5695211681303312,-0.567684294315216,-0.559269867799836,-0.5447432436562278,-0.5361811562878102,-0.5365700073213762,-0.5352996082322007,-0.5238777936759198,-0.5067048844368297,-0.49811897814197204,-0.5059867109247801,-0.5185922909200722,-0.5201810592143966,-0.5103121902281221,-0.4976484076439561,-0.4895107094733736,-0.49048925978968494,-0.49882780986401143,-0.5041516543783053,-0.4989542972391202,-0.4899715220986301,-0.4834336590510693,-0.47040696485022415,-0.44715634953230265,-0.4315537813610556,-0.4374827828157747,-0.4469951912203868,-0.43454909214023096,-0.406624991092725,-0.38372122531836206,-0.36480370358689074,-0.3388942117046644,-0.3143395717729198,-0.3136396652540004,-0.3400092980768473,-0.36832740285199894,-0.3774616638807933,-0.3737602327776728,-0.36953258290891994,-0.362891025184556,-0.35467422127152826,-0.3541792130515709,-0.36001502907070554,-0.36352536623345577,-0.36495774363741923,-0.368395901484101,-0.3730071597709007,-0.377465670016359,-0.38221401511457287,-0.38800880120853154,-0.3935724213008355,-0.3932195752956935,-0.38132324336769674,-0.35912155927524314,-0.33550763976384723,-0.3178672902481675,-0.3075640392034222,-0.30371699612662467,-0.3016070156788834,-0.2961201557351118,-0.28825875864277534,-0.2793236083468604,-0.2755930995372039,-0.2964032757692408,-0.34898543039493,-0.40423812444450385,-0.42408176683244403,-0.4025603298137536,-0.3676592751318723,-0.3486166795806143,-0.3507273103782969,-0.365186632625049,-0.383358037700188,-0.39436223314719365,-0.38845074919602496,-0.36275422514021144,-0.32143280637281285,-0.2807566930513967,-0.26463803786772816,-0.28177021216453035,-0.31118718736086415,-0.32473625720642096,-0.3223436754157528,-0.3230794437167401,-0.32840130298177483,-0.3247319785777023,-0.31055258627236393,-0.2968413786237531,-0.2934414529128948,-0.30164468198525635,-0.3144186854267107,-0.32388886659655436,-0.3243629269714078,-0.3133351621437709,-0.29552145786912487,-0.28041270565543763,-0.27497362589655366,-0.27956982973835964,-0.2879844176214445,-0.29371760821194703,-0.29197788160768656,-0.2790034324386178,-0.2643161321775184,-0.2729964314185728,-0.3159585355475252,-0.3697795926944926,-0.4040877640812235,-0.4100341805671893,-0.3934007874216314,-0.36621878065328906,-0.3456721188035979,-0.34040400550026306,-0.33992892045151574,-0.32966849651526386,-0.31223618761652133,-0.2993367225120284,-0.29323274156484147,-0.2885531238668324,-0.2811950037274097,-0.27074534917295545,-0.2605584641913652,-0.25545404883269573,-0.25590807820428163,-0.25950617932298314,-0.26446813732745006,-0.26796444724201307,-0.2695407135259401,-0.27222232359250853,-0.27529214852073747,-0.2727942182876221,-0.26326075304823066,-0.2527029910529893,-0.2461477395600032,-0.2440813067355243
208,-0.34341596701316085,-0.3468206952051345,-0.35730465994837923,-0.37075428583348247,-0.37941324014861383,-0.38240565158136564,-0.38708330245495937,-0.3926853401589535,-0.38489629874683695,-0.3625555070872285,-0.3439699560395745,-0.33982967648922524,-0.34824758813317636,-0.36628282490337905,-0.38938606459323843,-0.41169022495914964,-0.4259412530964517,-0.4237007322838692,-0.40389276413115505,-0.37882135414255397,-0.36614200343292586,-0.3739770043947245,-0.39578242315155987,-0.4168425104610428,-0.4261014324555707,-0.4230214991708396,-0.4130997051777733,-0.4032005806660387,-0.3973709140467513,-0.39109053754800027,-0.37669962957247405,-0.35837280294322027,-0.3528246949729036,-0.3677949755978784,-0.389557241260184,-0.3970259924556767,-0.38662221504199196,-0.3797799288743656,-0.3947998788899409,-0.4203291204801525,-0.43391508349865693,-0.43160397479175505,-0.4251841136612562,-0.4214686903938871,-0.4192277756710766,-0.4183077718508107,-0.4196162315080665,-0.4226280896164606,-0.42284880411916703,-0.41679681314430356,-0.4139904883069374,-0.4257882516408304,-0.4417085877817161,-0.4405647193479516,-0.41848609064335196,-0.3866322727520858,-0.3564199113407463,-0.3388546319898486,-0.33546654609347126,-0.3308346783200009,-0.31853654739275306,-0.316741659898959,-0.337807945562712,-0.36579850875491243,-0.38188403095317747,-0.3908616635768457,-0.4049398819718387,-0.42074745714499273,-0.42985254797075806,-0.4311449812139088,-0.42584075203618743,-0.4214315060398688,-0.4280737666186514,-0.44303853407558685,-0.45744482370812556,-0.46874759879394384,-0.47711491719115373,-0.48004941030721726,-0.4729507498449355,-0.4519543957836968,-0.41976619334348636,-0.3887058010241178,-0.3712029999627091,-0.3670353388691312,-0.36893163482500246,-0.3780889980695705,-0.40005487312953253,-0.4301004916129151,-0.4513082420579001,-0.4495329557397282,-0.43207493564492094,-0.42292663814373177,-0.4354491364604254,-0.4569184625732719,-0.4639855763291265,-0.4518866473146534,-0.44007101063987764,-0.4429144734073937,-0.4511857570806568,-0.45232564929777896,-0.44847335545708655,-0.4446635171378762,-0.43987072403739935,-0.436583669062115,-0.4389629352504848,-0.4439841031851662,-0.4496405250122567,-0.4600232520782048,-0.47346507027064744,-0.48003548684579833,-0.4760986873364021,-0.46958637331844477,-0.46897207693064563,-0.47127104516438323,-0.4646335093606955,-0.4471465490379253,-0.4331797833032718,-0.43778419192321194,-0.46104974837422374,-0.4847032397526958,-0.4881818150528963,-0.47110045047860616,-0.4538018570894696,-0.4559751579451905,-0.4753853148482191,-0.48936648398499116,-0.4841550278419829,-0.47457810089373753,-0.47808646072423605,-0.48684932389516883,-0.48661583834760824,-0.48212318481805716,-0.48355239443198006,-0.485595790674894,-0.47768659530281915,-0.4599878174639957,-0.44018770239061267,-0.42634954706717926,-0.4207754146543301,-0.4173506158785076,-0.4125964295559283,-0.41074306232351027,-0.40990323650256655,-0.39619575963349474,-0.3658152235195079,-0.34094176286011263,-0.34037032740614526,-0.35098047340697547,-0.3527628493884655,-0.34672094345920806,-0.33774034461372016,-0.3176148226724277,-0.28398439771661815,-0.2541167581276862,-0.22845679030175106,,,,,-0.2537370247763634,-0.2722377142458573,-0.25675872449120807,-0.239177419914124,-0.24569673609194054,-0.2918080563748363,-0.3588161210422572,-0.4130691481108484,-0.44408829449854464,-0.46005239947562165,-0.4697853528335727,-0.47934888376757223,-0.49049557604761085,-0.5036354637500118,-0.5269605241355155,-0.5654781031771989,-0.6018894285524445,-0.6146046465959978,-0.6056630366269407,-0.5894928339852543,-0.5706750355487247,-0.5510411984871105,-0.5384420923744724,-0.5332307405759058,-0.5251652636880267,-0.5110898083228962,-0.49994098700352846,-0.4977257105883771,-0.49860753847769224,-0.4940730750921807,-0.48338789079498745,-0.47162389097994484,-0.4638046212109489,-0.46203333082236786,-0.46324858023283555,-0.4601898980467447,-0.45288626584909086,-0.4522722080359186,-0.4619430319326506,-0.47208165096994303,-0.4746263719555347,-0.4682047329005615,-0.4556708423933433,-0.4450404360498912,-0.4410888774425966,-0.437382095882197,-0.42745428796694507,-0.41720236190560356,-0.4110430556545075,-0.39817247329299943,-0.37459399386062103,-0.361628185133658,-0.37775905699049755,-0.4036052962445281,-0.40613765092346155,-0.3853075927085814,-0.36181781050249373,-0.3422350062008598,-0.32186638193559064,-0.30509632581166496,-0.30605112529172007,-0.328295292544559,-0.3546050738976185,-0.3651482452753104,-0.3592031213663265,-0.34589474254222075,-0.32663849875179235,-0.3074967500379028,-0.3038983358064907,-0.31671102163665743,-0.331550758744162,-0.3395461436234438,-0.33874899215181853,-0.329164064250665,-0.3172292102865664,-0.3124121495015679,-0.31987043091902556,-0.33525580763320434,-0.344277302295147,-0.3372100140594899,-0.32180470799071004,-0.31293201539534277,-0.31115886219097577,-0.30441145300083194,-0.2856043438524686,-0.2587965632896102,-0.23587133377846192,-0.2241984391746827,-0.21738435099220224,-0.213900086130383,-0.23292502259018635,-0.2877056202551339,-0.3527286816428977,-0.3835365616323456,-0.3667616586940383,-0.33344345651522334,-0.3180237197286021,-0.3225478549070538,-0.3347172342236505,-0.3496804357306156,-0.36022645341815385,-0.3569540350621088,-0.3377657199815829,-0.3061490729649756,-0.2730147590023518,-0.2552332343592135,-0.2612379500825468,-0.28131175878039927,-0.29610644580792667,-0.2981537848855429,-0.29779633038848313,-0.29823348624887386,-0.2865842449939776,-0.2607893095583548,-0.23961581038031915,-0.23917057777373346,-0.254638631769623,-0.27154643545146956,-0.28369470610562547,-0.28938575517066034,-0.2867671315886474,-0.2800292344139132,-0.2733876761341236,-0.26460614947571304,-0.2565943813554221,-0.2586374170504876,-0.2703318650856963,-0.2751735696141432,-0.2579583434005144,-0.23029226980741513,-0.22717042226467193,-0.26845340440572263,-0.3309319099089325,-0.374510373802179,-0.3828254479872666,-0.3644227556423162,-0.33691411755588085,-0.3185533201470555,-0.3171895095899073,-0.32088844292911123,-0.3107488400486708,-0.2882494209300719,-0.2715628112779886,-0.2679153357743504,-0.2698358412292821,-0.2692686047381191,-0.26203287434715694,-0.24777151178558057,-0.23415217090756285,-0.23071103399912085,-0.2390277752581877,-0.2530559058254178,-0.2632991852554345,-0.26458708517976826,-0.2605719890566013,-0.2575660244559413,-0.2572579829150646,-0.2591669811175149,-0.26379187778141056,-0.2702563561412844,-0.27561702316922254
213,-0.2911724537296471,-0.2882432761901016,-0.2911655847692438,-0.3003418884100647,-0.30815246496396,-0.31005769722554793,-0.31003339273498787,-0.30920223436022887,-0.2988858397961593,-0.2801978281817724,-0.2685926465926791,-0.27154399140043134,-0.2857878935749283,-0.30673149745223005,-0.32920952004845044,-0.35133256042165806,-0.3681819537232289,-0.3650930153318911,-0.33640049150151324,-0.3017827321051024,-0.2868831719031446,-0.29686785650353575,-0.32004552942740283,-0.34225458912608364,-0.3521446426706979,-0.3461617467689685,-0.33210757546479275,-0.3232028376708984,-0.3237125931385762,-0.3228126293890008,-0.309215119420942,-0.28758307410741024,-0.27426914836300476,-0.280167913465611,-0.29956116321348925,-0.31286344980371444,-0.30913810847447515,-0.3040574572327994,-0.31885482317304437,-0.3484744390958043,-0.3696345006294753,-0.37282147008865635,-0.3671083461942975,-0.358544647148251,-0.34634816360187903,-0.3328985249786113,-0.32412180073066055,-0.325716767803288,-0.33492510808221976,-0.34492250003868447,-0.3605944173356983,-0.38710861935065516,-0.4086025660281828,-0.40526128546839724,-0.3788545070691435,-0.34094130881262846,-0.30028325571661185,-0.2715325787034822,-0.26326193588264496,-0.2635246299142945,-0.2630358109708414,-0.2698588444429714,-0.288173336159016,-0.30635328595727296,-0.31591809494537354,-0.32462305521457113,-0.34019351115291907,-0.3571711975327886,-0.3696163702882995,-0.37696932296782176,-0.3747525630862253,-0.3626125418232707,-0.3521044884236356,-0.352225171274087,-0.3610374320274711,-0.37319957238290835,-0.3857149038481351,-0.39474187216900136,-0.3941248059463538,-0.38001277969399083,-0.3559847877158945,-0.3355239588539064,-0.3308913906445315,-0.33521940038537895,-0.33516982175483906,-0.33600399205157516,-0.3493768529478607,-0.37047798882015637,-0.3811234302896098,-0.36935751928177496,-0.3441771976391097,-0.3294444713030939,-0.3398629319398039,-0.3637680254145327,-0.37699058170821165,-0.37334461914272715,-0.36943424809274544,-0.37635028408707594,-0.38414445190320606,-0.38142077929859397,-0.3706187732786287,-0.3564433439461674,-0.3419206645390107,-0.3386756084952557,-0.35374675081878815,-0.37306447241557883,-0.38060880283678233,-0.37872108937252047,-0.3779329709731054,-0.38129752189680266,-0.38419809385382264,-0.3835364762992248,-0.38248992651064906,-0.38106977455110724,-0.3712308548563322,-0.35370137638915394,-0.3456877982372039,-0.36111098130140895,-0.39197545050365995,-0.41272025820640995,-0.40407394759348725,-0.3718133834395524,-0.3415322564976462,-0.33740341566147924,-0.35815947733499187,-0.3746969110960716,-0.3663774097274879,-0.3500657573777889,-0.3492810651823072,-0.35718684983220006,-0.35806462675510997,-0.3551383029620484,-0.3521782558581241,-0.33856348759158095,-0.3128731827437725,-0.2896014002498457,-0.2756213857273181,-0.26869564037837274,-0.26890608784567815,-0.2753361719978722,-0.28374261605605855,-0.2869360191868319,-0.2745269477567436,-0.24055866404664056,,,,,,,,,,,,,,,,,,,,,,-0.2028805843359034,-0.26160397687069925,-0.2901142318244338,-0.30353442357064986,-0.3193118092790973,-0.3422654856665824,-0.36566356383427456,-0.3848855910006848,-0.40797018323820755,-0.44141967715246094,-0.470072361885344,-0.4750177455412954,-0.4622967039718564,-0.4509455835072097,-0.4460096969855185,-0.4416237047401532,-0.4343426734473757,-0.42266929303943607,-0.40716523086433515,-0.3934920856510784,-0.3883654780426914,-0.3921569559025067,-0.39871493629901356,-0.40230238550343866,-0.398667112725007,-0.3849510044700035,-0.36894643957976453,-0.3663507790961743,-0.37886543851399035,-0.38720185854415434,-0.37906095388540495,-0.3702535838944691,-0.3792179107405925,-0.4008100656583141,-0.41790645361300166,-0.41740530447757707,-0.3978445016641446,-0.37313193882052964,-0.3572421837288885,-0.34864628134601405,-0.3400575833351543,-0.3322059173927614,-0.3246461282854158,-0.3078468680102038,-0.2845947692232557,-0.28025405000072845,-0.3100859980140468,-0.34932387658263064,-0.36209829922031045,-0.34706873377207736,-0.32682945599741925,-0.3139660142980863,-0.30524278929244136,-0.2948941795257459,-0.2867384166928596,-0.2908192665362076,-0.30734739297969244,-0.32292437006693964,-0.3268210635901397,-0.3168233460510516,-0.2916845497829947,-0.26157873898117656,-0.24988644048821163,-0.2638734228336804,-0.2860132178131876,-0.296645382282907,-0.2871262229458416,-0.26067234798658767,-0.23234892422239495,-0.21951475866038692,-0.2312439476623767,-0.2601277973331691,-0.2833231662317967,-0.2869810225218203,-0.28225413488370965,-0.28578940025000793,-0.2949620530374276,-0.2923050066478574,-0.26443383149868216,-0.21776890651146613,,,,,,-0.20500443310711558,-0.2586706596341973,-0.28927641377237534,-0.2804911835582944,-0.2594292431044668,-0.25788515268756895,-0.2716959481047522,-0.28483825755091846,-0.2985220959636525,-0.31157950672161777,-0.31432608078451196,-0.3053435373173216,-0.28769026556015903,-0.2643194033670583,-0.24361647583843443,-0.23511757359859886,-0.24200687045119207,-0.2563738084987871,-0.26356028077602467,-0.25982540916896524,-0.24932637824760104,-0.2281953074843543,,,,,-0.20813626803236704,-0.21790363996807097,-0.22819926736698365,-0.23490226751137333,-0.2403332655595302,-0.24381283592831388,-0.23533586177896898,-0.2198214337150927,-0.2195359626348953,-0.23982300385480315,-0.2528829565862717,-0.23047068479246324,,,-0.20082237796850738,-0.26827288041307296,-0.32020098231050764,-0.3320576420869982,-0.312733090118035,-0.2854589688038478,-0.27116304876286335,-0.27545704661175996,-0.28158664328627214,-0.26757936729057064,-0.2378962776510366,-0.2168254661983412,-0.21314074798101687,-0.21703371695414556,-0.2191326938442496,-0.21375267353535377,,,,,-0.2085017262312852,-0.2118283913297356,-0.20481488890906707,,,,-0.21971322906566015,-0.2488879484580901,-0.2732388695573713,-0.28774337361861324
218,-0.22420465360196098,-0.21683566617648545,-0.21536713691806636,-0.22393692595973713,-0.23478264227613604,-0.23904101743655654,-0.23571402041734835,-0.2270852652878542,-0.21100672968120354,,,,-0.21716698624304864,-0.24184144280862735,-0.26158123507859843,-0.27770891576506107,-0.2892064802497324,-0.2811418292119989,-0.24796032055205577,-0.2129039019571261,-0.2014958111050821,-0.21350321552247514,-0.23516001223890853,-0.2552083704401964,-0.2631221937207385,-0.2541808123844614,-0.23801037303909417,-0.23003964962748885,-0.23395530319434338,-0.2375053151838058,-0.22891325033321575,-0.2111554530421005,,,,-0.20919231225972962,-0.2094565008001924,-0.2076290034220582,-0.2243725421809286,-0.258834654833217,-0.2850429060764884,-0.28674529956944317,-0.273722116984056,-0.25978458717972047,-0.24817590305414475,-0.23632548904019784,-0.22531195643798707,-0.22470112925308244,-0.23888460454619784,-0.26174144146951495,-0.2902582226202645,-0.32091950380682766,-0.3388294142514203,-0.3333264581102454,-0.31209737393296955,-0.28369960645330206,-0.24939592934734786,-0.21910431846420952,-0.20459238566285656,-0.20353357024198898,-0.20985476385778973,-0.22144057767103154,-0.23326289414569917,-0.23810842521902414,-0.23650111943245686,-0.23778270956809439,-0.24865635911764994,-0.2667459645183804,-0.28596797434166743,-0.2996360856258635,-0.29853812514558403,-0.2796387405662372,-0.256037790247774,-0.24523559285698537,-0.24986738739832592,-0.2600117983497388,-0.2693466610921743,-0.2771845198420442,-0.2827668141051618,-0.28392377944559666,-0.2776703661581126,-0.26946856223386356,-0.2718220343753547,-0.2801492750903871,-0.2788792639925407,-0.2712565085575013,-0.2716058774671982,-0.2807875305999028,-0.28383584115841676,-0.2686661765702355,-0.24218713333624287,-0.22530817888595586,-0.23259004284277407,-0.25484957904718586,-0.27046774364148995,-0.2739530604655651,-0.2770745245180143,-0.28412651587715776,-0.28523392724419955,-0.27557901233458576,-0.26219139930905383,-0.2482699232688097,-0.23482018242816485,-0.2357541975191672,-0.26018794888604113,-0.28721539797204837,-0.28921179551619003,-0.26898843885230794,-0.25159896434171636,-0.25265709070772047,-0.26674808346770207,-0.27968291567060843,-0.2846605328568716,-0.28036086058066895,-0.26480954314675903,-0.24558008992256708,-0.24231795191016875,-0.2648977182609371,-0.2979934048278114,-0.3139531916125069,-0.29822435714436624,-0.2596429842443242,-0.22161307943472008,-0.20800155443769758,-0.22309823789193195,-0.24136491347894026,-0.23716025347856823,-0.2196950191456108,-0.2111463022344282,-0.20954604254449388,-0.20408770651103456,,,,,,,,,,,,,,,,,,,,,,,,,0.2157125538769528,0.2619290003728195,0.2564634980418164,,,,,,,,,,,,,,,-0.22839721602741958,-0.25549447619831867,-0.2834293926401023,-0.30344396768090354,-0.30519270889401756,-0.29515480049662146,-0.2914141214413143,-0.30184353242717654,-0.31577463146620777,-0.3156178931899897,-0.2970366731880411,-0.2737534580963066,-0.2592354132745471,-0.25689952123450355,-0.26521420045186267,-0.2789063591339449,-0.2901218391071849,-0.28947416497638,-0.27181815368824175,-0.2503245494051524,-0.24855976397766966,-0.26879202779233624,-0.28463798307801247,-0.2783283407635063,-0.26838340800557303,-0.2797558173327025,-0.3097746700125738,-0.3367544483352337,-0.3392706447500596,-0.3131957393234496,-0.27935281591921307,-0.26012790587263107,-0.25639195004781185,-0.25671260715566235,-0.2533970211298311,-0.24096830138686437,-0.21594713406752467,,-0.20059777010584717,-0.24336031792497476,-0.287898480515731,-0.30049621074684185,-0.2847138426849196,-0.2660031117705919,-0.25901446339947914,-0.2584495471613491,-0.2500360654586641,-0.23134068683083092,-0.21857873349718082,-0.22601717355625767,-0.2480433143086322,-0.2681220547150757,-0.2713694089611134,-0.24890048242525709,-0.2114164660214901,,,-0.21789252761382497,-0.22519736987412442,-0.20470148979112526,,,,,,-0.22993505884384574,-0.24352514869564232,-0.24249865386904956,-0.2415433470044197,-0.2440796455327272,-0.24179299030881,-0.217908434753678,,,,,,,,,,,,,-0.20135817461052208,-0.21612344489201243,-0.2305581913760612,-0.24954792613183568,-0.2589091311311096,-0.25484312677014215,-0.24315502808670642,-0.22477220373277657,-0.20408020532478915,,,-0.20863155646575443,-0.22058008827640313,-0.2141573601837098,,,,,,,,,,,,,,,,,-0.20696235950667827,,,,,-0.20464508343608906,-0.2534936250866521,-0.2592832087378174,-0.23446259795277444,-0.20765373891703093,-0.20131053393481663,-0.2165333540969835,-0.2276652209330443,-0.20779799664034646,,,,,,,,,,,,,,,,,,-0.20325741180465823,-0.23799293107878694,-0.25615753279050946
223,,,,,,,,,,,,,,,,,,,,,,,,,,,,,,,,,,,,,,,,,,,,,,,,,,,,-0.22393844882151237,-0.23456676913744767,-0.2251736317573685,-0.2094108422416157,,,,,,,,,,,,,,,-0.20831996038666759,-0.20343168085050078,,,,,,,,,,,,,,,,,,,,,,,,,,,,,,,,,,,,,,,,,,,,,,,,,,,,,,,,,,,,,,,,,,,,,,,,,,,,0.2164280763521501,0.2296064025269618,0.23117654205866933,0.23017030564693686,0.2408393437658486,0.2683420489252802,0.2971420644985551,0.31396018571081136,0.33213202680752985,0.36989172758785893,0.40921488614313095,0.40750129275165636,0.3645607966133171,0.33485624165375016,0.3466578160027317,0.3642766888217235,0.34812370133829507,0.29347747293629645,0.21307568199259452,,,,,,,,,,,,,,,,,,,,,,,,,,,,,,,,,,-0.2046881856880302,-0.23130793097000768,-0.2323435431112899,-0.2046007387118341,,,,,,,,,,,-0.2020774339242829,-0.20518625893444653,,,,,,,,,,,,,,,,,,,,,,,,,,,,,,,,,,,,,,,,,,,,,,,,,,,,,,,,,,,,,,,,,,,,,,,,,,,,,,,,,,,,,,,,,,,,,,,,,,,,,,,,,,
228,,,,,,,,,,,,,,,,,,,,,,,,,,,,,,,,,,,,,,,,,,,,,,,,,,,,,,,,,,,,,,,,,,,,,,,,,,,,,,,,,,,,,,,,,,,,,,,,,,,,,,,,,,,,,,,,,,,,,,,,,,,,,,,,,,,,,,,,,,,,,,,,0.20709608563233736,0.2628090547904446,0.3151744172110581,0.3487548295987998,0.35997033296240744,0.35497971055492406,0.3519170368468749,0.3716491140433418,0.40925462759293385,0.4361423418011458,0.4427116406308307,0.451922819301951,0.481391618330667,0.5139733928699124,0.5168123104400384,0.48784546974252563,0.46363489312184736,0.4673152963971591,0.47746809371240717,0.4636905883525617,0.4199363799102011,0.3549687732990753,0.2868598700145445,0.24467072127586192,0.24046487347730322,0.24893618917664373,0.2399273669038401,0.21291006778549038,,,,,,,,,,,,,,,,,,,,,,,,,,,,,,,,,,,,,,,,,,,,,,,,,,,,,,,,,,,,,,,,,,,,,,,,,,,,,,,,,,,,,,,,,,,,,,,,,,,,,,,,,,,,,,,,,,,,,,,,,,,,,,,,,,,,,,,,,,,,,,,,,,,,,
233,,,,,,,,,,,,,,,,,,,,,,,,,,,,,,,,,,,,,,,,,,,,,,,,,,,,,,,,,,,,,,,,,,,,,,,,,,,,,,,,,,,,,,,,,,,,,,,,,,,,,,,,,,,,,,,,,,,,,,,,,,,,,,,,,,0.21529343264671502,0.2420039130152422,0.25521997317841305,0.25686477456115175,0.2597063065325674,0.2639427862245988,0.2619014606005397,0.2602061288193885,0.26959812301852165,0.2835434746405918,0.28635959214194845,0.27729422173814083,0.27187839347956266,0.2819798266449888,0.3103429603199596,0.35328407373474546,0.39724096070461967,0.42704731084541964,0.43536835183060185,0.4265609382470785,0.4237281641114814,0.44967868029428215,0.49189851000547796,0.5169738190688753,0.5201973621876603,0.5280039541944582,0.5542506522247945,0.5818004268086044,0.586909423364554,0.569023877732225,0.5498979530610907,0.544877586273991,0.5446485814782543,0.5302086798873766,0.4961430866925489,0.4489658792178003,0.39957036755211495,0.3652147413386485,0.35624445416325423,0.3597366426264618,0.35547306471520934,0.34043726627880044,0.322266404215113,0.3017457298097979,0.27606446064639784,0.2470560041683324,0.21655013659822003,,,,,,,,,,,,,,,,,,,,,,,,,,,,,,,,,,,,,,,,,,,,,,,,,,,,,,,,,,,,,,,,,,,,,,,,,,,,,,,,,,,,,,,,,,,,,,,,,,,,,,,,,,,,,,,,,,,,,,,,,,,,,,,,,,,,,,,,,,,,,,,,
238,,,,,,,,,,,,,,,,,,,,,,,,,,,,0.2039465940532036,0.2014622348645151,,,,,,,,,,,,,,,,,,,,,,,,,,,,,,,,,,,,,,,,,,,,,,,,,,,,,,,,,,,,,,,,0.20083809989344997,0.21480932671875902,0.2147576331659367,0.21100137747923767,0.20994248880026142,0.2101921098683449,0.20927647129024723,0.20552528974572482,,,,,,,,,,,,,0.2170756874270925,0.2393051014420205,0.25689375643556633,0.2605805283146124,0.2577565952443016,0.26176614636187323,0.2702185300222604,0.27261973002875584,0.27208273273104333,0.2799048919856697,0.2923557977315223,0.2918134424771362,0.27561878235179305,0.2620270006599071,0.263881447754854,0.2794119544069067,0.3023470137841664,0.32723767763604794,0.3474244905370353,0.35315716424402077,0.34461329203254243,0.33624563690621634,0.33563735562228375,0.3388218249133692,0.34663189382149007,0.36133552622357523,0.3740157778677033,0.3743200266061112,0.3666336383875872,0.3636543744752999,0.3700367902669942,0.3849449418847626,0.40916722827409513,0.43940661458855057,0.4661994325489133,0.47820241043161826,0.47413387973626375,0.474238312995204,0.49810744559763265,0.532794015808179,0.5510652212866548,0.5534904537494463,0.5638679480614563,0.5908274997988181,0.6175736880738342,0.6263110600597681,0.617661258077378,0.6038440055420355,0.5934016315008662,0.5837315761419484,0.5650696894688685,0.5353849229383664,0.5023687257053944,0.47093988816616705,0.44396482651363156,0.4276713043356828,0.4229404019902647,0.42129091503891936,0.41622924967875274,0.40743807937479937,0.39362387321928427,0.3739249765403133,0.35093079346028244,0.3250088470404443,0.2961372954480319,0.26553348994359643,0.2318122411363222,0.20424706404272042,0.2021472975622785,0.22347792620992848,0.2446246881283537,0.25360138981077907,0.25565987198559315,0.25121967657954325,0.23563499827508544,0.21511597541505414,0.20234439464291976,0.20448703662169915,0.21497102981190003,0.21287963637935636,,,,,,,,,,,,,,,,,,,,,,,0.20214378905722297,,,,,,,,,,,,,,,,,,0.2007845618304131,0.20726849252008656,,,,,,,,,,,,,,,,,,,,,,,,,,,,,,,,,,,,,,,,,,,,0.20423209690054944,,,,,,,,,,,,,,,,,,,,,,,,,,,,,,,,,,,,,,,,,,
243,,,,0.22405673810972962,0.23692437654131265,0.2378428192559969,0.22963971428437735,0.214338653077901,0.20210506468644107,0.2016020542893409,0.20431766346673239,0.2030088337363109,0.20534013875772847,0.21890821737092597,0.24552812970221954,0.281731202473933,0.3090630553159455,0.30297101835286344,0.2596288658119996,0.20283275790462568,,,,0.206576954761775,0.23023825835534373,0.24429618740034648,0.25546120280071705,0.2649803203426382,0.26204349007937117,0.23587463337527945,,,0.2085669508927966,0.24767516825282343,0.2725216045035804,0.26855291227892963,0.23888164438435674,,,,,,,,,,,0.20155387787623114,0.2399523963443852,0.2733503350511828,0.2809436160899988,0.26116208748606495,0.24088960570482165,0.2339158428453406,0.22440782000112963,0.2009033256199613,,,,,,0.2121719464426208,0.21982537198949664,0.2187630219990157,0.2128793258629609,,,,,,,,,,0.21330730383832255,0.23068144640302068,0.2163885861829017,,,,,,,,,0.21467979914685478,0.2241767947805802,0.21298677915540162,,,0.20437455756043235,0.22370222225627762,0.2520029218409917,0.2792255508094008,0.29564459292843326,0.30215158629476857,0.3037364409206612,0.30350103349843194,0.30163283958314696,0.29480120009875904,0.28216353945581246,0.26819576086920677,0.2573914593536315,0.2526567129647182,0.25180666812804303,0.24846565242148888,0.24281247640751052,0.23884475583841192,0.23834072195076933,0.24620673411267752,0.2671758572289976,0.2959414946792448,0.32245447753649026,0.3404041439287786,0.3431380039330345,0.32951327552705956,0.314868073984524,0.3154056427401533,0.3284133793642434,0.34339249533915955,0.35906721338592423,0.3758897095268796,0.38420748472389565,0.3744792584790141,0.35523757530376066,0.34424889439681355,0.3478315379168203,0.3627331013670828,0.3832850416553365,0.40358571562125245,0.4190232194786798,0.42268860369260264,0.41340236378051065,0.40372708246871014,0.40338314207880754,0.4089066213268905,0.41622320894249465,0.42319557492303417,0.42378430494416286,0.4175820889879591,0.4154185266210739,0.4236180748698366,0.43420782485271076,0.43991007080187383,0.4465702265117353,0.463095900881833,0.4871582544048769,0.5048474781605756,0.5090536884956387,0.512710386344514,0.5295927151322333,0.5511398484570533,0.5604194961940903,0.5603563255784361,0.5692653310236133,0.5939115062313192,0.6216600600768905,0.6373509453116653,0.637984558051483,0.6295187902476879,0.6182386375925485,0.6053712531537223,0.5867121165818117,0.5629664879345345,0.5415011627247102,0.522116850686949,0.4991929923802312,0.4773581997835429,0.46556497241858835,0.46183844863904383,0.4579533471491929,0.449637744870227,0.43652939341900926,0.4216080485583388,0.40757727550213574,0.3912588486532559,0.36969869592431476,0.3438974627437533,0.3157513631638574,0.29679625028681555,0.3016757209936949,0.3228071786744896,0.3396447951723893,0.3474915758896966,0.35232856145614355,0.3485718314746914,0.32824141628424475,0.3020745840472417,0.2879912584828691,0.29116819258743254,0.30130531337410316,0.297425252482118,0.2688038607897141,0.23182099792391792,0.20911729765867806,0.20183929962572872,,,,,,,,,,,,,0.21548433090922237,0.23154219186931435,0.23951299539619716,0.24684030309767613,0.2634603059378701,0.27978657717929384,0.2700911691289651,0.22134606573213886,,,,,,,,,0.20353200521343184,0.23764198005688697,0.2500166418978629,0.24073011152688678,0.2174936048912185,,0.20230748320891784,0.22549738248704382,0.24824031562157398,0.2537512017930945,0.2396036436433293,0.21678807857544363,,,,,,,,,,,,,,,,,,,0.20430184093166442,0.21067778004355237,0.20692148900841562,,,,,,,,,,,,,,,,,,,0.21448197092949295,0.2544036304212039,0.27474511405424806,0.2586324831930221,0.2148253262740582,,,,0.2066598980798227,0.22025428505958927,0.21964300780135154,0.21375260698353482,0.2039068565537217,,,,,,,,,,,,,,,,,,,,,,,0.21165691827223732,0.24197164947542724,0.23966634542562013,0.21129106749533516,,,,,,
248,0.21928067322433137,0.23829642840629445,0.26446140693228615,0.2888825884792557,0.30781959873100173,0.31729517665148527,0.3134226431891381,0.29554091398930893,0.2725219953834631,0.2569699281762723,0.25151246544288747,0.2550346896408391,0.2681580895501028,0.288499526396352,0.31698829257331407,0.35489442195658993,0.3860150668316359,0.38455580298336856,0.3442768848346852,0.28757772266899156,0.24476125717848174,0.230847786725282,0.24349231619574596,0.26808756095607933,0.28737497702057846,0.29724454801246347,0.3027454141749781,0.3030910852252897,0.2934492106848657,0.27497510796515995,0.2605415158719456,0.2672121767480342,0.2950895128115364,0.3239451496069173,0.33535139970628186,0.3247680795585029,0.2953847631527993,0.257359597828743,0.2259228191482288,0.2067911956930632,,,,,,0.22777850164973512,0.26376923135190994,0.28749052235987593,0.3055681627132137,0.3225168684549452,0.3259661412301157,0.31046841674370784,0.2932162791375471,0.28733414647889155,0.28440821462148985,0.2732290833954557,0.25407433252149697,0.23723081344123598,0.23343709423455294,0.24219000894979553,0.25871488744105786,0.27989730463573537,0.2954366695433113,0.2977581738610309,0.29502453975490384,0.2933793075077026,0.2850606053471405,0.2677171185554127,0.25438081347665814,0.25151352584524045,0.24755498931395445,0.2390398808914049,0.2405988112335692,0.25828445585110277,0.28084764216736385,0.2915853562463307,0.27419447846364153,0.22840199960722884,,,,0.2196605659199952,0.23279718151952722,0.2342428748203596,0.24180822100445692,0.25261858062221126,0.25450323115936807,0.24737360153703428,0.2408553689056009,0.23931604486430946,0.24104092905355662,0.2510086221803469,0.27703977573191085,0.31252531893268104,0.3409059727376945,0.3546410219899808,0.35922836822645565,0.3620047865409747,0.3618771158447095,0.3526022938906824,0.33535080844995524,0.31846027922977166,0.3065603733552971,0.30166077746787834,0.3038347391061288,0.3059522549637952,0.30269272478426,0.29873818411738523,0.3004039772257989,0.3115384550887239,0.33551386242582315,0.3678078322941126,0.3957775592990552,0.4093601096990155,0.40248668901299195,0.377929108584248,0.3539058638239294,0.34767120799730855,0.35950161310232687,0.38253837222315307,0.4114436289375298,0.4360168500718409,0.44285945026476237,0.4287173672702804,0.4059083908888865,0.39018509876723384,0.38926179592573984,0.4036014415095005,0.42599223280407617,0.4458077969215093,0.4583265339180545,0.46252388252450516,0.45976867571475233,0.45777729011800783,0.4619346642612666,0.46736936768001336,0.4677066588298151,0.4603985691538641,0.4458563881345158,0.43357970443252863,0.437945750296621,0.4584777030657196,0.47734252675430827,0.481893012796039,0.47921175302272145,0.4845438471264536,0.5012088577568828,0.5170438788769407,0.5237781908930561,0.5292994435397712,0.5423174003020674,0.5571424462085018,0.5628026658549558,0.5602615021321786,0.5616745103364933,0.5754025360231252,0.5979219551827183,0.6177925455458024,0.6253999333424747,0.6213009582135731,0.6137494230020322,0.6070313025037546,0.5979417837644261,0.5860180519287779,0.5748802518753267,0.5610527668624847,0.5395692537423814,0.5174223881947441,0.5039300465810147,0.4968294076670797,0.4887856296934996,0.4765313681708377,0.4614318486103094,0.4485628830938403,0.440552167959267,0.43259956067236693,0.4198804405623361,0.4029808748071094,0.385471137441491,0.37670614173336286,0.38551441559479616,0.40401708732428887,0.4164494849274779,0.4207101240426274,0.42209113103184476,0.4146186868186591,0.39119611107312185,0.36238905577862796,0.34450485933788794,0.34182168381372513,0.3457112694091104,0.3381371307651582,0.31059181000721403,0.2798540512102233,0.26604737707602455,0.26615219813024515,0.2621836144481615,0.24942892409602396,0.24050450443305535,0.23893686190039629,0.23492519687997523,0.22784325405443495,0.226330541327386,0.23194357682627853,0.2412342516593998,0.252760247895826,0.2626319432129889,0.26763905391052145,0.2714403417008727,0.27684593176591304,0.28494141867683265,0.29957196477742265,0.31869343630055347,0.3284625748047312,0.3110637380415515,0.26154592279832967,0.20213849039926152,,,,,,,0.20980719312327994,0.2598821445790571,0.2949517155270216,0.30181493430263107,0.2859035680419412,0.2623114215821154,0.24739736061352552,0.24974804519860994,0.2625881146931109,0.2728917685103693,0.2745579495010799,0.2691857227397375,0.26232042723543003,0.25586368329819786,0.24153335489497366,0.216366305575823,,,,0.20794366772262002,0.20950670171223076,0.20678356291193245,0.2023083405409305,,,,,,,,0.2097796588276229,0.22280880266148556,0.24180933658512072,0.2568193822067461,0.2584686625711609,0.24914061814760802,0.23276353385972054,0.2083952207480464,,,,,,,,,,,,,,0.22570380189462297,0.2657714795895602,0.2967258011915114,0.30988826497378036,0.2935923432563369,0.25742528560260225,0.22902739046165038,0.22570589524850737,0.2423875406503044,0.2550163085976092,0.246382574349723,0.23246450431868732,0.23357339849286024,0.24233789157512872,0.24624299076570466,0.24590150586442303,0.24243112797179572,0.2331090458015857,0.22048478359460083,0.21016200277889574,0.20075013155483745,,,,,,,,,,,,0.21021108268495423,0.21820127121041305,0.21556228664085578,0.22658496293628644,0.2599116028201931,0.2879809145845475,0.28520162171433827,0.2580770711812105,0.22906783489148067,0.21211424903036147,0.20521115914954924,,,
253,0.282628015684966,0.29497122355239686,0.31289574661705943,0.3311712862651862,0.3459717012362294,0.3529549703962518,0.3500366859837923,0.3353221669798492,0.31054700784410755,0.28811042698843786,0.2806737345786724,0.2917689341823084,0.31634385661978837,0.3438129204194369,0.37023458850831215,0.39920418168173166,0.4237776029206037,0.4249928048078284,0.39390220812349513,0.3464065554869252,0.3095132435634137,0.29764288626282437,0.3083951627011695,0.32839296722736966,0.3431309884262164,0.34895920308293255,0.3479330406130753,0.33807445700518485,0.3196800213076225,0.3038506688672279,0.30666086128514636,0.3323531774427656,0.3640815608517828,0.3792281252058295,0.37290246805969307,0.3557680491666029,0.3338377952029502,0.3076890542273051,0.2825462401190691,0.26227311888981597,0.24449272533898342,0.22825403392479773,0.21780037488767934,0.22244604441795104,0.2518448796295535,0.29737669573594094,0.3292474158914099,0.3321827337290696,0.32441795214780506,0.3255631463590166,0.32972920851276266,0.3239734118301408,0.3140394568745738,0.3145132819547509,0.32598473132374767,0.33525889598131686,0.32881187450736354,0.30815254010702126,0.29252727279919943,0.29718450795892687,0.3201577790194533,0.34906944696795017,0.36720518200198893,0.3662718185862285,0.3592405816139942,0.36204304667851056,0.3680499388943583,0.36155543885959174,0.34485246084851096,0.3287603548617041,0.31390475471086177,0.3025888740548699,0.3029233520210297,0.3137215957940912,0.3271988551592095,0.3339573966882493,0.32152741608381824,0.2903479567650798,0.2597840722167438,0.2490597689531008,0.2619255499228747,0.2818512137531953,0.2888497783348343,0.2842573009374834,0.2807844207008736,0.2800322963794892,0.27732785524957854,0.27419138800964316,0.2751203362642659,0.27813456755739613,0.27820865968285474,0.2806893010309681,0.2981991651371948,0.33104222888352874,0.36355699637248157,0.3824959962738481,0.3906439393751818,0.3962759314088345,0.39781655921723236,0.38925121693139964,0.3732769265638669,0.35787898776554106,0.3452692963362045,0.33662275813442105,0.33701564372609993,0.3445152361534754,0.35093519882625485,0.3562879906576858,0.3642987797802473,0.3747089490302727,0.3908354032949084,0.41491435216362066,0.4386971146589747,0.4497237433541317,0.43921605293386334,0.41058439559715776,0.38262201513824046,0.3726615765076693,0.38346998755821404,0.4104314693940301,0.4449326606500287,0.47146191677637683,0.47654396914795183,0.45906748604709635,0.430113211142203,0.4066012054682962,0.4029788014680311,0.42174552403726273,0.4495523990708459,0.46989384592929684,0.47881552517501735,0.4822747152192155,0.4856672319739996,0.4915289999196632,0.49914169141358294,0.5034530969313205,0.49876822615548067,0.4827275951945867,0.4600930358540102,0.44557894040087387,0.45308792141454407,0.47887261868855724,0.5042160240080027,0.5143142504167233,0.5109759075072073,0.5075039883239088,0.5115424282583838,0.5169206357400808,0.5181706086299696,0.5223845463533918,0.5361153114992372,0.5530887154410077,0.5627091150948735,0.5621877448697479,0.5569582235108729,0.5553764817953641,0.5638750662356529,0.5782857930734754,0.5846926316983303,0.5801135362152081,0.5775339345788773,0.5834307370093159,0.5900973111657387,0.5919945360667378,0.5898776416284753,0.5808442094958317,0.5643352200891376,0.5492625369999333,0.5406736281544496,0.533197032329384,0.5220868468408143,0.5072890110690412,0.4904558194889998,0.47580139723279113,0.46682262393266305,0.46133504859668095,0.4553067087490038,0.4478566243550588,0.44108587582587433,0.4413003517947818,0.45382351439733815,0.47084503980437914,0.47859008595917407,0.47638000097499367,0.47137603428368224,0.46081681111592526,0.438641463808799,0.41052239270389235,0.386910346536545,0.3724971220765193,0.3649173626252855,0.35360669130075295,0.3326465320059749,0.3126840628704149,0.30598581957165605,0.3087890897314947,0.3068987226692132,0.29653880549470685,0.287954125109759,0.2851207032140846,0.280861410584265,0.2729011717759155,0.2688019421508272,0.2759263617500374,0.29308704770878646,0.310705405949753,0.3183879081363242,0.3146879598219089,0.30709820509689456,0.3027814976361827,0.3068927308546458,0.32230310229044834,0.3420838777811505,0.34930780069959017,0.32985232786226293,0.2857630299915326,0.23591659049511685,0.2027887031316556,,,,,,0.24111751472581722,0.2894736196260651,0.3194685564290966,0.3208221604155669,0.3036486659560721,0.28791539807767297,0.28259058902539136,0.2827298138444656,0.28154247096473495,0.2785807781872007,0.27780284780232345,0.2806680639871646,0.28637673734208186,0.2918227618866348,0.288274582631212,0.27455476169498105,0.2621044746996131,0.256515042010694,0.2543291710005115,0.25103139340344366,0.24305121674739685,0.23173750540980503,0.22171205779208392,0.21632123948734022,0.21561895415295018,0.21432682767924474,0.21176860257295177,0.21531955742426767,0.2248774741939164,0.23118866289978135,0.23222376315347268,0.24023334687251527,0.26326549467394944,0.2891721283458751,0.30147055443268644,0.29763072603595125,0.2840646749441274,0.263878812986029,0.23825339982129004,0.21413971851534727,0.20148673696818187,0.2044195688443109,0.2172999612645545,0.23117753171000127,0.240013652141963,0.2397853463358146,0.2268008342984607,0.20199329856081527,,,0.20750482900491118,0.2501826176627261,0.2840927437614839,0.3038695935317618,0.30847218345475447,0.29400412802497966,0.27102116537618376,0.25887006627256626,0.2642756559213937,0.27710850260709385,0.27479711462427797,0.24802782529791495,0.2244890605835987,0.23167499846946255,0.25691378360570716,0.27415615080908184,0.27892397870359525,0.2792716838264363,0.2771993906523168,0.2704065273719265,0.25796960539898084,0.24139897414300004,0.22710258844654108,0.2234757339696758,0.23335018311425534,0.2506912931126597,0.2622588445003343,0.2570599936267183,0.2365611019254925,0.21002607752267902,,,0.20236994260194396,0.23136086157260027,0.2520402622028192,0.2583896190937167,0.26827684266076335,0.2927286120437583,0.3128366822493803,0.3104460604778534,0.29261672011115625,0.2737132225337074,0.25678421996836365,0.23724905205217184,0.21514498328577333,,
258,0.32654158133367095,0.3339690686259268,0.34660865040162026,0.3592045059071889,0.3645372833081735,0.3605655232040128,0.353565052709385,0.34407576948050833,0.32522918986933835,0.3049897576979067,0.3005941729795204,0.3162894484986739,0.34515186636742845,0.3766815152273394,0.4023279950048461,0.42159250982966856,0.4344817540359474,0.43188966722192573,0.40664022025881585,0.37053642823930866,0.34641344802178375,0.3458633106179094,0.3628337949540061,0.3822795577539826,0.39271636500588847,0.3926586505672182,0.38457656612033914,0.36845466710805597,0.3456882505364579,0.3291058145449263,0.3379701437072285,0.3725703250957094,0.4048591201029477,0.4075232957184343,0.3851059274545799,0.3624771396648836,0.34956982394818226,0.33674653285177514,0.3177917411582541,0.298372040367848,0.28396843649456827,0.27213592330913444,0.2622473771796174,0.26630927692815387,0.29598583904695097,0.3360684073985803,0.3511559342433256,0.33126501915430373,0.30627498401547054,0.3040719095257199,0.31902938293055905,0.3292985060525654,0.3305677721460776,0.33847800131518524,0.3608040101447155,0.38442737824811335,0.38812223116284905,0.36729962105367764,0.3450858104139881,0.34582913205143545,0.36886827550999024,0.3968255442592947,0.4114073283804738,0.4055192666457982,0.39470022008457495,0.3993186606214372,0.41241865327829474,0.4116427003237365,0.3952132168923561,0.3760553917581024,0.35930438095438433,0.3486494711659761,0.3472712962741916,0.350670076494661,0.3565252965940682,0.3624528080226196,0.3583666998492373,0.3430431783201927,0.3274615444131144,0.3184748057225578,0.317986780960628,0.3219903704959894,0.3206240953965966,0.3129538946743323,0.30745354582289963,0.3068460352075989,0.30784832124877115,0.3104107443806533,0.31668004069900263,0.32371169012737333,0.3247210643183597,0.3209006309303081,0.3255618705622382,0.3489028996385626,0.3821601541362396,0.4064428142727733,0.4164810270918767,0.4201888073494485,0.4208067564406374,0.4154740794661488,0.4045497913148337,0.39217236090404395,0.3788198065102525,0.3643766588295182,0.3574952112077065,0.36531120016281504,0.38198114802020433,0.4005330556233237,0.41698524601411857,0.4263537116430274,0.4324866870532208,0.44477748254858457,0.4615690893853637,0.46972603191581197,0.45797165529040196,0.4302346211776953,0.4044001350060995,0.3950198405409677,0.4043514760339938,0.4286625774032248,0.4599003245628758,0.4839200697952136,0.48831950528040663,0.4698722220121917,0.4372247025357784,0.4110072436240536,0.41140678578930945,0.438440897641042,0.4713405199086893,0.4913263106674317,0.49802530037293946,0.501585579330999,0.5079056645690444,0.5157600733491403,0.5221159946304023,0.5253298956005306,0.5223386047473332,0.5085978179291564,0.487391665934464,0.4732424865593402,0.4779526037062025,0.4986229391092858,0.5232277868226733,0.5391658700583128,0.5400906239970144,0.5316322226816217,0.5236517638965841,0.5166687581175041,0.5084196782799957,0.5073209486274022,0.5208861126318335,0.5417476375953207,0.5581499110730627,0.5647776089699406,0.5603712101317617,0.548884794284841,0.5415269177882539,0.5414952737173198,0.5363129610435625,0.5243020651660055,0.5240107661631412,0.5424094583578303,0.5641245635209041,0.5776337285589086,0.5845245512634591,0.5852090757574887,0.5806467576783996,0.5778239010847084,0.5773042883267078,0.5713535295663021,0.557861921347026,0.5410915139117574,0.5232480535817812,0.505867345526654,0.49264589548414583,0.48525366506737155,0.48223129943656773,0.4818354012678258,0.483611073325689,0.4913177054585789,0.5076856554695501,0.5231100918805249,0.525435551679567,0.5180605193717951,0.5106044008467977,0.500786407702365,0.48131489372800806,0.4540877150318134,0.42613834713771115,0.40281770224690094,0.3873394266355105,0.37687925050855636,0.3660559749838863,0.3548919142430808,0.34765430513187157,0.3457312349916373,0.3444524387988681,0.3415455197705616,0.34126374074370025,0.34497649573240924,0.3470032359681756,0.34144642732891517,0.33155125422785814,0.3295350380076082,0.3402757561879508,0.3519444561824808,0.35122890969478204,0.3389893100221849,0.3242119983367027,0.3127035415006222,0.31020860569920805,0.3224980598498064,0.34289575237180336,0.35055577755835576,0.3317400681637803,0.29580810003587976,0.26097573201615365,0.23744994772975267,0.22351123444174664,0.2104636701503235,,,0.21147940313374247,0.25154143257226946,0.29392472095187394,0.31931711870742463,0.3205039186454409,0.3077834568620774,0.30074192127341653,0.30123452220398306,0.2957027056135094,0.28210200875654434,0.27270106015939316,0.2761012638052273,0.2887835527440949,0.30399103662008686,0.3172889093246461,0.32199077639029666,0.3178074116929872,0.31281430013000266,0.3062406749102305,0.29333506081679905,0.27807654674153587,0.264178285824639,0.2512572097790605,0.24034649916885112,0.23555867169349026,0.2410462588438121,0.25195312704616724,0.2595824663689753,0.26337781705938207,0.2652992179696768,0.264205930070157,0.26204672263345796,0.26843409444672117,0.2895129073478238,0.3164024401545504,0.3333805916445258,0.3317219914996076,0.31359343547747576,0.28868908393283266,0.27032946424864285,0.26458942957373643,0.2641331100350247,0.26347859209111407,0.2661197342570907,0.27432220122911644,0.2848217214382034,0.2898637107031468,0.27866595129337773,0.24847975676898948,0.2149627200478872,0.20188691389294716,0.21863767487063906,0.250810134207875,0.2772534714021839,0.2907279232804073,0.29138887765048604,0.2804830490647758,0.27016693000156816,0.27304189234454024,0.28554094709576994,0.2932428602575347,0.2803630187850402,0.24704975754950118,0.22308539512294506,0.23466671527284508,0.26674306328004127,0.28765979115283263,0.29199795898395375,0.29415050215215016,0.29879767921560907,0.2984988814210766,0.28803984688931344,0.2721333902096522,0.2614216248871011,0.26282485084437124,0.27854896297193804,0.3048336426498332,0.3246743615629222,0.3193306708928341,0.28994133527338406,0.25272380280459983,0.2238267611336365,0.21483204303622472,0.22850483028237437,0.2568529309881119,0.28282835209218465,0.2949884867545315,0.3036278422411576,0.31987271691034486,0.3321476205570076,0.3296465965633962,0.32060706243295156,0.31187467053192475,0.29689842337172817,0.26929462403335713,0.23569261617727538,0.21040193231347937,
263,0.36251054417562056,0.365479417872126,0.3721286005352551,0.37804402596198616,0.37469566735947024,0.36118260886981546,0.3489766393022886,0.3425592329501852,0.33241608375959586,0.3217647503377591,0.3244278485944292,0.3404594867490245,0.36475593379549187,0.39484295366261934,0.42102909508234276,0.43449544791521405,0.43577163615605874,0.4241310626712308,0.39882697934343037,0.3716827439624001,0.3602923403656779,0.37112799215163633,0.39435845822418375,0.4134186415362917,0.41911216997319256,0.41257683038095344,0.39868449227504155,0.38075028091824337,0.3605778174807338,0.3476137286364101,0.3585965729181955,0.3933590883608753,0.42261393634949407,0.4176482369823592,0.3863210513022114,0.3607094817481741,0.3533297764545374,0.3479155759971725,0.3317736301435462,0.3157385080588975,0.3115919929160025,0.31014633279967524,0.3031024598044817,0.3045603683891495,0.3267905224931137,0.3510950368629824,0.3459596970296206,0.3117876342267826,0.2850813568220712,0.2933829227762902,0.32581434592576874,0.3525462913496098,0.362718356355672,0.3718477067640586,0.39314370278538147,0.4191560584831655,0.4295610845294241,0.4143313297919399,0.3910797902118248,0.3845423671853415,0.39743195298513134,0.4156565086272026,0.42387952720254585,0.41594069679102774,0.4058762779453893,0.4115746283139126,0.4244028706598438,0.4233848547208242,0.40953598038020084,0.3960561945926492,0.3866689015685082,0.38253129634279587,0.38247948568607826,0.3808574257294556,0.380444894775702,0.3853302495711131,0.3879374924979062,0.38390016674215655,0.37657894531806874,0.3651113364717503,0.35167838068535495,0.3423189505012335,0.33546337952082494,0.32914449169077986,0.32871217358836646,0.3368017453255128,0.3480342872961218,0.3565704458596838,0.3619300272338233,0.36586946512273566,0.3653246519565436,0.3571659143666132,0.35227356245870994,0.36845232813750095,0.40309960851888305,0.432171064931091,0.4421024225305742,0.4403765334908134,0.4370418550503371,0.4331240186540476,0.4257132473954444,0.41626687962675124,0.4049968301650875,0.38830550382146645,0.3740239968883864,0.3775647788262548,0.39951305046284075,0.42765863088480705,0.44969324856746684,0.4590323935640626,0.4613280850602547,0.4673691319349667,0.47750341887167547,0.48046098469623516,0.4673228876688579,0.4438205248578163,0.42428123734516177,0.41727318982331363,0.4228112148657469,0.4385212566740188,0.4609455278351665,0.48160912510420917,0.48897528486162534,0.47545931482739356,0.4462746056636179,0.42352586460083735,0.4293724312153316,0.4613350052744515,0.4954120922190668,0.5143513403612358,0.5220095452375672,0.5290579826944236,0.5379146481754438,0.5449442679885875,0.5488200942487615,0.5528122682376728,0.5560304265377969,0.5503733410979357,0.5342266781530386,0.5186046549168407,0.5137961111505297,0.5207733867624638,0.5366657193563492,0.5544132433402875,0.5622590873977863,0.5561645558603306,0.5434886468983483,0.5287256118705557,0.5123375965789869,0.5037562266092629,0.5120951914297294,0.5311808514564373,0.550512615861185,0.5645473089506589,0.5669726716495989,0.5546512448684732,0.5360472992653313,0.5184193361699896,0.4965488150798779,0.47470044219636,0.4747082282966103,0.5019624165509218,0.5347662797300264,0.5576476769269547,0.5743569744026109,0.5880163801067559,0.5978859753740138,0.6069702198643907,0.6131717584372713,0.6080657292127698,0.5914247429409555,0.5720993334218232,0.5544227081769247,0.5370640846068861,0.5220001078020666,0.5130174926417043,0.5110031303830762,0.5142618999614735,0.5205242701652094,0.5315247088518484,0.5479440245354842,0.5595013446798134,0.557566845781142,0.5495424430030357,0.5438604087214463,0.5350741573805029,0.5152999002674387,0.48759153055349824,0.45954262498873977,0.4356533729617649,0.42025019907166583,0.4142260936795754,0.4105449036221239,0.40185748734048693,0.39116117611603757,0.3865428316270362,0.38779054519052647,0.3900050756785687,0.39311131083008555,0.3997474321012858,0.40791470529065155,0.4088487348601395,0.3981954279073041,0.3851731672562613,0.37902951451034994,0.37453466051487666,0.36230764702578216,0.34386953937256526,0.32575362939029107,0.3098473359874224,0.3019504330629885,0.3123597000958672,0.33662709019120607,0.3501178900033983,0.3361552207126253,0.30745438393845403,0.2834831597889196,0.2679726477214207,0.25373972710978804,0.2348823950992827,0.21583491158580997,0.20856575151804135,0.22277058939594285,0.2551447551283672,0.2900184270760703,0.3144041516492238,0.32291598630660057,0.32050403520487414,0.3190711252556863,0.3159298813407925,0.29939504526513555,0.2768760277590693,0.2682135251439173,0.2790080520389415,0.29924787192720903,0.31986837518348393,0.33760495916723154,0.3477197418587608,0.3489377676505887,0.34577950049750006,0.3358279173874515,0.3161436127737225,0.2961026218799314,0.28357364583212324,0.2749040623935479,0.2653589904681013,0.25990742368745134,0.26831678879940224,0.28680539542403843,0.3003727117132815,0.302353531495793,0.29737834995794676,0.2929415538199895,0.2937423477829349,0.3023101898842968,0.3194350465117348,0.3414820887087909,0.35855118640026207,0.35742195570165725,0.3331234857118411,0.30022210183181347,0.28520733292013234,0.29453863457780777,0.30601579530055867,0.3056494556661505,0.30163596416478444,0.30264487140997776,0.3100290047816979,0.31874779682193943,0.31617780727956335,0.294431837060627,0.2614381381953186,0.23429611407113296,0.22625712033954365,0.23668774511468757,0.25424770176361733,0.2702758121193579,0.2796165029067974,0.2799826520734717,0.28009027002770914,0.2895551242802348,0.3025623602506846,0.3046503560532945,0.2878246642970945,0.26018669636470826,0.24642824544410405,0.26228556320497054,0.2897652333763525,0.3020094168685129,0.30034920037653484,0.3014944882846057,0.3071890373992575,0.30807920565407626,0.3010522534756457,0.2921804972965301,0.2892280693843241,0.2949504268249311,0.3109290979251753,0.3363026862118073,0.356581637150464,0.3546779105916197,0.33256780681231335,0.30396125091027976,0.27995329110479295,0.2693140703947054,0.27648359418390417,0.2981767598963284,0.32162390846056277,0.33389267280006857,0.3387861843336437,0.34522663604483905,0.3475068157710043,0.34190018837498737,0.3367906543280243,0.33324514585800535,0.3217512109031614,0.29766279462994405,0.2687529838323006,0.24897822806891848,0.24261569265923016
268,0.4012205136279151,0.3993356387572183,0.3966464737432406,0.3923619184702073,0.3831294382323395,0.36895355839662786,0.3579125830976373,0.3541377501645034,0.3510762737783897,0.3501174331820989,0.3587954558478157,0.3733097797712591,0.39119778553022544,0.4161632951214274,0.43917058601599,0.4468724668427186,0.43965518861492014,0.4223550050678492,0.39850192529158845,0.3779103289356919,0.3722980321061723,0.3846801225925398,0.4046531058306929,0.41724041673956525,0.41747676729922595,0.4097997378142378,0.3985175847865925,0.3851509454096117,0.37204535376988723,0.36708336687855736,0.38042074343348,0.40979487213472304,0.4327710216418468,0.42616632887540734,0.3962208874590061,0.37215770544195725,0.36597543328669735,0.36032028597970867,0.3421482883862206,0.32673409729682057,0.32980162853301503,0.33895433577603895,0.340304273617983,0.3441504023242026,0.3588797773170196,0.36726921803095935,0.34883551189900597,0.3132595116866512,0.2960132968370782,0.31879067226238283,0.36465614255436185,0.3991661884321417,0.4095127308997727,0.4113277827286712,0.4217535425516523,0.4409665338290671,0.4531542963245159,0.4438832952801487,0.4218544061215612,0.4086100744596274,0.4115099469344296,0.4220807577460228,0.4272251461063058,0.4198975982407782,0.4107065770722912,0.4136607053671041,0.4204538369355404,0.416385119151606,0.4075176646632792,0.40488043242748695,0.40715399295558674,0.4115683587359724,0.4151653142585607,0.41352118684528916,0.41164334048578255,0.4165421028719452,0.4232161690548465,0.42478810176237003,0.4190602308848824,0.4032187470359444,0.38214853835242457,0.3662316650397398,0.35644170675922704,0.3503116739544574,0.3527220179864958,0.36766921928757984,0.3875589007397017,0.3987079187193839,0.397560176937341,0.3935994927058519,0.39024457411969093,0.380699568661644,0.3722922132536293,0.38633259322589275,0.42300425133083,0.45609492854458933,0.46770948534865575,0.4634279700992267,0.45688284557011266,0.4525786524040225,0.4467336198633798,0.4399898594556322,0.43211549868748567,0.4162472485158133,0.3977852420978356,0.3957068615033783,0.416432343158262,0.4465105190695938,0.4683455011948544,0.47677055587954664,0.480347040868739,0.48607797099253053,0.4911887231280886,0.4882773102387943,0.4744929935752199,0.4567758088380615,0.4442056801314831,0.43969531641489834,0.44179412363816095,0.4497162866543298,0.46480497763974016,0.4842080599911199,0.49725477238885996,0.4928057089086463,0.4722504863374659,0.4552497249242774,0.46236722745268966,0.491154506179717,0.5200250138510354,0.5357542382800393,0.5454174981088014,0.557986916873574,0.5707548650744965,0.5783178976780742,0.5822712868286203,0.5887269222741474,0.5966516383883929,0.5961723358897064,0.5827270960863853,0.563068874603569,0.5462449410566865,0.538109972828004,0.5430219712998999,0.5592469433307332,0.5743993404858264,0.5768197288290651,0.5675792889928378,0.5522225149933149,0.5334198686900901,0.5191421617438263,0.5182667166596958,0.5285646841269209,0.543892175751421,0.560538094404416,0.5701715956268569,0.5619694603546908,0.5359982479666227,0.5016148915868763,0.4647435658826986,0.43624975953257805,0.43744288776277435,0.47132016459600024,0.5130062854794311,0.545042367892616,0.57167484827471,0.5964620700370832,0.6169242022431976,0.6333519936346759,0.6428601454625152,0.6383540391487905,0.6213145750508675,0.6025168639533409,0.5869290654162012,0.5714078030565213,0.5570823292917846,0.5493513296085945,0.5499708245019221,0.5557024175614137,0.5620879403375892,0.5693629000016964,0.5785277840731669,0.582933508155358,0.5783234070270367,0.5717830751531378,0.5671124286917424,0.5565437193009886,0.5342260504052658,0.5063054902351225,0.48178733529605605,0.46314200549988666,0.45240080876735395,0.45067888866963013,0.44929666319425265,0.43916537230545427,0.42755253666819015,0.4269768312937178,0.4338573307948528,0.4362278397186278,0.43263486528493045,0.4322304880111796,0.4404001820221416,0.4492165073793762,0.4468830903371426,0.43198831403793136,0.41149871832422247,0.3900795876331619,0.36791510170919717,0.3458109194823306,0.3241314142431298,0.3026720700854172,0.29140352954775095,0.3049887007269389,0.3392923721172868,0.3654916091532926,0.360395076823911,0.333957128956886,0.3084284759167343,0.29017521045779643,0.2736229087228812,0.25626473583459575,0.24287939952759927,0.23985739713309817,0.2513356292598742,0.27507490492423226,0.30231753286897434,0.3260157185893162,0.3423409113266481,0.3502276540495034,0.35142821125596047,0.3413184221048276,0.31550012893040197,0.28873403178566526,0.281452661894443,0.2943742892142629,0.31535674054445306,0.33683373556435414,0.3560248724065841,0.36849400045421776,0.37114797113104986,0.3642707845187093,0.34706496268856185,0.3240246756909443,0.3087657649406128,0.30653767056919373,0.30667152892879757,0.29937802575464845,0.2916012596567658,0.29775866176808796,0.31503070337299377,0.3266375900473547,0.325728377522781,0.31938325802698486,0.31716742308431783,0.32224116437835293,0.3322702793070075,0.345752184011362,0.36343155928901627,0.38046643243783357,0.38190697118528044,0.35781879357410207,0.32327130741005994,0.3083345123342215,0.3183196623459209,0.3288140731952962,0.32770612862048787,0.3234219698187687,0.32112540603063433,0.3235883141362299,0.3332349397445597,0.342058283002142,0.3376401750987934,0.31422415884978516,0.27661817846342546,0.2410956441567983,0.2242771634342028,0.23077219372517205,0.2548566257759064,0.2839377234220518,0.3037697130723289,0.31184889690695494,0.3164453479062056,0.31950212243867004,0.3144040064302172,0.30023937183119354,0.2879844659484761,0.2923321009613978,0.3135973908703853,0.3308376032360685,0.3290528048834962,0.3192202074433033,0.31543157586104975,0.3151954861270402,0.31270418402478306,0.3094789587279441,0.308310884353872,0.3097892344072077,0.3141136864927682,0.324688559276581,0.34404743520461323,0.3625706844909311,0.367876763815317,0.3614963685464886,0.3494567997113103,0.33387619695364296,0.3217534205716557,0.3227062949598283,0.338702569230011,0.3597602369711636,0.37097886077323217,0.36931970360158933,0.36212667457185954,0.3531239502103918,0.3469654777306799,0.3475913571975819,0.3475269433498501,0.3388433867320143,0.3235396480202334,0.30874569473059443,0.30297657843704584,0.3057642637502601
273,0.44019869820206364,0.4345269147580174,0.42314568329351965,0.4093581063221897,0.398070599009974,0.39127337779914934,0.38924807597540817,0.39021341631030626,0.3898164745669356,0.3906317897452968,0.3991157165029465,0.41298832514398465,0.429358939169155,0.44896280557991747,0.46348183874223425,0.46304038055240027,0.45079770706346206,0.4340406473247674,0.4162314071388645,0.4021105452347662,0.39743651579337747,0.4032525813854712,0.4104890315724159,0.40903290966469413,0.4026683985060179,0.40168522285526065,0.4057803803732688,0.4058945519805083,0.4007740108783216,0.4000900985985984,0.4111987496141505,0.43087361334230345,0.4458437007194491,0.4417018548331928,0.42101403598025444,0.4031831146890532,0.39677009006715347,0.3876289516769437,0.36578449467098095,0.34714973138753225,0.349050200969217,0.3628746343907157,0.3747000963556367,0.387160398829549,0.40092310674575793,0.40180157447166076,0.38104527268871724,0.35363618873783553,0.3480215856599919,0.37778122525224345,0.42426545368247437,0.45524633990065716,0.4593684344989106,0.45095063322887907,0.44778945804408193,0.45506774087666957,0.4616008385616988,0.4525853550679331,0.43147922329966887,0.4166509848766542,0.4184629034996642,0.4311586654372187,0.4398539252317489,0.4338838100292045,0.4214348611962489,0.4172296648356211,0.4171645655482078,0.41283460169248437,0.4128510458985063,0.4231872439385297,0.43529519691183766,0.4428885312465528,0.4457396147790712,0.44510647146869675,0.44687639268185597,0.455971069096734,0.4670234587699338,0.4709063588115896,0.463180306845976,0.4444847225547115,0.4228069028966935,0.4060774181850535,0.39328484463820634,0.38360154189522755,0.3841145323418006,0.3999665136275995,0.42136499229030466,0.4295745678041718,0.4208459257777051,0.4109547588475608,0.4064070227757477,0.3970506779081295,0.38806300998508003,0.40164753022214855,0.4387911457261636,0.47493447877804007,0.49209392207274316,0.4924938256982012,0.4885614627218936,0.4862413961659788,0.48203836320977395,0.4756467275307202,0.4672739094367401,0.4521831762258488,0.4349300914832359,0.4305959057464298,0.44573687255693784,0.4699948245624837,0.4869559303768572,0.49292097541666224,0.4966347955880702,0.5011654862691857,0.5023258255926845,0.4975809380764328,0.4875846239361793,0.4761938169229737,0.46764508300880653,0.4637719613022623,0.46468030838062346,0.4704980689222633,0.483582990934771,0.5028943851597777,0.5187559884242262,0.5203435580652888,0.5081024876828412,0.4970936983228186,0.5024356705638156,0.5221673771025407,0.5410040514507002,0.5517244635334736,0.5630673156633594,0.5808600358885199,0.597617859737853,0.6064239180645734,0.6111127994812603,0.6188944284433603,0.6276997757258427,0.6279397820804107,0.6149066799035378,0.5921368915532221,0.5675340856689386,0.5507066749679292,0.548968250560627,0.5622636409198936,0.5803924890526007,0.5895164670123259,0.5860568476333123,0.5755718322219188,0.5610779963841852,0.5459517396319608,0.5368937983337398,0.536130444692597,0.5422985182756483,0.5554005803149022,0.568859557436663,0.56424814699832,0.530735480590062,0.4806761455551607,0.43225863965256167,0.39989195838023983,0.402135966045433,0.4414954755335335,0.49236959020768345,0.5358227566833972,0.5744840895840919,0.6092703813475269,0.635708409287417,0.6540489095641941,0.6637245692695316,0.6613251862832698,0.6497394505334565,0.6372928925700558,0.625879731992366,0.6118626115805708,0.5983320197394587,0.5930701953570345,0.597754019400061,0.6060211299364164,0.6101463369653275,0.6090838660109166,0.6065070519823506,0.6021238302861024,0.5948357496629457,0.5880981571926933,0.5818494960348684,0.5696167431785646,0.5480546570483729,0.5229937593928139,0.5025891479827405,0.488438986615253,0.4813036395646355,0.4822346767776224,0.4820037561089926,0.47164944157519045,0.4617198372919204,0.46639742873618495,0.47796717319266835,0.47820378696154636,0.46501716814253047,0.4539150253262539,0.45692998485259684,0.4687279371950347,0.4742188851909924,0.462799172130404,0.4361869335272577,0.40617453551676785,0.38219782256681833,0.3629269321951649,0.3406141726527528,0.3150516845837853,0.30299818357579367,0.3214138519871707,0.36403958043340245,0.4002166421798614,0.4022139558072877,0.37448066279109116,0.34124845072748167,0.3154281586321719,0.29598886171710265,0.283489729505911,0.2811361383931677,0.28772236677541163,0.30109950591890566,0.32030878433647697,0.3418361424431665,0.36137752932388945,0.3767071757926902,0.385558527736509,0.3854891073967559,0.37324299868981037,0.3491563104087524,0.32608302706716474,0.31793138038409574,0.32416769669897005,0.3384630663489892,0.35750719715630047,0.3768490225746637,0.389962308718073,0.39118001649674006,0.37689155150638326,0.3505919604490494,0.3282940415024864,0.3265207576053935,0.3407692953128142,0.34950548582932484,0.34061925071683696,0.32631706492688417,0.326092489864299,0.33758072995294613,0.34335120503337213,0.3401146405987461,0.3384827114383757,0.3443107776021044,0.3538455117037329,0.3624467712368489,0.3717361911029524,0.3863328090573792,0.40309321844133394,0.4072284557688933,0.3881359471845477,0.35841831270181995,0.3421343179315744,0.3412321536289364,0.33890747618907746,0.33279728949752957,0.3303113869597941,0.3292487001559898,0.330254752213026,0.341378619400062,0.3608408969607538,0.37408110988861665,0.3641371079975513,0.32550536343077074,0.2744080233680062,0.23808117526871264,0.23441168503034132,0.26366383927774795,0.30934075333025507,0.34553143869021896,0.35695724839309606,0.35012960876122223,0.3378007682557277,0.3258694377654733,0.31959867301481215,0.32690030124191327,0.3499285939851893,0.3760816182483988,0.385159891623562,0.37389737128525047,0.3576814178118218,0.345312716369056,0.3345498828487047,0.32694250823726284,0.32612306131680513,0.32844559284203023,0.32825141523990253,0.32588886567217995,0.3283724639453045,0.3424156837663793,0.3624245279356279,0.3772578583462666,0.38531542028410004,0.3862963113256401,0.3758595574927043,0.35970722071987543,0.35244443911721907,0.361228629233999,0.3783500976863652,0.38769233367081213,0.3812505140738747,0.36550929283802897,0.35299923416590673,0.3545885833049122,0.3667461347199817,0.3716788222518842,0.36344941300263267,0.3524111604621925,0.34586421168740045,0.34681532254963937,0.3526900488615181
278,0.4741958789814294,0.46718856335392234,0.4535205208882529,0.438735339804936,0.43088696501476786,0.4314521780574094,0.435312740247883,0.4367154510089247,0.4328447866893496,0.429123505748601,0.43485920995537164,0.4506136833422377,0.4696268816572312,0.4850693541921559,0.48991940518414556,0.48167117840753115,0.4666549267468902,0.45195479747933587,0.4402742626479409,0.43351703141408526,0.43296098855993115,0.4357535983451053,0.4317940055973704,0.41581845080514407,0.4020604454343091,0.40863572284133654,0.4308937219122442,0.4464334017606995,0.44639833787516986,0.44273550796573313,0.44617854829379044,0.45583890501369206,0.4639438755273238,0.46213283534077004,0.45103892470623586,0.441008525580426,0.43622649018464976,0.4262363344394254,0.4042988573167743,0.38408484166177304,0.38161137460173467,0.3936579663094538,0.4102648478183878,0.4292637856311593,0.4460728902849218,0.449290240548739,0.4366570533703666,0.4224584798476664,0.4245567198303423,0.4490633549597557,0.483306408426521,0.5056124893184656,0.5056253550637528,0.4901097051573807,0.47323313093162245,0.46485050049042514,0.46098076989873676,0.45023142199222477,0.4326433520372899,0.4216429791260402,0.4279477068789723,0.4473885682548451,0.46209664608807244,0.4565689332969295,0.4383270808241758,0.42694643272157073,0.4245506579865443,0.4263410606741096,0.43874594250274923,0.4603895183302421,0.47629576325514156,0.478936460197106,0.47291659805028896,0.46655186911176205,0.4683061387444594,0.48176502622034884,0.49915657348064507,0.5070205583601203,0.49944118396101556,0.481627789161165,0.46294577106220924,0.446965296814985,0.43184352960335093,0.4202514671863432,0.4208554897770349,0.4371258727379288,0.45618310529138534,0.458324961650068,0.4429019451446468,0.4285571149534212,0.42157318685776723,0.41179772095951706,0.4044851766120077,0.41867872745378565,0.45362713132323806,0.48932736896973716,0.5119956646222883,0.5215471787326508,0.5256796737826118,0.5285487795485567,0.5263550918231261,0.5174378456283504,0.5049534292496334,0.49215040778965435,0.48349024127082096,0.48290242894654967,0.49095387081407144,0.5040073438442072,0.513970333798792,0.517261771199391,0.5179631362328851,0.5175608161009427,0.5152609833620585,0.5127683614768175,0.5097003974466825,0.5038648576190106,0.49642732739690776,0.49209832985498675,0.4943554720326726,0.5027251154608007,0.5164468515253039,0.5328392754638127,0.5440153615164314,0.5440894933623519,0.5364399088382523,0.5305296994340354,0.5331206471926921,0.5427684229845623,0.5524763740484031,0.5607181601900618,0.5748119106312393,0.5965154100605524,0.6158687518124332,0.6252443048504718,0.6294064865498215,0.6366105826874471,0.6447782923701357,0.6445576764608862,0.6315588001819248,0.608617252948282,0.5837410233842011,0.5674433757659426,0.5650748139630799,0.5745209359020487,0.5885191461442862,0.5968075206422812,0.5961653045763238,0.5921915985559549,0.5860782056770172,0.5752823093029701,0.5627947487397692,0.5525842295647991,0.5468505650207359,0.5516655677034248,0.5644147655290264,0.5582443998207536,0.5117525827047018,0.44330824949450554,0.38369398816052624,0.34764734517865037,0.3495147662802196,0.39289472834259226,0.4536156211692442,0.5127240391503787,0.5700619120540621,0.6194277708903371,0.6515080578351864,0.6688706910808325,0.6773991689796044,0.6787861487060467,0.6758416380957558,0.6722952501161306,0.666413217273014,0.6550374975876463,0.6430262344457242,0.639035148669167,0.6448198265975527,0.6530650714372643,0.6542173597578484,0.6462961717898634,0.6353761575446641,0.6253169669221154,0.6156083608381633,0.6069136979080916,0.598876715114162,0.5881696129808407,0.5726768359196365,0.5548926928135518,0.5395305987103045,0.5277310166905742,0.520900074198491,0.5213723660532774,0.5214973539031943,0.5130336771454602,0.5053874308985618,0.5108768051015249,0.5217540583377537,0.5198013249052235,0.5023784234654387,0.4859449612648379,0.4836814223971708,0.4916187511921879,0.4962125310766442,0.4850579993555709,0.4567170408438942,0.42526482037598234,0.40561125621399297,0.39611807176579145,0.38361993896303265,0.3653202383791137,0.35751256889255956,0.37447746585841535,0.41036227081408516,0.4423078076746815,0.44673439781482616,0.42208554071169124,0.3886923326801286,0.3622312932756081,0.34384263024106526,0.33455639376669805,0.3369459722497538,0.34748869872843313,0.36156106675780364,0.3777925832978472,0.39373719180711125,0.4054981855765064,0.41218645521489217,0.4139378778184687,0.41073135004323846,0.40275677682994704,0.3908225772351659,0.37933437927683233,0.37123583970748963,0.36619486092491194,0.36825534453161207,0.38123940309142246,0.39982790175774796,0.4142718365487799,0.4153867536618835,0.39698364890078863,0.36738874247051423,0.35162020365578517,0.3656534849904013,0.393326006140188,0.4030015063547055,0.38345541678446593,0.3558419448617522,0.34705693362354545,0.35492265166007364,0.35889754009010877,0.3570097466852389,0.36274325007513897,0.37845755827045435,0.3932856488574612,0.40012110440203263,0.4043411132077285,0.41390769803346883,0.42614547056132734,0.42855434154206085,0.41368908229086787,0.39148650713912186,0.37663272491830735,0.3666428124185109,0.3523113340118075,0.33853721519177904,0.33273423151605075,0.3321970104802271,0.3363703677682999,0.35106788011243895,0.37587745304189946,0.3977620748414109,0.3979952647293331,0.3689225009200712,0.32423870767593654,0.2888205060276625,0.2820661818854748,0.30881752187178535,0.3551758176501414,0.39255774449797587,0.4004321213403878,0.3838291836628244,0.3608323294451522,0.34673344519497373,0.35132142061517313,0.37588512976280397,0.4104350213667155,0.43691470265359444,0.44116846170593804,0.42692108288394914,0.4072918160257144,0.38689048457931724,0.36738013199879177,0.3561096735945142,0.35544051438781576,0.3565815136549024,0.3515550087195475,0.3417387432753623,0.33637026598364306,0.3460607703784307,0.3687071241265545,0.39160243612337553,0.4090709625186319,0.41824614383353387,0.41161706530532827,0.3920255089805601,0.3754865846579589,0.372380923457068,0.3785784227233291,0.38292816431294724,0.377907003077116,0.36562960305671754,0.3584139852365638,0.369518122944861,0.39278442412065895,0.4046053203090908,0.3978022206391265,0.38645349278723234,0.37878783542105243,0.37550912571387585,0.376239247691721
283,0.5057952208419303,0.49954654005883514,0.48986116635196886,0.48218084412286355,0.48008988096006533,0.4803479571562684,0.4777157954285103,0.47078803252907425,0.4615431009436063,0.4568674088478851,0.4643557618324278,0.48288164095295316,0.5032498793741988,0.5152317539016227,0.5130851639622274,0.4997589010706314,0.4843634556947999,0.47288883282201766,0.46625490311299644,0.4660726596771081,0.4734095047880784,0.4818288539100991,0.4771563645018191,0.455208335327442,0.4360480238819878,0.4431342206115253,0.47115557047068535,0.4914348903534169,0.49027132264344275,0.4809310279413628,0.4785145945162046,0.48390902887674647,0.4889464997439913,0.48693816673647183,0.4792253463668058,0.47267877816892934,0.4699889389106541,0.46361336096390204,0.4479641670909935,0.4324713710768967,0.4290279104481196,0.43687664788125324,0.4502578289180419,0.46728189272226284,0.4846687053992425,0.49492875178493323,0.496025377102628,0.49513803109006926,0.49924822038018735,0.5108119813894388,0.5282418545218547,0.5439212808495439,0.5466795469675705,0.5305206192830865,0.5021586499196018,0.4768625626414258,0.4624915833374628,0.45384739865928847,0.4455902841870287,0.442029637389608,0.45141806513902183,0.47248994996396193,0.4882372405690475,0.4816085671243351,0.4602932268030151,0.44691443750976345,0.4477950280596983,0.458987590330724,0.48132145172148005,0.5067366138469133,0.5189801914549432,0.5129083820008709,0.4948158760855036,0.4747803952680645,0.46638017953162425,0.4790164288334403,0.5038613245560518,0.5204855632139378,0.5195143698399761,0.5071283441961776,0.4915024683803273,0.47542032075877927,0.4608951692100948,0.4536153988407361,0.46064173698135413,0.48159398388793984,0.5002996550845638,0.49755804527369557,0.476059344677502,0.45525957493036207,0.44200365023647314,0.4310754725109096,0.4289257537104292,0.4466507688169479,0.4781429964257734,0.5084686530445923,0.5313975890026937,0.5474039354987582,0.5585234719507898,0.5654223025719365,0.5645939085620685,0.5539353625756187,0.5395546396676598,0.5321531295240867,0.5350174965304002,0.5399043919023959,0.5414366940571573,0.5441589074916982,0.5489046098513901,0.5499423523915403,0.5458728641232289,0.5397149706325377,0.5349669765528455,0.5341665703334312,0.5346033810693709,0.531339322439293,0.5257592289270442,0.5247971547441044,0.5319024681261104,0.5435694544326618,0.5556393606497346,0.5647286715093753,0.5661490937650384,0.5602111625778365,0.5536423272727746,0.5504248531161245,0.5502050468065328,0.5534463587305547,0.5603840233122099,0.5712372343076404,0.5883500376483991,0.6103021642010139,0.6288085776588765,0.6377775098844802,0.6415611992062615,0.6479525352393382,0.6549129251946331,0.6532400684692368,0.6396992665615306,0.6192575076886688,0.6005262241759209,0.591004302114464,0.5909336378165566,0.5957530273882692,0.6012864110531314,0.6032237492381334,0.6022129425708391,0.6039377643225885,0.6066088160538927,0.6026319187713642,0.5906285925868148,0.5729395496025206,0.5542210305325633,0.547722247712366,0.5538477071453028,0.5364683895157027,0.46638944445585906,0.3716036943264616,0.2974342121378601,0.25919944253282046,0.26394973556665546,0.31279012408984386,0.3845219469556509,0.4640793877676182,0.5483671117458156,0.6197826759604883,0.6612306617207584,0.6787215344317524,0.6866734226136458,0.6917625871316972,0.6954818604136921,0.6978429634458607,0.6963882422606897,0.6895657584376627,0.6815081943559416,0.6782915162189307,0.6814889642390753,0.6864409219562733,0.6854812268014996,0.6764736923321515,0.6651273035666121,0.6546827823345651,0.6435264149945591,0.6327943804341498,0.6244055581320594,0.6169165975805257,0.6088146124242028,0.6007735383767083,0.5935203002787849,0.5854871077493465,0.5775224814404298,0.573575220401652,0.5705613399184423,0.5632991060045694,0.5573785293844093,0.5600583775542708,0.5658454545820601,0.5617161067335616,0.5452319389095011,0.5293096598830849,0.5243218593915948,0.5268545240579584,0.5269350172673997,0.5145660796864241,0.4866039219891093,0.4545215758900387,0.4352419667195493,0.4330179456493262,0.4369449010566281,0.4372277114137917,0.4373742832121166,0.4438507596632065,0.4571885728692965,0.47274618018431513,0.4786067985766147,0.46659516247680005,0.44551612660684414,0.4273885684659295,0.41378209755267337,0.4054853775871616,0.405186536230974,0.41099703866996273,0.4191056493602353,0.42707363157041034,0.43276595324404055,0.43523312825334015,0.4359883361432503,0.43573689371076174,0.43539893752403125,0.436362395352456,0.43801808524580543,0.4379164667614227,0.430127232169605,0.41375393829964535,0.40164386610537894,0.4057715807065736,0.42246099613730637,0.43905677816523747,0.4435527307052683,0.43002702492851064,0.40865216722096326,0.40363329402676523,0.4266321592109654,0.4565029028717763,0.45883174860036735,0.42487457760960073,0.382797092858547,0.36524734269686004,0.37131441533030046,0.3788741235102937,0.38305616007363447,0.3945545784993052,0.4150540648540712,0.4332844965524862,0.44022858519665453,0.4405424086720364,0.44290470897046375,0.44672991483302876,0.4448350086385677,0.4340807392571873,0.42150844988233016,0.4137176548859219,0.404810200634726,0.3880022270138759,0.36766075421461375,0.3524116492950018,0.34818738916555303,0.35619486628875324,0.37300907887678725,0.39408682518083304,0.4114043763697175,0.41389611134252013,0.39943834754930907,0.3775640258749735,0.35991974868282917,0.3569493631787316,0.3754658859780562,0.40800016717216947,0.43197729036848254,0.43176858588478984,0.41269269157544247,0.38982362331505294,0.3797253265826427,0.39444568352766785,0.42950803256986614,0.4663070917072609,0.48757599893610515,0.48727511793853934,0.4715497515960137,0.44978330038658043,0.42648961633569205,0.40651484482962796,0.396650315285107,0.3958451232479938,0.3943954039615668,0.38625219181038084,0.3732160373753207,0.3626760909486415,0.3664565063280709,0.38674788486549194,0.41128322930442773,0.43189859037027184,0.4450837307411148,0.44230109055129074,0.4237717125570808,0.40375155896392356,0.39152250717043896,0.38566389010688,0.3843964305350693,0.3842104359371348,0.37903102381951326,0.3746291856887437,0.3869250400341594,0.41480079475062914,0.434462724910403,0.4332572467813738,0.42228027896858455,0.41150927732878373,0.4029854970504144,0.3986006323881974
288,0.5404707390292912,0.5351102579455944,0.5297794124683752,0.5289620496324856,0.5297274754902016,0.5236243412807247,0.5082141208973798,0.4908801401297229,0.48033721592017287,0.4818351713708221,0.4949229604572693,0.5136657487070986,0.5313190761052836,0.5403219277909603,0.5350506416345117,0.5203687493249265,0.508074692446122,0.5030573757882966,0.5021577148733838,0.5056735546552145,0.5171822641369823,0.5310952994487697,0.5317359865578809,0.5133721350415112,0.49381256753645564,0.4952009334238777,0.5145846038020141,0.5273933153823449,0.521139821808522,0.5085281800562895,0.5056115362940587,0.5127089022455218,0.5188285762954448,0.5164097792961874,0.5067962510162014,0.49710717901989687,0.49371587269467077,0.4931480474639957,0.48857619154812193,0.4830531500361184,0.48314846410568346,0.4881467554924537,0.49442769609252274,0.5027539637895276,0.5157157136842268,0.5310452307273368,0.5435745389603666,0.5507292104391812,0.5524278296237654,0.5521127055588575,0.5570573976336721,0.5697057583313972,0.5794495062537797,0.5705145714146558,0.539979154724604,0.5038797931844541,0.4811367263784893,0.47442621389726675,0.4742381903828724,0.476146307270949,0.48467556922875166,0.5014328476643473,0.5142338316123429,0.5082941817442588,0.48968643817167873,0.4791732209425539,0.48492200186609496,0.5027601451235068,0.5271788361563192,0.5466048968391457,0.5494819006594782,0.5358365915270578,0.5096368688127461,0.47664920609162653,0.4553998891512203,0.4647113009195553,0.49588008512152637,0.5219704606550576,0.5304589003171631,0.5257108939793071,0.5131240555246277,0.4979520013970092,0.4879775582132039,0.4890456545961317,0.5039386422225968,0.529291714102601,0.5483522136074376,0.5435120685688057,0.5192348022140953,0.494144408007183,0.4759059402031577,0.4648414570926471,0.46823075497591204,0.48959839130506944,0.5177410591122404,0.5408152437269855,0.5588596078384994,0.5745513184142752,0.586226710316579,0.592223510123171,0.5913495578394385,0.5825262045182638,0.5714284364125882,0.5698505301212711,0.5788350679438303,0.5843566968215469,0.581115219327109,0.580239561268759,0.5848905900879018,0.584692961764382,0.5765670407863506,0.5675333128275064,0.5622328861836516,0.5603533667216277,0.5585688263495127,0.5549543539322235,0.5541699152158079,0.561922908988945,0.5759491707231467,0.5887250170939389,0.5962832984406831,0.597299874710205,0.5899319184110949,0.578139603162049,0.5702715242579167,0.5675274617743398,0.5666187241809948,0.5696159225433586,0.5795304462988606,0.5942451967141522,0.6106669868872974,0.6270555887301119,0.6403592394067517,0.6479515448820384,0.652340036373511,0.6575694405977468,0.6605939116795695,0.6544377320766308,0.639628548567563,0.6240539731183314,0.6150528247326366,0.6142913944394545,0.6167671441839874,0.617244605814595,0.6143370256487596,0.6087307844144241,0.6055224166686806,0.610342436070911,0.6183598246878272,0.6195422965305348,0.6101696016385029,0.5891452240891583,0.5601513993326331,0.5403962192821384,0.5320455637384485,0.4933414805454954,0.3921656702192832,0.2662464169195411,,,,0.20988723935751724,0.293308216516999,0.39588390426872855,0.5121498977410219,0.6111051815809745,0.6666427589556246,0.6876511391405471,0.6960685619763283,0.7027797454785257,0.7085845773292707,0.7118496019961047,0.7117146475676701,0.7089421106109282,0.705832619326942,0.7044175240548067,0.7054422867797974,0.70770214487418,0.7071407204816462,0.7017442963539575,0.6945806795022296,0.6860563478823587,0.6740950442809743,0.6621680655881043,0.6540623655811979,0.6483064299412672,0.6443158366994308,0.6437451778524185,0.6446183533225858,0.6413017752089663,0.6324254862693244,0.6230633475862968,0.6161658107282288,0.6105877821998773,0.6069376362434016,0.6064456966648624,0.6058522099519583,0.598368801434698,0.5827704246195133,0.5678570987091254,0.5613850780377561,0.5617959996966252,0.5623734169831098,0.5539693742454226,0.5298974730746364,0.495687788077248,0.46843316679095715,0.4633275227543593,0.47876594639935066,0.49753734139880856,0.5049487853564602,0.4981256150252803,0.48645695026896596,0.48446398954759334,0.4924224446491037,0.497284266722467,0.4943727498839068,0.48795644335542676,0.47985290998276053,0.4725125937196404,0.469077899104057,0.4681364841484008,0.46593084165487597,0.459633219270257,0.4499273209083101,0.44326920804174463,0.44590667152466834,0.45582786295062244,0.4684617327069611,0.48097980540050767,0.49024360733659894,0.4921353260460608,0.4795308046605326,0.45287673270280127,0.4294873894722442,0.42661181689011707,0.4427254157282682,0.46243748805512963,0.4722284222882447,0.4696358162918648,0.4639075652948999,0.4693039832176711,0.4910692125116628,0.5122277419679931,0.5051348813742201,0.4645145347635175,0.4182557554247158,0.3965622422336077,0.3995733972582275,0.40923685450053027,0.4181136699424297,0.4302763380325598,0.448386702229631,0.4661773922352819,0.4741325164424329,0.47239467842765204,0.46754947045161555,0.46314911136814146,0.4594403047772109,0.4556379491780644,0.45356251141246906,0.4545228244612437,0.4532970958595738,0.4429602586553236,0.4222016010865544,0.3995203315621851,0.38961254421241664,0.3964493991532254,0.40957002151295896,0.42092040161522315,0.42763891006440785,0.42801906788347754,0.4262844855732008,0.4267773776305431,0.4269387337829258,0.4274099962262321,0.4355430969289622,0.45007792028283755,0.45763999992669635,0.45167498561125896,0.4383120479481001,0.42529075794649446,0.4236563250122748,0.44401142308665337,0.4796353309021827,0.5106835162517583,0.5241897432060099,0.5192610670130744,0.5010456269307185,0.47726628483930195,0.45629691086889385,0.44434863322464707,0.44220005344641355,0.4440356146232836,0.44221209208897194,0.43539246061607656,0.4260611246359442,0.4165914346640486,0.41484127890276573,0.42571321943412965,0.441688953613252,0.45669132578977095,0.46811998303231844,0.4680315084527471,0.4557223390310689,0.44210927491738483,0.43192707959985444,0.4231765707902937,0.41984148021256457,0.4211236658629265,0.41532584792388455,0.4048087051518967,0.4096333880033644,0.434851067418618,0.45859826877352544,0.46319091998434575,0.45512791386794266,0.4460744337838983,0.43943520838806605,0.4358578839876599
293,0.5752036293336333,0.5704087272176289,0.5666319313835106,0.567974423188576,0.5688266329718477,0.5585489348931889,0.5363521918826992,0.5145622532496588,0.5055732699331691,0.5121163750433655,0.5271894664669393,0.5425873435911667,0.5559700096281421,0.5634322522893036,0.5591040340762066,0.5477128391534116,0.5409181346807854,0.5415546447492039,0.5441579289657565,0.5478552265722983,0.5565915314087453,0.5680873236771665,0.5716170953422455,0.5613533886489419,0.5469920175779291,0.5430657455976723,0.549555699629591,0.5521041779255673,0.5424062227022772,0.5296368980002615,0.527526045003297,0.53625195594032,0.5445136443289406,0.5438879474740743,0.5333160784165187,0.5199007148718446,0.5148586053454562,0.5186066273251996,0.5228819758294595,0.5258472398734195,0.530467633004763,0.5349732624965257,0.5354442341031063,0.5350315038261151,0.5420071442213725,0.5579807293811971,0.574806387589671,0.5830200489553196,0.5802334565951437,0.5728403341274915,0.5718143044299868,0.5837798444178697,0.6011023561240112,0.6050329287713586,0.5843058509931061,0.5495744053274474,0.5229877179804894,0.5125584948886587,0.5098963538986814,0.5094120260861511,0.5142415179413363,0.5266961789796459,0.5379993391402433,0.534721697593075,0.5196826845755369,0.5115474360184259,0.5205852631497169,0.5413576701749199,0.5624371246177224,0.5715073632572891,0.5636067412628063,0.5445012684238725,0.5172400383227319,0.4833863523253532,0.4610921823342639,0.4710860424118761,0.5035473861591641,0.5306460153556959,0.5418888599155023,0.5416850650907492,0.5332802173772528,0.523250997137991,0.5212132531931499,0.5294731369047866,0.5462334815943812,0.5684178680752853,0.583506711635251,0.5777939472242664,0.5559110641010796,0.5335839137275271,0.517625481953448,0.5099799857861255,0.5162852210388105,0.5368627940072812,0.5607511649262733,0.5778001980360764,0.5897298780382039,0.6004190322298126,0.607071336083563,0.608398094614651,0.6072725189597272,0.6038995350639433,0.600008365792556,0.6028502308305485,0.6110783169013896,0.6118524080517517,0.6047864326816277,0.6044626376215099,0.6115413050697824,0.6121638511875308,0.6050384536165507,0.5991787187167388,0.5954780609218369,0.5901810736721997,0.5830087896642995,0.578238272919157,0.5835938450290824,0.6007605734850868,0.6201411828008292,0.6322916442414435,0.6363280848362913,0.632892662925445,0.6205039742420548,0.603700734576841,0.5919795397856467,0.5880550039464472,0.5889441718275362,0.5953990762401343,0.6086831689129926,0.6238570352754413,0.6352580354355108,0.6428873170698384,0.6487986153893178,0.6535929099341196,0.6579650164675457,0.6613933645015264,0.6591159307473977,0.6473639780529465,0.6314194271556155,0.6211655824980975,0.6214380858783883,0.628488156694664,0.6335005073255662,0.6313328511422308,0.6226619357957905,0.6112213014768264,0.6043968586339321,0.6066687874597305,0.6118680261030016,0.6125466741713169,0.6070172968681842,0.5899465672348194,0.5583882858796639,0.5275733077860898,0.5011028104387054,0.4382424551040969,0.3093273520933934,,,,,,,0.3198265212644285,0.4677624069272672,0.5962009304980811,0.6697918324442746,0.6982758666832193,0.7086518272902975,0.7150516965833645,0.7190843038194716,0.7197384923847355,0.7184611448654845,0.7175960789683182,0.7175458015310906,0.7178145914348261,0.7191520000503067,0.722013157125958,0.7237361369874652,0.7219918947692663,0.7180454376646721,0.711294144031412,0.7003804130368512,0.6892459749474319,0.6808358608695282,0.6734586804436586,0.6685863349571493,0.6699945611620028,0.6746401039616576,0.6741766034472654,0.6652922961581855,0.6534591741768033,0.6462456488383881,0.6449529504384223,0.6448406675598791,0.6418689150649918,0.6349091652858976,0.6231897673141353,0.607403848110601,0.592427178037132,0.5836233213708921,0.5826571400350413,0.5867475767256776,0.5860564559237105,0.5686733356967658,0.5341736388033845,0.49926833908493196,0.48767008782035365,0.5062712219912042,0.5345460385093306,0.546069592987563,0.5320009449683315,0.5067733838363166,0.49427810941276934,0.5018452717701318,0.5169189986411378,0.5274402167346377,0.530209727770503,0.5263465800930143,0.5205795228509085,0.5167849283985103,0.5122276685141839,0.5013936912791266,0.4818094652119662,0.4580856392673729,0.4438495596222124,0.45045311317229414,0.4737590112374429,0.5018009030351552,0.5243865101383269,0.5347337885905159,0.5302897331103756,0.509697390087387,0.4777168490117827,0.4510686415673873,0.44627426572146045,0.4630011203506684,0.48563805728132636,0.5008914326046188,0.5089843956970164,0.5165328503069008,0.5269248403441805,0.5399764533513974,0.5469463534894858,0.5322936867079425,0.4952543132749555,0.45778517380178685,0.4405136400639657,0.4416931020045911,0.4484149939088893,0.4542395799836241,0.46100507535841423,0.47359627847379765,0.4894392178508862,0.4985025473605508,0.4963753900138673,0.48672703654656796,0.4772228276640065,0.47477900099712644,0.4784733897002956,0.4835835210286512,0.48927367073275596,0.4950212273209764,0.4940486462424313,0.4789952682202395,0.45620936216448554,0.44273582113801346,0.4439817050081072,0.4499377760332575,0.4534069160201648,0.4540400827901352,0.45472289320712533,0.46117271265005416,0.47291377252083777,0.4805471664604788,0.4798866286887463,0.4775742264024788,0.47762047179459,0.4755443370884491,0.4703113904780366,0.4666400713173605,0.46700462602869386,0.4756788969008542,0.49662855600043054,0.5222550840101223,0.5396435728420899,0.5437255559335883,0.5354684065171424,0.516306612028347,0.4924383426251614,0.4763156755176303,0.4749240146247613,0.48289266209579035,0.49052760005859286,0.4925661425206761,0.49120191140268304,0.4897201033399544,0.486968438468697,0.4843719229629182,0.4848363845014283,0.48621141443586585,0.4889986533067432,0.49432939677137816,0.49546735570187805,0.4900506789588891,0.485582884307753,0.48457222612494366,0.4834693257808604,0.48408639580104385,0.4842631158626086,0.47262965430898696,0.4533116300809169,0.4482823002039809,0.4647316617872572,0.48373961916574704,0.48796413027460944,0.48245584472409264,0.4789823719599845,0.4793213106943486,0.4802887821756887
298,0.5974171420954119,0.5942807454783672,0.5917572688202345,0.5934611666007792,0.5946724446268539,0.5856376465212778,0.5655267293691739,0.5455933064352325,0.5367948476980167,0.5406686401570664,0.5508790204689795,0.5618060160150042,0.5730001405159734,0.5808169533725867,0.5801121250015155,0.5753738534652064,0.574073210613024,0.5753766569398052,0.5756450301434473,0.5759893895374517,0.5789170307709279,0.5843262575888155,0.5882958501013937,0.5863695361871123,0.5801565902365817,0.5755808320905128,0.5741609237894009,0.5710699700564553,0.5618300892447015,0.5504953836396996,0.5467662542258329,0.5523421398359821,0.559642187989043,0.5615344834193454,0.5545985078510252,0.5436224326438679,0.5391076285175573,0.541936462356127,0.5456616023021067,0.5496315197045327,0.5564006074105028,0.5626321772694435,0.5625494050262311,0.5598037564403052,0.5642746710143881,0.5776644775310829,0.5913414499473113,0.5957792052339386,0.589429217276279,0.5796251736270184,0.5773665665541101,0.5903929265040061,0.6139376534511913,0.6297976380487096,0.6225452173993935,0.5969185693987199,0.5715260869391386,0.555145334317884,0.5443286364470976,0.5384842635053368,0.5408417404095569,0.5511948411941658,0.5601124227147263,0.5543971603049227,0.5371841483773863,0.5290858793904494,0.5412686113578724,0.5642884468874202,0.5818683395646248,0.5821914217530185,0.5648514025968999,0.5408197793844908,0.5178302798129634,0.4974069484867709,0.4899818140416812,0.5062794367728022,0.5336411704905439,0.550633846051351,0.5547973606590555,0.553817070871941,0.5500865784409069,0.5482254041781538,0.5547006219154568,0.5667271903972935,0.5788724211485144,0.5904145072101354,0.5964346711784718,0.588899653445063,0.5712861276087632,0.5556740928968477,0.5479953538832614,0.5484380148943829,0.5576349721919478,0.5746316868440782,0.5922838310254549,0.6028726991915774,0.6085243158772751,0.6132275434633412,0.6136439984742984,0.6105483429805714,0.6112107583293811,0.6159303835372025,0.6212288365661309,0.6286272998937609,0.6348271580459011,0.6302769444003093,0.6189470365274639,0.6163228965673753,0.6223637155721624,0.6246866373647523,0.623924376168692,0.6259861279322673,0.6251281832010955,0.6160379682319361,0.6040312769833072,0.5992042655384262,0.6097962544682817,0.6328675440848359,0.6541970221628532,0.6649023418617381,0.667113405579392,0.6623929671751392,0.6481911230049553,0.627200719612165,0.6095778338182032,0.6026062851835774,0.6055838067530349,0.615694107113473,0.630072290546239,0.6427956469571797,0.6488338822957593,0.6492713283118579,0.647889269171531,0.6474581146933023,0.6497432654822699,0.6530855154645425,0.6506503948129263,0.6381213959674342,0.6222513815447868,0.614506434403369,0.6193405017610123,0.6304897788803052,0.6368736362629291,0.6332637041546909,0.6217375435906634,0.607119009573123,0.5955058262607753,0.5885211574256363,0.5814348465017544,0.5747811874854626,0.572516764046912,0.564649441078107,0.538988170808332,0.5060671295373115,0.46891036012083853,0.38876383756464034,0.24125016088133655,,,,,,,0.23904958943775792,0.41469648936092307,0.5721217502919314,0.6667911956666813,0.7066484980370689,0.7212701196785267,0.726914959704348,0.7271373510851914,0.723742055275259,0.7206220098901883,0.7201670472747592,0.7206038831546734,0.7206500192012785,0.7225024737242766,0.7268452761065007,0.7299401274248188,0.7293005903207644,0.7268019622210786,0.7230034296728254,0.7167703987991303,0.7091278128776445,0.6999457169691959,0.6883459055735244,0.6792896725146784,0.6792510107561593,0.685188862722839,0.6873454408780595,0.6809710017420689,0.6705641452441683,0.6650348628913969,0.6669483199648729,0.6690829620452626,0.664343978291525,0.6527421270486482,0.6378983220426319,0.6221854586711064,0.6070630950675129,0.5949288274736277,0.5893881071828139,0.5922122223687354,0.5955705829885682,0.5852673354710121,0.5573506457254827,0.5264327615685505,0.5154368759892236,0.5321664235693118,0.5587530487808627,0.5703929828778256,0.5582327055573847,0.5350989597586296,0.5213028935965224,0.5243570571278544,0.5373130844882268,0.5501470549326238,0.5564278368182249,0.5553857091489625,0.551616656517314,0.5486304531108324,0.5426774958061545,0.5272315967735377,0.5008593397101909,0.4702730151966632,0.45112008919537305,0.4574026884944582,0.48572803718028934,0.5203781992443026,0.5464849967618242,0.5550243860532518,0.545163656896248,0.5224693921230824,0.49570849821822704,0.47596008246452715,0.4730620813391453,0.48732510160737685,0.508671178003854,0.5277691872594398,0.5436129729585761,0.557541716509265,0.5663790550594496,0.5675381087159932,0.5598284957181705,0.5398101065079266,0.5101700701117153,0.48481988602691983,0.4759859590927148,0.480463515191786,0.4859950789212152,0.48604407708135766,0.4846071588698973,0.4899474769727892,0.5022323126826672,0.5128597806402189,0.5143279228021651,0.5056369960752367,0.4947787656183703,0.4918020655681159,0.49599055268045655,0.5010603541417592,0.5081719686096973,0.5198463558464052,0.5268371832268601,0.5178298454737302,0.4987376547162166,0.48576131232782027,0.4836134021803321,0.48519527869242113,0.48598335140104676,0.48701808012894254,0.4918279719281454,0.5026496763009926,0.5154823650097159,0.521863841298333,0.5174848187417189,0.5074963524913736,0.4997946468198279,0.49600687095138707,0.494955260687142,0.49776378737095983,0.5064561815206239,0.5225280377001211,0.5416438316559612,0.5534706511839291,0.5531730734419658,0.545424327980188,0.5343149436313537,0.5177424926677142,0.49811133209865344,0.4879575651275063,0.493738284280413,0.5074868492911626,0.5201634438154741,0.5294107961529695,0.5365559768457341,0.5424655674963825,0.5458374536372573,0.5456789715856067,0.5410737328256129,0.5319148945580818,0.5250146740618865,0.5259551102844715,0.527846435876369,0.5244435949721549,0.521800177171314,0.5263584434083501,0.5352902847703195,0.5435081015346526,0.5444966988552576,0.530027806994923,0.5068234389901082,0.4950756119392282,0.5011815941373391,0.5100221791133228,0.5082401552871699,0.5016545187243409,0.5013109393650433,0.5068258404245367,0.5115702089635871
303,0.6018114213099013,0.6001469353206702,0.5988991047616278,0.6010954305383309,0.6032871490940278,0.5975282391445977,0.5825066123918783,0.566098076413468,0.5560976134692627,0.554266529130228,0.5584203810316547,0.5664822112999844,0.5770032046315434,0.5851155326677862,0.5878652702525504,0.5895352874190338,0.5921973295000569,0.5917195275821743,0.5872451924894584,0.5828546892380144,0.5812067343222043,0.5833536961761681,0.5878043008438318,0.5904109942515969,0.5897713454988172,0.5877431639187649,0.585570967124915,0.5829433309955787,0.5775557215112164,0.5689854522171405,0.5621988033876554,0.5610355934924149,0.5638292032758995,0.5663418244043346,0.5646474864869313,0.5601251928430289,0.5570435377121045,0.554142231814802,0.5500636102656116,0.5493079246831306,0.5558563294649772,0.5661042551621984,0.5726233259118333,0.5761580869739371,0.5826685802622092,0.5911419766720605,0.5960536397988607,0.5947050156281521,0.5884677396421734,0.5818901758039807,0.5821069169898363,0.5959833640467855,0.6211239039339254,0.6415711542083122,0.64148285022498,0.6224620358443665,0.5988569720004602,0.5792694087125451,0.565929092560314,0.5618182925570121,0.5665752247430795,0.5748480418127062,0.5765308810769795,0.562309195717478,0.5406917425339203,0.5342700185527183,0.5507355997498188,0.5757461412244518,0.5907934934699046,0.5847955311291445,0.5597214734201018,0.5311560276584997,0.5137069408167384,0.5103304734254549,0.5214197078754885,0.5446646556098506,0.5654605501327725,0.571198965377925,0.5670471463786113,0.5631921369586498,0.5621355938978234,0.5661204097393959,0.5776687249608721,0.5905284533192572,0.5967592238704311,0.5971379858192571,0.5937879059328286,0.5840656195692737,0.5697463583743894,0.5599762064903262,0.560773696131873,0.5700992182744145,0.5835789721947043,0.5987031838075597,0.6101395933792698,0.6124753592735015,0.6103081122558613,0.6087552227864662,0.604278983111675,0.5992338894312742,0.603014665386298,0.6150515396622889,0.6286676657118944,0.6414783647194973,0.6481591181175059,0.6409062448422487,0.6253257385406785,0.6169361876159726,0.6185157408863965,0.6220044349839661,0.6272560032012656,0.6345885248670299,0.6347902938497981,0.6241463467996973,0.6115637990731381,0.6088985422099915,0.6230867926739029,0.648327209758227,0.6685966267557553,0.6755908363886006,0.6736429194627814,0.6671030913331544,0.6534796631996227,0.631395673541062,0.6096910761118064,0.6003942740913338,0.6057379179928559,0.618772303839102,0.6318274364110479,0.6402610598127644,0.6427595006082801,0.6404267000487323,0.6349511848213164,0.6294235512956601,0.628565276224605,0.6334291716819471,0.6363259139313965,0.62865201421087,0.6143798660985935,0.606185867979267,0.6102191228452722,0.6198675693614533,0.6234674989690658,0.6165989321069647,0.6025292524957653,0.5858206136314201,0.5698786473908178,0.5528233084311325,0.5311133078693268,0.5136824348741238,0.5111812240471818,0.5102558359160052,0.49265183389963463,0.4671548018274625,0.43270325469619586,0.34567108558473963,,,,,,,,,0.3477473599340167,0.5327637119739338,0.6495878178522125,0.7028222728404221,0.7233786017568216,0.728835063865457,0.7255082748277895,0.7195086757654747,0.7162981484786138,0.7166858209506577,0.7167335891989746,0.7145663946692123,0.7138585719621962,0.7162111754300908,0.7177993746783567,0.7169924830678478,0.7166297319640506,0.7175381042263429,0.7174262747843121,0.7139998772214262,0.70500386808869,0.6909984871343522,0.6798729266404866,0.680312420068045,0.6892299712111214,0.6953153671832322,0.6927229466856475,0.68484675354998,0.6797638240165096,0.680922549818815,0.6824534625392944,0.6769126897397161,0.6637237056785236,0.6475195684107041,0.631252248236836,0.6151244905030193,0.5998374407394871,0.5881030806447484,0.5839483204845953,0.5854409786263526,0.5825666620228593,0.569731998222563,0.5546309227343762,0.5504711663898306,0.5612108097425416,0.5772902826948082,0.5851377012423328,0.5794165165237559,0.5671964745496785,0.5579228371101729,0.5543533697888934,0.5566075644942835,0.5631934752675689,0.5691382101016889,0.5714972347970212,0.5719299245621765,0.571225310102152,0.5647269087134597,0.5467074384627739,0.5178912554427901,0.4857445878290049,0.46404019730554014,0.4663876505083896,0.4902409290845644,0.5194524743027427,0.5406464582490774,0.5467568261966952,0.5374074149354682,0.521449421175767,0.5085223722262691,0.501519567195507,0.5015708104059259,0.5095526228077721,0.5244104528082171,0.5442168386015829,0.5652062015623134,0.5816376804303807,0.586885879208334,0.578224384205007,0.5600674113428303,0.5383090706768273,0.5159697590373522,0.4980478468133291,0.4940595561081851,0.5047783882886554,0.515850913920817,0.515415234759522,0.5071600638753382,0.502373329931999,0.5074584409730313,0.5200809765539649,0.5303611939498658,0.5289999896330053,0.5182987251370166,0.5068928226619449,0.49765586932242745,0.4934206270713102,0.5026407587404393,0.5244074812133309,0.5403815620443304,0.5366050897010822,0.522103104919347,0.5132167207837339,0.5124873195975154,0.5131707356719957,0.5131096547666705,0.5165781401517785,0.5266466259172289,0.5392487363176942,0.5480061574381809,0.5494964841994594,0.5423532121956087,0.5305273515609688,0.5225706264288398,0.5215136384710278,0.5232761098985602,0.5252701950225802,0.5315005027448051,0.5462161232449144,0.5625507206247836,0.566897153699298,0.5554146361578174,0.5378934514392111,0.5236952314702452,0.5107891552764918,0.49729511150417727,0.4915271641116035,0.4978402674642529,0.5100203481073768,0.5243856899863449,0.54204507662086,0.559897316733064,0.5718925902823098,0.5769635965903204,0.5772056842452056,0.5714141826119041,0.5597123484705504,0.5514833341726757,0.553725881279955,0.5570531416206543,0.5509666879110462,0.5427338056845152,0.5458358676177162,0.5594688753362512,0.5720857704364275,0.5736672363015343,0.5597199109624762,0.5383488739037281,0.5259268810268244,0.5268352115051702,0.5289630299468855,0.5221721666195082,0.5121775097768025,0.5097467276813787,0.5153938022514982,0.5214676281327516
308,0.5971672728279036,0.5941572598625089,0.59095257966717,0.5915971338036796,0.5942730213640561,0.5921631129981244,0.581993191956264,0.5681362994824637,0.5573234011822306,0.5527976973132669,0.5547298887754658,0.5616563890055128,0.5702226812226424,0.5765395514210804,0.5810468852080499,0.5862891260935459,0.589906620895696,0.5879256566565623,0.5817263917757335,0.5753774615294466,0.5718255560842749,0.5727875423310953,0.5756727301480367,0.5763463620640785,0.5754407366999801,0.5755107839156928,0.5768944297867851,0.5791768552573973,0.5801795337379048,0.5765637394291374,0.5692066175416435,0.5631893837338653,0.5610810587787791,0.5603431097655271,0.5584537163020636,0.5564645191648356,0.5536976550068204,0.5467275850366132,0.537698540365369,0.5334784356690078,0.5389015029577149,0.5533349124182756,0.5702661773607689,0.5846896648711759,0.5943770069110501,0.5957988075387218,0.5897120805651821,0.5826280021411554,0.5793373892412417,0.5802841635277778,0.5859262805917379,0.5994808936858564,0.6204146123378527,0.6369660777160691,0.635283023161964,0.6160656515014229,0.5917814149012622,0.5721315759396469,0.5631370804511925,0.5666645538409022,0.5756075496930753,0.5806521997563547,0.5746285011109941,0.5551220092508745,0.5351349114219786,0.5342473747205829,0.554298033955583,0.5793752942467325,0.5917261716337988,0.581293619140771,0.5525570212442766,0.5236465750008603,0.5105531011030144,0.515173466283388,0.5328861082802837,0.5566656311576714,0.5742885519414112,0.578573568739897,0.5742970284372424,0.5691750673982995,0.5671206214661568,0.5710024089261765,0.5811499627813703,0.5908634246436919,0.5933464227853401,0.5900976003729135,0.5848142577302513,0.576353544702211,0.5656171703124723,0.5603154326858014,0.5657537434743631,0.5783666500152616,0.5928082388030889,0.6067478891514677,0.6144204239632728,0.6106738302581819,0.6014933851727327,0.5936205740185361,0.5857175830676395,0.5807227109243747,0.5858855052252789,0.5999365373570871,0.6173440927980991,0.6341494561567753,0.6424135893235332,0.6345398851912796,0.6163973756960666,0.6034300868676413,0.6019151885475464,0.6070157374302019,0.6150098178323271,0.6214158171792195,0.6193113786082944,0.6096728388535853,0.6009119268394295,0.6013586334632917,0.6163891511948725,0.6404126121327112,0.6568430622302766,0.6561950772422809,0.6450635825215667,0.6342688575395494,0.6236312890701822,0.6067409765843803,0.5889898619462866,0.5839601075858377,0.5941737005237067,0.6085339015901379,0.6162283920426888,0.6169447479896375,0.6165689439814759,0.6165805755547434,0.6132442832755384,0.6062282376744951,0.6015414062779576,0.6040661138683565,0.6083142529877871,0.6036564471799186,0.591437528290952,0.5838474031174505,0.5858078649835499,0.5891106453993997,0.5838585615147998,0.5695582755928208,0.5509854302647172,0.5317671645617604,0.5145734270797604,0.4950637568494984,0.46616822905053623,0.4391864724710308,0.4305820277971825,0.4274579044910729,0.4117435273792531,0.39582224876016625,0.37291521415690876,0.28685170988786907,,,,-0.24975762715561617,-0.24420937689550826,-0.202571414453398,,,0.2644808843060181,0.47428087609957004,0.6104597630128634,0.6750664888144271,0.7011887156998606,0.7077414874506129,0.7039893553279148,0.6999279325402601,0.7002542068315212,0.7031154306683003,0.7036014985596937,0.698771139432942,0.6923468733939377,0.6884461175198793,0.6861951489495821,0.6856553312033231,0.6887362304396082,0.6936084362807347,0.6963591749240555,0.6948589693282955,0.6883620519381763,0.6784584590337781,0.672179739054125,0.6773279751477344,0.6901929337623476,0.6983745715237432,0.6962590278197416,0.6884482253308635,0.6828069707825897,0.6823151518222212,0.682163090908232,0.6758731368362918,0.6626995289393574,0.646630346981284,0.6299147348933973,0.6128367600234276,0.5964514416829239,0.5814985851262175,0.5708649042860487,0.5687135679076557,0.5732386907710489,0.5781176070073034,0.5804129919754002,0.5814628727078448,0.583240760629885,0.5861446637483353,0.5874031135665396,0.5851229160372207,0.5820097989055242,0.5776302905707309,0.5687073858545472,0.5604471281698283,0.559920294764071,0.5650685842102213,0.5720329116133246,0.5799902878744199,0.5858523405421745,0.5823932103834165,0.564508475673636,0.5354589715357673,0.5032166855779615,0.4790778618253906,0.47527991006170467,0.489413198542443,0.506400016160043,0.5177832388274091,0.5208872640917988,0.5151505324226215,0.5092103017061569,0.5108292757502092,0.5157483097019195,0.5185899279082007,0.5205058332334143,0.5272916578324054,0.5438464482382405,0.565590765586561,0.5820871248786277,0.5858532245240217,0.5752753683486593,0.5566763037802624,0.5392234652071798,0.5242262084819056,0.5106005305909836,0.5082239798986944,0.5229659544215708,0.5395707097040313,0.5414143130661,0.5296032335380617,0.5163560439995823,0.5146389945860067,0.5288820215536519,0.5474671523592367,0.5530004443357254,0.5392138120855839,0.5105413516442951,0.47685193612377785,0.45738549547866497,0.4697868698652171,0.5048170439672325,0.5318767253101216,0.5355432437121016,0.5286830464093139,0.527235060337168,0.5304774304408132,0.5305376007937134,0.5287732366632414,0.5344445593911452,0.5486952539873422,0.5604987391446528,0.5632599326492523,0.5601740001344866,0.5534363029631455,0.5452908997874577,0.54168906110503,0.5442283065858968,0.5469718719818354,0.5447051058884177,0.5414287324529233,0.5456152585452346,0.5559510455577316,0.5602272485542945,0.5501399747176409,0.5317136577711896,0.5159527095559481,0.503684921702156,0.4917927209329648,0.48424963427021617,0.48484691153913684,0.49243371090154875,0.5079574197996206,0.5333943582814453,0.5613559347318253,0.5790469202528302,0.583915539079983,0.5818195400668125,0.5750312946417302,0.564907699760184,0.5599917521967561,0.5656522152599649,0.5702643382157515,0.5610682795185455,0.5470161143114518,0.5463498528169718,0.5589516450140672,0.5696802579943525,0.5689570385376647,0.5567626631164936,0.5405501102584953,0.5313509356526556,0.531779875297907,0.5328330308342737,0.5259670217823469,0.5141326452573982,0.5070844945909668,0.5092339827040187,0.5148486858078228
313,0.5888154498655339,0.583212324609872,0.5756706976438887,0.5718585513847644,0.57360036252052,0.5763819879489234,0.573184146456085,0.5628972486178889,0.551789079099973,0.5458542823285836,0.5472944481965764,0.5540389161015902,0.5600644116643487,0.562885864949529,0.5664980603020046,0.5713128419676947,0.5722752597031175,0.5685497443776534,0.563854007970085,0.5592568638518967,0.5550449722032378,0.5529554737192078,0.551108022683955,0.5470528368854857,0.5439241390644863,0.5460546295415363,0.5531239701799138,0.5619794125163832,0.5690671473603448,0.5710779743320017,0.5674895162968443,0.5617565204103219,0.5557943417298221,0.5477444961462412,0.5390139934356906,0.5341189449192865,0.5311117315398123,0.5250494235382003,0.518310446330203,0.5159701532298795,0.5212237808504263,0.5369308038378384,0.5600764784563972,0.5809632704255164,0.5897597990372652,0.583210150454022,0.5691700312691951,0.5594262410695046,0.5592256443882617,0.5669010191776611,0.5787492138587029,0.5929360715314149,0.6077761055205946,0.6157309027188105,0.6075305759059146,0.5851959787720584,0.5606748998906037,0.5436870745724455,0.5395763689129517,0.5463894849338751,0.5540363117456999,0.5554585728479708,0.5480588695034933,0.5322218307799438,0.5195018338225503,0.5238282931545586,0.5443161018582743,0.5679460970860228,0.5784421345696823,0.5666414053549711,0.5407875287795916,0.5185618531883616,0.5095476285330846,0.5115404527923642,0.5210704425805412,0.536426480258521,0.5528817999770812,0.5644371859227024,0.5674852476628703,0.5632224336545367,0.5577925425419078,0.5566137609436367,0.5584006906316991,0.5586842036647102,0.5584148521297663,0.5614595080876175,0.5652930308173499,0.5641511311698131,0.5598280385012915,0.5601378212029381,0.5674878628120115,0.5767869739860225,0.5850236244944869,0.5932387082426507,0.5977069044486054,0.5931644876518485,0.5825685935441448,0.5715843798192753,0.5625268018778027,0.5587289820362419,0.5626001646445175,0.5726743013459592,0.5880244144387772,0.6052291061092968,0.6140799686266288,0.6069230964206408,0.5891925839500872,0.5750873334218791,0.5725431274068484,0.5785196811579169,0.5867252216944019,0.5905206005564231,0.5866563897182537,0.5801064889451506,0.576530521070217,0.5784728677698905,0.590065766476682,0.6083710612316819,0.6172958421241126,0.6052935611842862,0.5813491361494147,0.5640292548728185,0.5571217922169374,0.5515420341656914,0.5487983103184697,0.558067891394499,0.5761211796134862,0.5883433691929647,0.585979525452806,0.5767316118418291,0.5744215888163862,0.5797359738493966,0.5810347398363358,0.57270629569226,0.5618500852174284,0.5566978532224632,0.5541605351620011,0.5452900689138291,0.533170825676802,0.5289732183165218,0.5310138300960754,0.525909805865088,0.5081090569601452,0.4850845400635324,0.462472805089864,0.44041281654414793,0.4226532786182474,0.4059712883046269,0.3777412690586048,0.3453127488896751,0.32791565900006886,0.31532486475131083,0.2938417991653954,0.2837983838433622,0.2752168201953636,,,,-0.2966043373636284,-0.34706614036682937,-0.34661722276854406,-0.31425072483671157,-0.2317729671865572,,,0.4021654489346137,0.5504491659808357,0.6204447791749093,0.6489013740457901,0.656741475186726,0.6556697641287871,0.6571471113465771,0.6625888601030876,0.6681904708085207,0.6708022370873286,0.666369800433789,0.6562504630917121,0.6467949652246237,0.6415305803480167,0.6421378440033098,0.6478321277344301,0.6525806298086667,0.6523452944756389,0.6496783967921982,0.6481458785895153,0.6484606443915611,0.6520880222528473,0.6628264662465007,0.6768976755414461,0.6826952813252383,0.6765293147441098,0.6666086653204939,0.6618575208206176,0.6622406761246078,0.6605854873289901,0.6522606893729667,0.6397095381837987,0.6269418391110911,0.6138551577263957,0.5995133910043953,0.5854810418259901,0.5717335785827158,0.559370842292806,0.5553670913789992,0.5640051250010787,0.5791956234646048,0.5903596309628272,0.5916889197454289,0.5855803227221992,0.5780703096054716,0.5715255052544885,0.5672670131478356,0.5676927992712792,0.5669150778084107,0.5569853786900081,0.54457042739811,0.5398823288725401,0.5423454382185939,0.5506682714564493,0.5659799041347157,0.5824400320868488,0.5882628117348374,0.5771129055082664,0.5529048230675601,0.5223417652149257,0.49486601702225036,0.48335609434792054,0.48726979612264654,0.49296232503975485,0.49490332302097184,0.49416658011682113,0.4915036918163055,0.49378849351171517,0.5049230820517501,0.516796143167216,0.5220458088574453,0.5215734135092807,0.522269716186234,0.5310916561259984,0.5451201407421008,0.5559676518811248,0.5603461640218036,0.5584544605053001,0.5520036919007316,0.544253621591082,0.5350314894022845,0.5251774234963673,0.5255155628843651,0.5410799687040434,0.5573960807237045,0.5598519661695824,0.5486486081136293,0.5339822007970874,0.5296917612453464,0.5420006975039849,0.559806751496876,0.5637498590115474,0.5420469076620008,0.49659895320655545,0.4447843742373835,0.4164434485863947,0.43099879699042193,0.47256978166729663,0.5061913804281719,0.5182748094215872,0.5225149025483908,0.5309550163394249,0.5381407589822268,0.5355128517900132,0.530310024620004,0.5368294406430616,0.552198791546448,0.5602329482581886,0.5574770834689328,0.5531583757962566,0.550204151805904,0.5474507257897256,0.5480026312935848,0.5528912576903018,0.5565787096122015,0.5523098682530494,0.5407852959198987,0.5317048734300187,0.5324574536863314,0.5380245840645816,0.5369872595724464,0.5261074901285613,0.511319239388589,0.49616172155335536,0.4803994690276959,0.4666687900739674,0.4606620060941221,0.4660288038257909,0.4832880996244241,0.5121339043023619,0.5451868197880714,0.5682413304951783,0.5754342065704308,0.57198253970409,0.5637459369879914,0.5546045031860729,0.5508668618144855,0.555959947985984,0.5594553329163007,0.5492743873062247,0.5342295577090717,0.5325423220484786,0.5428123639543683,0.5494352734806202,0.5467997505343831,0.5385151753636945,0.5277553865004032,0.5189328983836398,0.515954664698066,0.5162841440163922,0.5126288904354742,0.5021520830447757,0.4914112377091913,0.48947821020709403,0.49425756015960953
318,0.5705692707664499,0.5646855951740732,0.5551483245009539,0.5462235686473326,0.5441765657225961,0.5509411902749486,0.5571819312548302,0.5536291468650338,0.5432417981784544,0.5347298308820947,0.534620825963519,0.5420912121430952,0.5475042205612075,0.5463751155749614,0.5447298991237637,0.5441540287085744,0.5407951496411576,0.5366923469155174,0.5355100236809193,0.5336377967222562,0.5274553720182056,0.5202017720105734,0.5145971457200215,0.5095641726019243,0.5071286173782619,0.5128843144552144,0.5264513694625514,0.5403246546546028,0.5493216356694526,0.5540801484710968,0.5557741036715809,0.5529241023411944,0.5431470258777539,0.5276260760511429,0.5139248759590134,0.5081587181249533,0.5058015813780856,0.5010500450369956,0.4976458546330475,0.4998974481603006,0.5074203048718181,0.5220042075374465,0.5430627661910066,0.5604239808001394,0.5623200301254567,0.5492857936552711,0.5346305365269088,0.5283284015514604,0.5303315569552705,0.5393955389761409,0.5546621845319538,0.5712351780637059,0.5819912960708775,0.58118428281114,0.5668480280479463,0.5443217321516615,0.5236359709819298,0.5115908243617235,0.5090762710453602,0.5103822548442589,0.5097969608761521,0.5089899127298234,0.5071693996402926,0.49966418445614036,0.49251074996118865,0.49650818860743795,0.5131387276973883,0.5348799942836725,0.5462568153104269,0.5372114568167751,0.5182600481060383,0.5052590249751975,0.5001471548348626,0.4963432589552298,0.49276046260288875,0.49601061627930876,0.5105020591473575,0.5295919387030819,0.5404201710781693,0.5387363163638889,0.5319596638706751,0.5255569429754193,0.5152837766984957,0.5005695441807586,0.494996652604055,0.5068567912382765,0.5236982114240694,0.5326658061673171,0.537395600241596,0.5455787820234104,0.5558871842279755,0.5616095271016407,0.5607308706675804,0.5579097039539523,0.5559849607602357,0.5530568241607028,0.5478089546844609,0.5408620955465837,0.5344610460279442,0.5320179821638322,0.5330127944984264,0.5362809509876867,0.5458531080289916,0.5607351453647506,0.5697299588957268,0.564837001546719,0.5505075781567054,0.5381810741248344,0.5339897252060788,0.5355328488418705,0.5393771753062678,0.5420882515177883,0.5412141080224402,0.5403487489457823,0.5420821609355422,0.5443193352730933,0.5490682609020684,0.5564109211123377,0.5531797470304319,0.5277180544801255,0.49097727581453576,0.4661942755892846,0.4608246845845097,0.46788905713135137,0.48653046063258776,0.5157931016642168,0.5411900039805315,0.5466969668868842,0.5324295260938403,0.5157588382693283,0.5132768912435717,0.5213757149052795,0.5222057068681072,0.5084342533471004,0.4913379992605744,0.48154842415066146,0.47302445137053173,0.4558647006811266,0.43777054845602326,0.43273902346463,0.43342512297624614,0.4204182046499705,0.3933739003733241,0.368195049080695,0.3473358468443601,0.32215982387721476,0.29762848338244663,0.27819442228504404,0.25155463843271975,0.2197328247590672,,,,,,,,-0.2733845101435799,-0.39830168336027144,-0.4427419369145635,-0.4417239663736344,-0.41529249214680897,-0.3367904708477766,,,0.32628576661155057,0.4766728521127269,0.543920774963561,0.5688658666909752,0.5752343092541287,0.576944625611646,0.5841115753872914,0.5932325917852224,0.6001745994935375,0.6063380299131783,0.607635839379433,0.601341853760907,0.5933306910346471,0.589736467732354,0.5924839293490823,0.5974635983020766,0.5962980956655477,0.5885607202684482,0.5838343945220749,0.588834214010995,0.6004849909684966,0.6129869205714659,0.6264009254777727,0.6382997360666245,0.6391741137606357,0.6279582362735519,0.6172812579716007,0.6172910395888962,0.6222609323074408,0.6196652539238252,0.6084916308975317,0.5981917413062947,0.5930414344648786,0.5886842327453468,0.5814092038072346,0.5719674299761286,0.5605586515433517,0.5487221123055146,0.5438097359030608,0.5508813532201816,0.5645586525544337,0.5738988796162765,0.5723451744505162,0.5615639699875071,0.5471561649483541,0.5336411016295575,0.5263728267418266,0.5288143350000454,0.5325485288533065,0.5274825347299935,0.5183341115058754,0.5119183702172521,0.5074531868879656,0.5099979223494587,0.5271349848707434,0.552205569112939,0.568919168685069,0.5691219829505638,0.5548206295361888,0.529108616298997,0.5006395882643486,0.48465581275242087,0.48283643098843976,0.4819331901375661,0.47685498599748605,0.4725985986479483,0.4731594826772101,0.48127813929426655,0.49506606387990154,0.5071852456871879,0.5135042058303704,0.5142209670039917,0.5119399865597887,0.5105251290647188,0.5099786217600286,0.5101342871273251,0.5159801470641979,0.5289426111597886,0.5412239857372602,0.5443603262438073,0.5374310297254814,0.5293273252256833,0.5326815590437128,0.5482313176284641,0.5633643604241105,0.5682044104530742,0.5614721344142343,0.548967344528976,0.5414915311690779,0.5447202436150339,0.551561340814194,0.5465190443165469,0.5177327867646178,0.4694932569347652,0.42306239120818356,0.402487574533121,0.41715007122238185,0.4528944477987279,0.4847028912551016,0.5028277044756411,0.5164803151878388,0.5316344562695463,0.5387657131790126,0.5297127390062181,0.5182531025118899,0.5224803181300209,0.5353458995934317,0.538801192473294,0.5339840524536061,0.5325332755442846,0.5338288960939396,0.5332243818875091,0.5341460974612506,0.5390797773402711,0.5433765407657316,0.5396895259789687,0.5254326958628415,0.5088607785363365,0.502437972809554,0.5079791766875279,0.5145616691235821,0.5117152966658395,0.4987550404970682,0.4815377073010769,0.4642974739337663,0.4486567412366177,0.4402547000295871,0.44467261975421274,0.46048562322873243,0.4860913640366249,0.5182437583486269,0.5454141741064151,0.5572850257963042,0.5544320062880275,0.5443046008073849,0.5337466973747343,0.5278996999356369,0.5286973354091798,0.5282706502380916,0.5172721219011023,0.5036557279593576,0.5028406386819333,0.5118590687498313,0.5167806274700728,0.5159460732525176,0.5139787671916021,0.5082012192300689,0.4967863615055353,0.4864572646813032,0.4830277674452888,0.4816961211911063,0.47427361067240464,0.4630858158092671,0.4593756586156782,0.46376385750225235
323,0.5348791953985498,0.5314871482964775,0.5248398283639939,0.5140453986284147,0.5063999639959007,0.5112097090354061,0.5210581399179885,0.5224853398052693,0.5151795896199773,0.5071879771569661,0.5067503567053402,0.5152564814246036,0.5218059215495143,0.5178781646655344,0.5081708689467571,0.49846355649210083,0.49108324124897745,0.48995198777124027,0.494272508703667,0.4943387267997743,0.48516421701935714,0.4751788085192877,0.4723209556948809,0.472519129941393,0.47269810009599583,0.4802053390456301,0.49625946904140517,0.5098738915187162,0.5153515581864245,0.5185232955736694,0.5231799554772728,0.5228844031197468,0.5110202602225393,0.493110539173249,0.4819777890245007,0.48069346704745386,0.479291011261796,0.47267194834806586,0.4688898855482361,0.47439724924811644,0.48591783110165415,0.5002634970196358,0.5160574398759028,0.5256137430271763,0.5199887292355756,0.5042756564478628,0.4944738975155615,0.49452046283812895,0.49604764493034964,0.5002733325255776,0.5147933499997832,0.5337763904924282,0.5414461688759462,0.5319017191990705,0.5134438640888259,0.49630592385954897,0.4850001832476581,0.4798406031696447,0.4769145478076367,0.4697412193020174,0.4616124443830079,0.463075389053658,0.4700282835715899,0.4692728648001392,0.4625769791518265,0.4608291157801516,0.4695024868226573,0.48675239199041165,0.4990112404328785,0.4939673687267582,0.47960419926569126,0.4701933988069073,0.4665297727813473,0.4605606804761593,0.44984258434629426,0.44463408255086057,0.45585326371082213,0.4771572882931132,0.49223859688002247,0.4962366348323414,0.49551028954468956,0.4904134027624266,0.47186527440008696,0.442747220318332,0.42770864335310366,0.43984852360851756,0.4615657479184495,0.4767168861961246,0.48888625417377035,0.5036747090451584,0.5185493524871622,0.5260435829490147,0.5202899854725943,0.5059237846387915,0.49450625295598827,0.491961563591799,0.4958307128687085,0.4994957790132537,0.49899491844259575,0.49737349667425135,0.49600992205102257,0.49436316370622213,0.49849866215432537,0.5102246580469181,0.5190661110678242,0.5167183288311786,0.5067839643671591,0.49727929117718395,0.48945858654213836,0.480610386329396,0.4748385789431526,0.4761128335065016,0.4802474566119025,0.4857203092856931,0.49381447926570354,0.4994646851553013,0.49885696163051324,0.4926847346063954,0.47413605703130923,0.4357000973648436,0.38969106483017685,0.35904277914126226,0.3524783610780339,0.36799208825843344,0.4042050890234363,0.4485600258091129,0.4754026441536827,0.4711104026469357,0.44801830803184384,0.4290611495343186,0.4248990290605537,0.42699324465912025,0.4196590957271146,0.39981957526507833,0.3828329437783575,0.3788116416652527,0.37360010520455855,0.3502498673498021,0.31832752077680315,0.2993127144369079,0.2899340458762981,0.2707987586370213,0.24477370283577865,0.22910915446533126,0.21675145031812465,,,,,,,,,,,,,-0.3591309368191673,-0.4821457777134919,-0.524955335948528,-0.5242734900358837,-0.5007951190887624,-0.4243187112640274,-0.24854139675899944,,0.2418654506071955,0.38289015780362,0.4398389803038686,0.4566296486437823,0.4593442974643146,0.46407856580005613,0.4779642594070127,0.4914648757816849,0.4995978493402606,0.5086591844520914,0.51725812323812,0.5203877150012229,0.5210643011748204,0.5241690825159201,0.5293977670629499,0.5298195076094326,0.51939696341543,0.5052920481853069,0.5017494686122134,0.5132851000964326,0.5318875110328721,0.5484017939121921,0.5625124399043275,0.5733629980211978,0.5723702171301648,0.5596191719604497,0.5513465218820142,0.5591931275044751,0.5715795240286803,0.5701920724329251,0.55815748482245,0.5521718314367404,0.5560478901684718,0.5609558977252087,0.5609310266139613,0.5553637527326336,0.5442784795850406,0.5312509618625887,0.5237119111938308,0.52412101445163,0.5280347808326826,0.529690644209496,0.5251458082100555,0.5126256775340674,0.49402233793410866,0.47612475205776106,0.46813953692824195,0.47324079462685587,0.48225368939743235,0.48585801340643253,0.4850751691074151,0.47980835000908617,0.4685851109505754,0.4626774059959671,0.4750313322170103,0.4996059630706996,0.5197445246471188,0.5281322391930383,0.5243723713038617,0.5069063611054532,0.48293393873385254,0.4681645658719536,0.4647980087026494,0.460378289373065,0.45130035629271625,0.44698547054006144,0.4530364267562545,0.46466524640521123,0.47442833184913713,0.48055989625719353,0.48581396942798205,0.48954205077274704,0.4877631505878961,0.4793839616240707,0.4672856940341409,0.45905780575565663,0.4655355610364186,0.48851398545676233,0.5138387678506781,0.5246961966960431,0.5193707094042412,0.5124984223680953,0.5173370179974346,0.5325049055555701,0.5492170848417796,0.5599906722114731,0.5588065778022355,0.5462588653555797,0.5310250396287061,0.5205016420584582,0.5137512208429059,0.5002506427659799,0.47105286052269646,0.43547860759320534,0.41312421905275726,0.4112381759869013,0.4256019181243266,0.450831229408835,0.4775114078822248,0.4974156332663044,0.5128390421249169,0.526409796043731,0.5288946581078434,0.5140117305854895,0.4982127471132305,0.4991988005650315,0.5078488963012984,0.5080276993439543,0.504069817370759,0.5056238601903563,0.506692316342292,0.501651183102352,0.49786685822349364,0.5002720134220482,0.5041846671320326,0.5025518552231336,0.4922342317241851,0.4785701391421098,0.4714171762523718,0.47433083193229864,0.48063922373681955,0.47996121115942875,0.4692390654597125,0.45629925564290363,0.4467113147902205,0.4370874989481332,0.4289700113560587,0.42971500741452523,0.44059131817146485,0.4609051449394378,0.489629348833319,0.5170839207061168,0.530482016575257,0.5276579488465551,0.5162706723865375,0.5043104428819137,0.49669452420520965,0.49373458803944537,0.4884737744304135,0.47417594646945244,0.45798058984247814,0.45322836257348653,0.45862559043108586,0.4635507473079128,0.46728184381754745,0.4733987623485002,0.47604673873189585,0.46818209877936,0.45481541962032873,0.4464776112416816,0.4437922230379113,0.43937308058258856,0.43247365895885914,0.43090538755601915,0.4351184644716173
328,0.48053623182883864,0.47945309997974017,0.47811109254074147,0.4705245039017401,0.4588334477554349,0.4531036936549381,0.4516038830669802,0.44914485493534073,0.4485477704889048,0.45103078736773344,0.4566771578148659,0.46699923162520984,0.4752915380657571,0.4711955552288938,0.4549745267032385,0.4358019926278929,0.4239471948787894,0.4252245944601391,0.4331319297013638,0.43298168117898006,0.4224241952622771,0.41661441371088126,0.4245569004546612,0.43430232220478293,0.4364338040689706,0.4407465166864398,0.4519827437506944,0.45931304892309593,0.45776069038386336,0.455421566977115,0.4585372022033313,0.4610185528872658,0.45374483260949017,0.441057682789346,0.43549225456413587,0.436274684475464,0.43150988272202506,0.42090149194283677,0.4169248863936509,0.42620810093864403,0.44293557854535015,0.45949259002783244,0.4730741188131601,0.4794650599134337,0.4729028970165542,0.45931967435626697,0.4534383294357984,0.45436753683588393,0.45012095964283283,0.4469232731563888,0.4597496351938247,0.4797517277661477,0.48191669645357244,0.46179987136974776,0.44073980082464304,0.4345395948417562,0.43823586611542187,0.441310243381718,0.4369116399748332,0.42374465300806946,0.4150754214001978,0.42446003937866766,0.4408548087404829,0.4453469141345827,0.4385618052875011,0.43129146861253037,0.43011384146662657,0.4367863817395251,0.4429550294250191,0.4364780526732692,0.4191737572838973,0.404648497787758,0.40094689998655697,0.4012204717175674,0.39468330475122204,0.38687626377722617,0.39170132241406896,0.4071017869868787,0.4221589702027587,0.43607979862115787,0.450688374416427,0.4565744753145201,0.43927553696372806,0.40303196458005,0.3769701970219982,0.37847440739975924,0.3941783638898617,0.40942453597797646,0.42315019922037256,0.437537065520759,0.4539376392316159,0.466571362987902,0.46188674104022887,0.43956277757096185,0.41844293245445574,0.41418945311037014,0.42622107915082685,0.44131403240542716,0.4475240731478823,0.4479298176507108,0.44843427852506385,0.4481123090506371,0.45012437007818007,0.45727296794140515,0.4627952491442029,0.46047734121374795,0.4530508985569099,0.4446749566657802,0.4323935392369298,0.414188126361157,0.39983707066599217,0.39741052230115637,0.4014937357648045,0.4093198149442604,0.4244238583707838,0.43906463340126645,0.43934252507357996,0.4228778668031813,0.39124973763521836,0.3446269752794466,0.29574398252639045,0.262964031425534,0.25287655750796534,0.2679979047868223,0.308514341225723,0.354438158663422,0.3747170215452738,0.36192445550215435,0.33814527578932024,0.32316695689140834,0.3145432522720555,0.3015846835136663,0.28029714873933287,0.25651799527246666,0.2453566022042971,0.25231027247555204,0.25655233217870643,0.23318380526800017,,,,,,,,,,,,,,,,,,,-0.24645449019127297,-0.42073603534508686,-0.5412785442631668,-0.5877569222518514,-0.5890537473234109,-0.5641599064029774,-0.48873979498615666,-0.3217368749036481,,,0.25205997757633075,0.2951770853809718,0.30423568668089207,0.30439333170215777,0.3135259289803886,0.33693225804181925,0.35884121429290755,0.37011897921598025,0.3793759996691036,0.39118001197902774,0.40336137777194414,0.41605834063829994,0.4286282615510812,0.43561087420321043,0.42940388497471393,0.41184676846120005,0.3986678381877999,0.4019138470414659,0.4175535546831838,0.4352471556831464,0.45098985469624747,0.46843308950515883,0.4860353755824731,0.4918399004486451,0.48314906831384985,0.4777229926604572,0.4901844000232082,0.5078494641261438,0.5103997136707128,0.5026234446278928,0.5030519658713606,0.5142362058432359,0.5253565850198247,0.5299802368613149,0.5267515842138563,0.5150130413560301,0.49991829930515963,0.48889305893840984,0.48116652943277727,0.47345815682121883,0.4670248237466375,0.4609123006982002,0.4488712468236894,0.4293481712561608,0.41087882981963986,0.40351842559825624,0.40879519912051143,0.4194465839760867,0.42987393128704465,0.43770600387569225,0.4362121126191504,0.42361861551819574,0.41320515420395304,0.41757662005957447,0.4328139583317177,0.44799215749010635,0.459566482104657,0.46566989922418034,0.4596456345991152,0.443152781919231,0.42928807858879353,0.4232835408981001,0.417648912291849,0.41045995122970125,0.41150015964948006,0.42394654493450107,0.4357306845702711,0.43698003013789166,0.43332015852727435,0.4352134003802573,0.44253297528492375,0.44599520281955674,0.4402633172440801,0.4286798923125945,0.418936676879559,0.4204775645520811,0.43732686169352175,0.4603122377470721,0.4743018788531761,0.47566691906132974,0.4755897077415373,0.48201984026745537,0.49338323208322377,0.5084240812912919,0.5233259114032934,0.5272349088948286,0.5146175536531209,0.49231500807223216,0.4712068575634204,0.4560065964017831,0.4391403424573198,0.41337969289732335,0.3905545613976511,0.38730412226924527,0.400019924228065,0.4175337879581268,0.43990966754482597,0.46448932657834296,0.48172994999701424,0.4914226025004249,0.49832797441529497,0.49793450678816414,0.48653837236219366,0.47616413053666157,0.47807767505109855,0.48405798654004306,0.48270820392826663,0.47855948709217244,0.4772136586139404,0.4700402011108421,0.4541497371985126,0.44228026964183487,0.4414288037338784,0.44555078532209963,0.4477739802408284,0.44637393873761666,0.44276953042317985,0.4383465673555663,0.43487506269291487,0.4333560545530699,0.4300834880120445,0.4236388125099072,0.4216032021182239,0.42525843769571137,0.42301884352127483,0.4124055177184197,0.4058119119346423,0.4116635748842567,0.4297724812362689,0.45615054656711884,0.48026825618268537,0.49041890947826805,0.48637143111474446,0.47558035165923485,0.46362980684931343,0.4546408824383228,0.4495406714408161,0.44276486991423813,0.4273215839112594,0.4059166039257399,0.3905955127097672,0.38688600013844193,0.3901746384550794,0.398407925019274,0.4125498774804144,0.42631425026534864,0.4292614635201503,0.42060611810137016,0.410348938390394,0.4053076058722327,0.40398624106260544,0.40423943653854755,0.4069538664539875,0.410770877870437
333,0.416697570954488,0.41394809828649415,0.4137573113891254,0.40975497494254676,0.39608202293974826,0.3760831301556207,0.3546035344617572,0.34345783129883944,0.3532594037613329,0.37455689853641555,0.3927024723896989,0.40712862841791303,0.4178345453764097,0.4149837260968728,0.3943877491478011,0.3668935595317185,0.3482600536717699,0.345545377464755,0.3495792211711152,0.34591966446879374,0.3374648911013092,0.3420217390698648,0.3633339391617792,0.3810901507058645,0.38268353621298706,0.38092346119475773,0.384570887448986,0.3851020054932337,0.377216805447222,0.3674942707556811,0.36592497636085686,0.3736981677623557,0.38026193245353745,0.37982862592443145,0.37693750695684836,0.36952718375876226,0.35230953005416005,0.3353050427900197,0.33474897646748747,0.3530751615777195,0.37832746686717417,0.3978195672383406,0.4089881662662326,0.4144370362509049,0.41312671672671397,0.407297738089906,0.4038620927791162,0.3988935593999717,0.38569861524353233,0.37775706889591676,0.3908698999915968,0.4100217474936896,0.40539603643360267,0.3773467704288549,0.3574180331372513,0.3636831361142234,0.38105732200368336,0.3882310883519714,0.37886070671741284,0.36167102240303095,0.35720897689275893,0.3750923269361697,0.3982638518923173,0.4090385548685562,0.4087527982836857,0.4035099291428849,0.39479332882348595,0.38509464663549786,0.37550704652567557,0.3596205597167535,0.33331686673216676,0.3100733284489976,0.3091171810849479,0.32494454835857295,0.3327026149211147,0.32611023435720354,0.3188338952009766,0.318429829603431,0.3288629606654597,0.35568177545138735,0.3902814887408764,0.4102524333600288,0.3990879820757509,0.36315901232122205,0.3302156642541047,0.31963390204727155,0.32673312413599487,0.33969091081122804,0.35007492936032153,0.35656306580754993,0.36778547893552893,0.38372426990331315,0.383669974957291,0.35775410966600085,0.3278317329077996,0.3192272212265875,0.3350502087671359,0.3578712907584677,0.3703358823943391,0.3758629725814824,0.38357751689285213,0.3903164888299838,0.3926701626814557,0.39237764853231016,0.3893864086936585,0.38288353850033296,0.37459236103925303,0.36559892484025136,0.352430792708064,0.3339839624857136,0.3180227245908112,0.3094034226677497,0.3050989208151923,0.30924108124768684,0.3292264034461706,0.35331621221630993,0.35811347579880365,0.3379759545766271,0.301960401343057,0.2569757058793822,0.2137307995409497,,,,,0.23290343088822624,0.24089520762981081,0.2232632509512113,0.20732795543045687,0.20420546522696567,,,,,,,,,,,,,,,,,,,,-0.21136561409662502,-0.20730575502691226,,-0.20653369511124015,-0.2039377604596123,,-0.205875437161238,-0.3194685625875669,-0.4698347207153856,-0.5789868681840181,-0.6237882429204248,-0.6224410081958547,-0.5928330027804165,-0.5238268215725228,-0.3844368328906718,,,,,,,,,,0.2034381881106609,0.2104105378156314,0.2218701637508024,0.2419702786630743,0.2685725689830413,0.29233539447542006,0.30103111916285935,0.2902357190318169,0.2732234312730925,0.27058106211218313,0.28473299635383154,0.30048436299629844,0.31012261944399694,0.32228102252068935,0.3471062094699744,0.3790881996861598,0.39915832487916325,0.3989732778239254,0.39430835779338985,0.40274229928787036,0.4181867658537701,0.4257757916896491,0.428406748792202,0.43792322368974557,0.454283685997555,0.46850739106377187,0.47585561055229575,0.4747179491902028,0.4638239512628609,0.44951334112049834,0.4388410996059309,0.4272643710603483,0.4113265265103046,0.398390833020539,0.3909646343999777,0.3809708812422708,0.3658106179492324,0.35261309574596555,0.34676945341757226,0.34777684675865617,0.3536949722418512,0.36490547942027485,0.37703869140188295,0.3788097784594604,0.3681192535744462,0.35596799347675456,0.35152692853396955,0.3563146596700657,0.3684442470138544,0.38553916147677864,0.40202210912340075,0.4060940864727445,0.39218747857552705,0.3719898031373306,0.3600511127114624,0.3571165311172207,0.35847361750207174,0.36763444514792276,0.3846250013530418,0.39483816709268615,0.3880104803410561,0.374357326981506,0.3709495481817781,0.38104363455435486,0.3935991498738277,0.40008170343348715,0.3996878709610064,0.3919760210403888,0.3807483142455375,0.37627321648208223,0.38432622150549617,0.39932159433219344,0.4134706909250332,0.4251009605833861,0.43144581484740285,0.43225682246877745,0.43791805398726286,0.4529755771685464,0.46367235932531237,0.45572936411043574,0.4322993802993006,0.4082953564650609,0.39269818310932614,0.3775030141560271,0.35235754100254796,0.32712897649178874,0.3213630628598681,0.3367199470417701,0.3623240481824908,0.3931008637304728,0.4208754758743446,0.4348776786175058,0.43796387669902426,0.43908193601117945,0.43949455782144076,0.4383994750402248,0.44013283089564115,0.44796161388398537,0.4565723738738019,0.45800605132462413,0.45266006098955325,0.4424821376830461,0.42186418173569984,0.3936036658326092,0.3740115424169315,0.3704153867387544,0.375009903073505,0.3811744360404251,0.38923939085051046,0.3971388074018041,0.39704688091727697,0.3876269021633989,0.3777921920676647,0.3724571391758451,0.37216174142633857,0.3812517791199631,0.3943693040195806,0.39364690849247325,0.3757834514948012,0.35912021234202696,0.3589826542121255,0.37573507687897484,0.40186970253115806,0.42511110991002504,0.4343954895944884,0.4301723749313716,0.4184589894252755,0.4023712364337123,0.3874344867781895,0.3804790251672937,0.38008549017286297,0.37511305583205207,0.35787463014210774,0.3362324637175348,0.3228184486824183,0.3209963882665013,0.3291760141452449,0.3454640156112185,0.3634870206337164,0.3729109218845431,0.36992544468475974,0.3622195971516264,0.35869238303485756,0.3610585500897333,0.3664445930298229,0.37189974516356705,0.37542622537983283
338,0.35859736860824504,0.34940995435124267,0.342256649801098,0.3370376440410937,0.32403222878351157,0.2975674695502086,0.2647048679521198,0.24926188025019771,0.26715769601004014,0.3016174173029875,0.32834689323542643,0.3457788284763959,0.3580839849023783,0.3550915218618584,0.3299640420186605,0.2948336831746988,0.2677392443077774,0.25610749572531355,0.25218834204451923,0.24637040315277597,0.24474405991434003,0.26035399810597737,0.28870559659004275,0.3063129453098146,0.3029112414181192,0.29484429647291854,0.29378774169506705,0.2921784303743412,0.2820691870901886,0.26752912868600914,0.26362022801779733,0.28105436327853967,0.30833158294228147,0.3249878011067038,0.3223712948201969,0.2996247184003338,0.2637149611754729,0.23583950094712203,0.23624765416440707,0.26435197642082897,0.2991430232480894,0.31846474119902135,0.3199905620757088,0.3184149406381451,0.32342450398217365,0.3325852578563351,0.3373830913357472,0.32831855879953376,0.3088112451596305,0.2999522721016959,0.31376345173752884,0.33100368832450755,0.32443697027151097,0.29856374304467753,0.2840300873880243,0.2947835393637066,0.3120145068162674,0.312912219978105,0.29562178616655765,0.2766309830071459,0.2763313054135119,0.2958852930097445,0.3180156990584614,0.334933784888535,0.3490055102766121,0.35474081251154266,0.343116969136975,0.3171674734679586,0.2896310143121369,0.2625842700683332,0.22880995187453768,0.20129755985970865,0.2064345344007006,0.23843074229064748,0.2606110321378893,0.25448271806643274,0.23096342646959667,0.20929747552570524,0.21265572913118302,0.251780643865554,0.30266792947131227,0.33014895832270374,0.3221610464117918,0.2912240874918375,0.26072082430023635,0.24629116081335323,0.24816711882612963,0.2583581434168243,0.26532275799564065,0.26433567550391,0.2681387666521069,0.2846076702532483,0.2906356314241974,0.26525352196075924,0.22827033727926854,0.2133525491250431,0.2284052403914853,0.2538061242967861,0.2697951649059117,0.2804742529161137,0.2960879402902951,0.310630056547366,0.3144643151568737,0.3073392872726728,0.294745000903303,0.2810513931524029,0.267900937869716,0.25690650375160606,0.24764013543023738,0.23750270390163838,0.22544692194750682,0.20949376925008711,,,0.20789027699182183,0.23354607052935983,0.2397269191066596,0.22254917964975895,,,,,,,,,,,,,,,,,,,,,,,,-0.22227703067572768,-0.22263335625288946,-0.20654943121400077,-0.20040338597389726,-0.22366322840816347,-0.26150674262585527,-0.29209093078073706,-0.3168520216130917,-0.3321850180107021,-0.32401707445517836,-0.3097527306126181,-0.3126304023645262,-0.31042619506510616,-0.2893738213364747,-0.30201654307733244,-0.390664730399373,-0.5128372684891153,-0.6016767347096423,-0.6348542014582438,-0.624847282745112,-0.5911135094752229,-0.5359185012749368,-0.4370470707356261,-0.2940636173368122,,,,,,,,,,,,,,,,,,,,,,,0.21145747835970968,0.25394399245274074,0.28666039066782684,0.29790600732898276,0.2956054607974943,0.2951606242060887,0.302516980537541,0.31531997245135646,0.33229840865486504,0.3519115513162412,0.3700563639475726,0.3830157812079379,0.389605701974147,0.3878390742113905,0.3775696719963767,0.36826992420896887,0.36548455546639325,0.35824778724504347,0.34024612397378046,0.3231245820381283,0.31494348206716966,0.3112619222074768,0.30948577801211985,0.30897623816747705,0.3060977456397363,0.30070388678638393,0.2981472952114268,0.30377102223345276,0.313209822306436,0.31504616631174887,0.30652499989489745,0.29281263729446394,0.279949197641911,0.27881440446769307,0.29697473592809975,0.32646269103814407,0.3511592910264652,0.3550002014082022,0.33173526127802144,0.2975634040720398,0.2778484343959242,0.27912730284215836,0.29036523161718786,0.3067325858542632,0.3267631620328801,0.3368190276868541,0.3266680594659228,0.3078183099421441,0.3007044551162999,0.3117747057090017,0.3314497321707117,0.3502500144660225,0.36121157644501056,0.3547141033988755,0.33148244878111294,0.30847106310954,0.30355711344532615,0.31932882678476027,0.3433036675227489,0.36042321533072,0.3605489639843279,0.3485872475818541,0.3457931833603109,0.3629526918824617,0.3823611388532867,0.3806311341439586,0.35867918484509614,0.33743424315925297,0.3291087089062338,0.3208534213734362,0.2938193567232982,0.25424304964921923,0.2309229048009388,0.23980994555020219,0.2720541529847862,0.3124447870689555,0.3447522877953191,0.3586967219401205,0.3594289498358609,0.35631431406722197,0.35465302696361195,0.35772605105164124,0.3661790860339664,0.3800776238968175,0.3970101090947009,0.40774002733519443,0.4051116871696331,0.38904471472147684,0.36074266990199455,0.32763770732712016,0.3043035808744694,0.2964862280520496,0.2977367060462929,0.30431876457892515,0.3187921249669771,0.33707649246938187,0.3441784895896768,0.3339790068487042,0.32051806133322824,0.31650018103485833,0.3224089348965554,0.3371364606838634,0.3515622850146495,0.3477684934365311,0.32356785944070365,0.2987599188760935,0.2911646505362989,0.3025117033373933,0.325924274745981,0.35104098645540804,0.36582428754122365,0.36426124929703785,0.34786460125315266,0.32168410703477457,0.29716240048127307,0.28875916806397905,0.2997305722446072,0.3153392915626927,0.3169563627134517,0.3031679008720874,0.286233196020385,0.2754521529971269,0.274380552306603,0.2821680131602975,0.29291622589439736,0.2982963738301143,0.29557445085242895,0.29194811526475006,0.2946344118537114,0.30209618263863697,0.3093655283569989,0.314659628380766,0.3178273437744642
343,0.3066672554934308,0.29147168695924086,0.275342784974588,0.26738301277828525,0.2606945153738147,0.2420702117328471,0.21307900785478784,,0.21320170759583465,0.24375530465723175,0.26609649609636843,0.28005602375127503,0.28975162675920796,0.28288916388942786,0.2517833962741135,0.21034973015024502,,,,,,,0.21076471098640126,0.22004485516932637,0.20869029036457454,,,,,,,,0.24638021695885773,0.2813292092686111,0.2803280248111635,0.24461309169448467,,,,,0.20706369245843959,0.21978233725911586,0.20606453412086595,,0.20204472376303623,0.2305112880280329,0.2518881120895527,0.24720046086748773,0.22675634540034323,0.21765020579791072,0.23086713863679376,0.24894087434976905,0.24989679525495753,0.2361562254043551,0.22617868533178093,0.2268286989519971,0.22651939893801967,0.2131906104009435,,,,,0.20631959863208688,0.22779764580429973,0.2552063167005846,0.2712684539146254,0.26036997536401124,0.2282251043227657,,,,,,,,,,,,,,0.21458153540073532,0.20757526286540656,,,,,,,,,,,,,,,,,,,0.20842764975780254,0.21599106847642613,0.2092030348659338,,,,,,,,,,,,,,,,,,,,,,,,,,,,,,,,,,-0.20763703597160704,-0.24097343917053093,-0.2876249898415308,-0.3244719732294006,-0.3396402880085902,-0.3354257993236406,-0.32058497308542283,-0.31436652311870017,-0.33234275153278503,-0.3642441731405359,-0.392839115344176,-0.4166250970019991,-0.42832676595070096,-0.4168128844413298,-0.4008257080472898,-0.40048358366689946,-0.39431928415262685,-0.3697165558000089,-0.3737983898846059,-0.44488845417070527,-0.5455314076911058,-0.6159513971892998,-0.6360816146642305,-0.6177757771356926,-0.5825253268061219,-0.5406622551065849,-0.47686277205870475,-0.38223973331847483,-0.28920725437121686,-0.23160263787712518,-0.20618851956824455,-0.20710014910253932,-0.2319245238970522,-0.2500029519102801,-0.23540510261590955,-0.20787622949955717,,,,,,,,,,,,,,,,,,,,,,,0.22688436028438697,0.2537084119196745,0.2680203175467306,0.27217382002860485,0.26890705012139016,0.25734521349768524,0.24373967252200895,0.2434382103458266,0.2561465025092747,0.26031729746219084,0.24641821680913034,0.22981202290327735,0.22539168928503867,0.23563695447208988,0.25548678147229287,0.27080051938863264,0.2705503291089782,0.26041164537088574,0.2512008581546927,0.24766789354057905,0.24748892431183245,0.24523984615505331,0.23818209568775803,0.22444299379598606,0.20767414938794426,0.2067953762925238,0.2360052011658336,0.2790842102977913,0.3057418612980032,0.2966209520256712,0.253334473376427,0.2018685759493552,,,,0.22453936245249403,0.24838161124942246,0.25805051751920305,0.2475209064947615,0.2306716592226659,0.22536006145456966,0.23516741637919944,0.2535108731552406,0.27486166985310617,0.2892891502385537,0.282707443701655,0.2572287173969967,0.2326484091527773,0.22725691207678533,0.24366187315130897,0.26687591860397736,0.2777788748214861,0.2692331211369367,0.2540154892083891,0.25529067103261927,0.2792840859065751,0.30331355187914855,0.3020641566827006,0.28008244775242275,0.2644303647609495,0.26734988066656634,0.2681646211832539,0.24005328790250302,,,,,0.22283347324462738,0.2546182882565332,0.2697528728750771,0.2701702448739833,0.2615825994826947,0.25142151583330996,0.24720379269712256,0.2516218405856269,0.26755755603829307,0.29485216436927253,0.3196950246990198,0.32693743314286405,0.31606010459323297,0.2945661562129709,0.2694181567165983,0.2474818949992468,0.23310203002571836,0.22675039003483186,0.22994833876686233,0.24587038363906544,0.2696128438622546,0.28236993027598734,0.27306683471374316,0.2581236423482952,0.2563418872477623,0.266211187839823,0.27989758781605567,0.28914568317312017,0.28379083347229583,0.26398740947466215,0.24399196453001848,0.23600634464540451,0.23902701943578503,0.2495134009606212,0.26791599955031353,0.28649619665755327,0.28951562964108624,0.2715171969704243,0.2419246293822721,0.2168058946033894,0.2108700597386941,0.22856270005772825,0.2578019282701414,0.27722986289073875,0.27623068696455727,0.25995671344099425,0.23862525452723718,0.22227236798783445,0.21588191003298407,0.21619363801652147,0.2149249970884276,0.2087682545234517,0.20649679338038615,0.2159653214785519,0.23071080120988993,0.24017886950497908,0.24294171591288816,0.2431815128288258
348,0.2379636842566475,0.22379154592541167,0.20713802925679747,0.20067756520151883,0.20280196579015086,,,,,,0.2014902829567109,0.20790951751905998,0.2091466584428731,,,,,,,,,,,,,,,,,,,,,0.22966106814478598,0.2326652830679118,,,,,,,,,,,,,,,,,,,,,,,,,,,,,,,,,,,,,,,,,,,,,,,,,,,,,,,,,,,,,,,,,,,,,,,,,,,,,,,,,,,,,,,,,,,,,,,,,-0.20133045017361212,-0.23311624143116438,-0.2655227718486637,-0.29290854134115274,-0.3120157200518506,-0.325156869661997,-0.3427663987755911,-0.3739888789794546,-0.4099489602377959,-0.43008364947312905,-0.4292788291872577,-0.41724030654941685,-0.4013611340519544,-0.3927627846743439,-0.4048925615921976,-0.4328848124542848,-0.46134992566146105,-0.4836489209550744,-0.49166491549628644,-0.4794651846147626,-0.46359093780384975,-0.4571949554453888,-0.4414252936921734,-0.41079920659623803,-0.4103825666242361,-0.4725055980017753,-0.5613588955744475,-0.6219338191866919,-0.6363962798919451,-0.6173226942765309,-0.5846784898853585,-0.548990914730163,-0.5014458045679173,-0.43538983197410863,-0.3713756658952543,-0.33255453502728594,-0.31954111044932265,-0.3322970002373858,-0.3681031682717261,-0.3961298394645868,-0.3900721794692612,-0.36690097572260383,-0.35224090974301725,-0.34109670353020477,-0.3205360613758324,-0.2955834220874062,-0.27607049681348605,-0.2624534493550535,-0.24896679341391226,-0.22377786600724267,,,,,,,,,,,,,,,,,,,,,,,,,,,,,,0.2160647777261514,0.2154045710268781,0.20435912920789273,,,,,,,,,,0.22175518000125258,0.24618590705406684,0.22201846688062538,,,,,,,,,,,,,,,,,,,,,,,,,,0.21323907207533027,0.2327334111772224,0.2267432379370127,0.2068818095889297,,0.210437211427241,0.2125106279301629,,,,,,,,,,,,,,,,0.21559997812953097,0.23574841241885383,0.236228715830283,0.22994722890134411,0.21999928087036524,0.20263245979554745,,,,,0.20576713889575693,0.21315445328971455,,,,,,,,,,0.20124604441152716,,,,,0.20232001704128486,,,,,,0.21086366292199643,0.22842788786282148,0.22861503715453382,0.211601269420649,,,,,,,,,,,,
353,,,,,,,,,,,,,,,,,,,,,,,,,,,,,,,,,,,,,,,,,,,,,,,,,,,,,,,,,,,,,,,,,,,,,,,,,,,,,,,,,,,,,,,,,,,,,,,,,,,,,,,,,,,,,,,,,,,,,,,,,,,,,,,,,-0.23043700727706531,-0.25858405402223317,-0.2836366736076932,-0.3155909184213657,-0.3486706160543205,-0.37548763108108574,-0.395783075566765,-0.4102885284318688,-0.42131651422458516,-0.4361378457814938,-0.46065024039904856,-0.48493677684692094,-0.490987826799629,-0.479631556082482,-0.46407794019888293,-0.4468575263041096,-0.43249298068627523,-0.4372418727985853,-0.4639872934128069,-0.49666725121319466,-0.5211728653807441,-0.5290766116751596,-0.5187993806131288,-0.5030495666239779,-0.489052006144472,-0.46228009610033804,-0.4249047090583344,-0.4202398009020946,-0.47516120811058105,-0.5556347064160444,-0.6116831631376891,-0.6285263959535039,-0.6186526499522158,-0.5952597575997156,-0.5618394245520402,-0.5146481949935487,-0.4575354419970843,-0.4111358701026069,-0.392596918269167,-0.3992349145243592,-0.42538610280407196,-0.464155413300435,-0.49140288563567797,-0.4889987881936244,-0.47153601401763484,-0.45844497650493043,-0.4443890997488261,-0.4204732266465602,-0.3963983834366367,-0.3842623408420623,-0.3797072474701885,-0.36734123632123794,-0.33274979741927996,-0.2754592047584872,-0.21968002634049627,,,,,,,,,,,,,,,,,,,,,,,,,,,,,,,,,,,,,,,,,,,,,,,,,,,,,,,,,,,,,,,,,,,,,,,,,,,,,,,,,,,,,,,,,,,,,,,,,,,,,,,,,,,,,,,,,,,,,,,,,,,,,,,,,,,,,,,,,
358,,,,,,,,,,,,,,,,,,,,,,,,,,,,,,,,,,,,,,,,,,,,,,,,,,,,,,,,,,,,,,,,,,,,,,,,,,,,,,,,,,,,,,,,,,,,,,,,,,,,,,,,,,,,,,,,-0.21164555668358437,-0.2344676998823772,-0.2534874849785227,-0.2646980396004094,-0.2681273819527614,-0.26102351408804403,-0.2411169875829937,-0.21795022709716516,-0.21004781974747366,-0.21843266432491018,-0.22656881725734807,-0.23417477041321197,-0.2505304368005696,-0.26356859365634283,-0.2581634267768612,-0.24951563033956808,-0.2603581998506481,-0.2857479950619791,-0.31444093036959414,-0.3515608976835094,-0.39598093696749004,-0.4316456596064113,-0.4519865614063472,-0.4644975998237887,-0.47386111046696455,-0.47943948752382426,-0.48494472736808375,-0.49613989786738477,-0.5062031251188964,-0.5022420226927228,-0.48890114434118315,-0.47758305231386644,-0.46308639805343377,-0.44437506911290836,-0.44265246524206414,-0.4697368069801164,-0.5089157889112388,-0.5381520756456797,-0.5473289868063898,-0.5378801815556121,-0.5209595831952244,-0.501332754451969,-0.4676094270773483,-0.42556269741245456,-0.4157422005873411,-0.4614393394968729,-0.531272148368092,-0.5815182179417572,-0.6021994001024114,-0.605099749594892,-0.5950680816257916,-0.5666727134141571,-0.5176532198012236,-0.4615453973679827,-0.42404808587442566,-0.41976183985908644,-0.4407930246318124,-0.4743826011322637,-0.509472148343812,-0.5282639575105323,-0.5235077031998525,-0.5121159807677537,-0.508046951626154,-0.5016673065459949,-0.4815119843644866,-0.4553207421325622,-0.4379644489692367,-0.4308315628793876,-0.4199497896411955,-0.3899593689597115,-0.34087277469024857,-0.2938710482547921,-0.26947256537473796,-0.25788200572208386,-0.23616603316502213,-0.21158577405640172,-0.2095248785884409,-0.22559643648131014,-0.22936587540957468,-0.21288248408641094,,,,,,,,,,,,,,,,,,,,,,,,,,,,,,,,,,,,,,,,,,,,,,,,,,,,,,,,,,,,,,,,,,,,,,,,,,,,,,,,,,,,,,,,,,,,,,,,,,,,,,,,,,,,,,,,,,,,,,,,,,,,,,,,,
363,,,,,,,,,,,,,,,,,,,,,,,,,,,,,,,,,,,,,,,,,,,,,,,,,,,,,,,,,,,,,,,,,,,,,,,,,,,-0.22395677122576813,-0.22395405099194493,,,,,,,,,,,,,,,,,,,,,,,,,,,,,,,,,,-0.20042225594032856,-0.2302820097500174,-0.2536971604928632,-0.2801994513045194,-0.30501169426315444,-0.31870594425133747,-0.31827318500062424,-0.30565791785964613,-0.2856001391371249,-0.27034793372865445,-0.27189916391805014,-0.2835143543763657,-0.2907339328049885,-0.2994170327424699,-0.3204633865967055,-0.3405691101092322,-0.3424713412943832,-0.33412724321111664,-0.3298631216695844,-0.32974901266656254,-0.34046619932889477,-0.37718500637150787,-0.4297109544635823,-0.46772607286411993,-0.4814485832785619,-0.48582463472915743,-0.4913855371152987,-0.4947272861005852,-0.49474184671973204,-0.496358740275292,-0.49581734919906606,-0.4858718766888812,-0.4745745924842465,-0.47067602423701427,-0.46281510136174797,-0.4450696841941057,-0.4390435988246094,-0.4616332012693837,-0.4991785309251978,-0.528317641973568,-0.538019132098866,-0.5293296073442735,-0.5117393923254274,-0.4901547071315957,-0.4563092235636109,-0.4169826925024429,-0.4079310721662972,-0.4471868109467849,-0.5045090218384839,-0.5434276313114379,-0.5603039309860973,-0.5672879981209029,-0.565793362925521,-0.5460330323384078,-0.5029132671879606,-0.4511065875508441,-0.4179115807266139,-0.4169919098654951,-0.44029717623094,-0.474826358413163,-0.5062133936717953,-0.5167204697744215,-0.5063030409265115,-0.4979218185214117,-0.5052887690755477,-0.5145369727503678,-0.5071549689625966,-0.48387753919376736,-0.4596235877586115,-0.44443419241830684,-0.43399141314187184,-0.4157273680839906,-0.3822510329543459,-0.3418957509873273,-0.31018930378075904,-0.2873542065696357,-0.26442400399394594,-0.2515212569975416,-0.2648092619175395,-0.28820308490749885,-0.28995661148548496,-0.2711650077620199,-0.2568243294225403,-0.2528746553053943,-0.2470151366691899,-0.23380058971174317,-0.21977694692392863,-0.2143099921714492,-0.22009541723716913,-0.22849703548997014,-0.22750048453902444,-0.2109109316154328,,,,,,,,,,,,,,,,,,,,,,,,,,,,,,,,,,,,,,,,,,,,,,,,,,,,,,,,,,,,,,,,,,,,,,,,,,,,,,,,,,,,,,,,,,,,,,,,,,,,,,,,,,,,,,,,,,,,,,,
368,,,,,,,,,,,,,,,,,,,,,,-0.2230203369774113,-0.25373031048054795,-0.2552847352841965,-0.22209443248735355,,,,,,,,,,,,,-0.2135183030952686,-0.2236694915366278,-0.21561652311291682,,,,,,,,,,,,,,,,,,,,,,,,,,,,,,,,-0.20956039262101167,-0.2158518361860164,-0.23087540276422341,-0.24900696229011654,-0.2513860368604177,-0.23216674576112745,-0.20530938294990653,,,,-0.2068953595190962,-0.20642399381446325,,,,,,,-0.2175586681133487,-0.23695131078061513,-0.24242364621226187,-0.2239751092041633,,,,,,,,-0.2029318359435247,,,,,,,,,-0.22614351912756686,-0.2577009983463188,-0.28281455794168747,-0.3090513906449549,-0.3331237671404418,-0.3432220867118975,-0.33676748662993355,-0.3212781310433871,-0.3052439265843545,-0.29954584431347275,-0.30893345024883456,-0.3231678226520753,-0.33408342194226515,-0.35022984312623884,-0.3778518725427952,-0.40224156316942244,-0.4068862831606075,-0.3937379219963243,-0.3699847025538278,-0.34180590517305365,-0.3315755704310246,-0.3627328822577198,-0.4204201137751067,-0.46405096719397865,-0.476204447490965,-0.472955366593936,-0.4714588785627619,-0.4709148215638348,-0.4691898639159318,-0.46968539606737925,-0.46718708911472523,-0.45685119209574654,-0.44960679972657297,-0.4524909663418551,-0.45178573688266044,-0.43850523701017763,-0.42839271130219847,-0.4375400780859119,-0.46033260676923327,-0.4820856980946001,-0.49350730390031466,-0.4902845439031703,-0.47624153650221757,-0.45725759086433715,-0.43035742034511915,-0.4030359500318522,-0.40358009844642756,-0.4416133280499349,-0.487032684260402,-0.5111767027134164,-0.5157483603897957,-0.5138246640694842,-0.5101497331602745,-0.49738305087933804,-0.4657805926004699,-0.4229673690825517,-0.3921894723340015,-0.38736971204765136,-0.40607350699640044,-0.4405293334596585,-0.47378669517155575,-0.4839873583087312,-0.47226342571183266,-0.46464313529199613,-0.47785850150699744,-0.49981623609893555,-0.5083418331689422,-0.4956585384560973,-0.47053142458200914,-0.44638716825260727,-0.43121638789975936,-0.42035443162624625,-0.3983085013408447,-0.35969054623949276,-0.3193800297186141,-0.2904700976637052,-0.27300083281017085,-0.2716229183300223,-0.29240375876228586,-0.31681478985875844,-0.31779940894467296,-0.30081190348344655,-0.29098932256993576,-0.29177902455005755,-0.28838100580160053,-0.2770404158185322,-0.2684270378953866,-0.2692321705627844,-0.27304213371200475,-0.2678318683027667,-0.2487331041692168,-0.22012528333565162,,,,,,,,,,,,,,,,,,,,,,,,,,,-0.20026194924138588,-0.20324416602721201,,,,,,,,,,,,,,,,,,,,,,,,,,,,,,,,,,,,,,,,,,,,,,,,,,,,,,,,,,,,,,,,,,,,,,,,,,,,,,,,,,,,,,,,,,,
373,,,,,,,,,,,,,,,,,,,,-0.20744498505130085,-0.2372960526326529,-0.2695063677635408,-0.2910228551723426,-0.2880996240257328,-0.25781700273311764,-0.21549948596145968,,,,,,,,,,,-0.22798758760588622,-0.25348717393363807,-0.25833839059304586,-0.24168436278343033,-0.21293937743117447,,,,,,,-0.20320360006337126,-0.20583058134574367,,,,,,,,,,,,,,,,,-0.20790603970275268,,,,-0.21704507465229012,-0.2427902216703473,-0.24795665692753666,-0.2430849285520511,-0.24699112056445788,-0.2587970465285832,-0.2647635507403082,-0.25823343815028327,-0.24300266475555626,-0.22718107383963065,-0.21656627556385172,-0.21333392930353479,-0.21421694135617558,-0.20870175242001,,,,,-0.21462938596141926,-0.2345542271022794,-0.26223611168060534,-0.2868856411466814,-0.2865915695147248,-0.2588604134616194,-0.2277800504097136,-0.21152442241404218,-0.20156771665897408,,,,-0.20069752578827332,-0.22708426078434418,-0.22786639321839114,-0.21397796679790126,,,,,,-0.2027367195497696,-0.24533703923731165,-0.28297444647433956,-0.30497056506597,-0.3195576170911804,-0.3332877505347582,-0.33684872461941195,-0.32711440703229133,-0.3148657914715436,-0.30899574724283446,-0.3121433949608988,-0.3202624985315966,-0.32825433606341975,-0.3406211689569332,-0.36472643610755606,-0.39652662535225697,-0.4199700655491692,-0.42185344535472735,-0.40067519708955746,-0.3598272638496669,-0.3121496161431724,-0.2895171612756416,-0.3174940041910578,-0.3799078354067142,-0.43305243542880245,-0.4515451811107102,-0.44567419236457273,-0.43509483189147263,-0.42512397412767045,-0.4189023787772903,-0.42029066703778784,-0.4202286480038021,-0.413442875030323,-0.4110679382022907,-0.41744192441530636,-0.4201860745831713,-0.41132933530561955,-0.39891236369582544,-0.3940286950167951,-0.3992101013063447,-0.41176940316857236,-0.42576395580112397,-0.4306295224101135,-0.42292685295483573,-0.4090900158793185,-0.39233604133577693,-0.3805338837343606,-0.3928032693043135,-0.43054842312030966,-0.46613776725071443,-0.47856164404722473,-0.47122044219163706,-0.4560408404819979,-0.4432593307646905,-0.43239315213319934,-0.4118827706780687,-0.38043954078284825,-0.3537178818337723,-0.345335066328483,-0.358840677221979,-0.39216430223883225,-0.42944851620696556,-0.44773028384381275,-0.4449111973643207,-0.4414701531784726,-0.4539836023924085,-0.47808365619197957,-0.4963156226237363,-0.4945545370864184,-0.47075217907307787,-0.436524435966117,-0.4112368594754985,-0.4006268005597465,-0.3851641636591513,-0.3501427247907607,-0.31096354869604675,-0.2890436964629167,-0.2855793922760358,-0.29362946265584844,-0.3115167815887847,-0.32945288524196165,-0.33078193001656214,-0.31908511482393354,-0.31495790853550204,-0.32203156754916185,-0.32214541949422637,-0.3060450124827691,-0.28710009760149025,-0.2784031246899894,-0.2734690465266062,-0.2591378538513735,-0.23631462481983195,-0.21538306840054194,,,,,,,,,,,,,,,,,,,,,,,,,,,-0.20990183491018213,-0.2249594502278977,-0.2036933914869704,,,,,,,,,,,,,,,,,,,,,,,,,,,,,,,,,,,,,,,,,,,,,,,,,,,,,,,,,,,,,,,,,,,,,,,,,,,,,,,,,,,,,,,,,,
378,,,,,,,,,,,,,,,,,,,,-0.21221911709480468,-0.23885496174544746,-0.2690509227539676,-0.28749859227797203,-0.28245413409722253,-0.2560602115346431,-0.2229822763693433,-0.20081021010737315,,,,,,,,,,-0.22822359571724332,-0.26076350718952496,-0.26563499864837664,-0.24434190948840132,-0.2111279814760566,,,,,,,,,,,,,,,,,,,,,,,,-0.22079119931469882,-0.2270040077683971,-0.21564468044757557,-0.2021209281070349,-0.20804062737475956,-0.23382509748649705,-0.25394655450489195,-0.2517555256204692,-0.2426470691539374,-0.245886744475048,-0.25743594475407927,-0.2651876010925673,-0.2659311900266359,-0.2610721876060756,-0.2501622042089439,-0.23361197980074094,-0.2192961558590943,-0.2133994310189829,-0.2104303198260522,-0.20468559517461782,-0.20342160859056546,-0.21694158313195874,-0.23757496836273745,-0.2498827752936738,-0.25978257928094517,-0.2807544070030068,-0.2991889471141543,-0.2896481115915542,-0.2558803995077358,-0.22593604836690406,-0.21383079662185334,-0.20911754750644762,,,,,-0.2093615033834923,-0.22658503453024365,-0.22157706197289445,-0.2043882339818476,,,,,-0.21491877027861458,-0.26207910486491165,-0.3014034341144072,-0.3114697941721647,-0.30599021228164447,-0.3047516075971454,-0.3025110347855974,-0.2938967213857623,-0.2903898647532266,-0.29841656457752896,-0.30771655069341075,-0.3067642619890347,-0.3020603287193704,-0.31145312973708456,-0.3383377410662201,-0.3688083092405365,-0.3869953464640186,-0.38365233560746514,-0.35578701400742685,-0.30582709440252387,-0.25191889966502135,-0.228428492229507,-0.2570845782652915,-0.3216424394372822,-0.3820101479528157,-0.41051345638137543,-0.4099265797003294,-0.3960386447382137,-0.3777925514368407,-0.3649373481008943,-0.36359545172788627,-0.3632719555504934,-0.3578592459717221,-0.35545797450569505,-0.3579667897441462,-0.35831435895027286,-0.3532077116302659,-0.34448497906952313,-0.33555196340439253,-0.3310996178992138,-0.3363619876608738,-0.34992458458003567,-0.3595414727068415,-0.35623818548166225,-0.34445152685690517,-0.332753335265509,-0.3313245454415508,-0.3517635144336362,-0.3890001455453107,-0.4183570479220533,-0.4241276439306393,-0.41028226184026617,-0.3880071426389936,-0.37058298315907645,-0.3622321456394286,-0.35187703453338726,-0.3324075798010453,-0.3128751945225119,-0.30516849119817613,-0.3135218000197332,-0.33832565349420785,-0.37209971187874025,-0.39997594247475143,-0.41508507482981377,-0.42342690418476603,-0.4346336055631046,-0.45197326134326443,-0.4680543301243171,-0.46830434181446523,-0.44296799841754025,-0.401073617516075,-0.3684138683348581,-0.3574225984297266,-0.34867357948638555,-0.32408453384728353,-0.29714282875686887,-0.290102743046989,-0.3025876646201461,-0.31824060900813894,-0.3297705536518246,-0.33742057002393844,-0.33486390378183395,-0.3226656492874912,-0.317999926631107,-0.3288587380711598,-0.3359298513308323,-0.31988362186920893,-0.29080654871577283,-0.2694561190794546,-0.2552709601155511,-0.2360531984151969,-0.21590311662193917,-0.20867314911051763,-0.21168538126247904,-0.20935263579664304,,,,,,,,,,,,,,,,,,,,,,,,,,-0.2221651188598112,-0.21410139972654815,,,,,,,,,,,,,,,,,,,,,,,,,,,,,,,,,,,,,,,,,,,,,,,,,,,,,,,,,,,,,,,,,,,,,,,,,,,,,,,,,,,,,,,,,,
383,,,,,,,,,-0.20895367276384322,-0.20164940473102916,,,,,,,,,,,-0.20827472257298751,-0.24342569524159363,-0.2665119063279169,-0.26036431248538294,-0.22974794288110317,,,,-0.20131674315078218,-0.21274192155151622,-0.21182420968497523,,,,,,-0.20808560393369568,-0.24158073115653872,-0.24446685295983106,-0.22496544705559057,,,,,,,,,,,,,,,,,,,,,,,,-0.205022759381858,-0.22626292935484868,-0.22554769733856891,-0.2117650831736021,-0.20083017831810848,-0.20873028706207597,-0.2305498209274228,-0.23888458287803305,-0.2242534380472656,-0.21208849748148417,-0.21997612532308208,-0.23429916016006389,-0.2402213718690071,-0.2403562663237839,-0.24151102732634253,-0.24076343228833122,-0.23161190647738272,-0.21940224095726446,-0.21348822972216785,-0.21427811950184378,-0.21932475665113316,-0.23077670385345028,-0.24991894782011415,-0.2659798941363623,-0.267182576007184,-0.26405798398529834,-0.27321512423975286,-0.2827778298691619,-0.2686811172239945,-0.23508213635190636,-0.20623240504617135,,,,,,,,-0.22529939795612652,-0.23009380711402383,-0.21330798420269692,,,,-0.21120331627514954,-0.23755741001152747,-0.2742516648576533,-0.2975649188830254,-0.28765334579492197,-0.26374117341822245,-0.25061397939544705,-0.245021891397065,-0.24098025546403917,-0.24862517456443883,-0.2684162018933354,-0.27926432993258876,-0.2696079590605936,-0.2575591538229833,-0.2654243816704084,-0.29080453202391354,-0.31644185713712225,-0.32899585475218907,-0.3208458417854448,-0.2884430402629675,-0.2370592047146097,,,-0.2030451177139706,-0.2632502458549695,-0.3219783729826097,-0.35541573880190347,-0.3622987843266333,-0.3527316737013315,-0.33450121658382437,-0.319000027348331,-0.3138215353306084,-0.30965366194134963,-0.29806607925804124,-0.2834960413359551,-0.2720396026810894,-0.26635072240579594,-0.26639471272881476,-0.2672560685578892,-0.2633455538944805,-0.25671950528801946,-0.25694085351323276,-0.26788998808386216,-0.27865409898384413,-0.2756718945316069,-0.2592600949701316,-0.24338834448826752,-0.24459237857789803,-0.2705840790828517,-0.31020657801689505,-0.3377814819970244,-0.338562425378776,-0.3203460527255235,-0.2997793384226318,-0.2903598533192968,-0.29215822773854355,-0.2907204929803078,-0.277043493074546,-0.2605936450850557,-0.2545251634618564,-0.25886828974288256,-0.2704917499482924,-0.293381513579964,-0.3276063194079508,-0.3620509662549949,-0.38579000812210973,-0.3992757572868656,-0.4083953558353257,-0.4128755605583513,-0.40425750139479477,-0.3755511971584682,-0.33530997838356297,-0.30689393704499657,-0.30049165305408426,-0.29834436289791355,-0.2861523402328968,-0.27584890182974064,-0.2833653182478294,-0.304693855515521,-0.3229328779959132,-0.33144058769510476,-0.33337755762731347,-0.32400232402752854,-0.30300611758318835,-0.2909600263799964,-0.303159419089986,-0.32014434767816846,-0.31228359279498413,-0.282634039292018,-0.2561473494402602,-0.23922564785001404,-0.22097584378565482,-0.20435124134148544,-0.20510414379990435,-0.22066520465057204,-0.22874037679107334,-0.22037508348499127,-0.20723299025202885,,,,,,,,,,,,,-0.20096560281638182,,,,,,,,,,,-0.21261413182253033,-0.21269868634219746,,,,,,,,,,,,,,-0.21579164114888902,-0.20588206972852652,,,,,,,,,,,,,,,,,,,,,,,,,,,,,,,,,,,,,,,,,,,,,,,,,,,,,,,,,,,,,,,,,,,,,,,,,,,
388,,,,,,,,,-0.20603011400403684,-0.20265466823611977,,,,,,,,,,,,-0.2200441521781682,-0.24622936460161704,-0.2377592729993241,,,,,,,,,,,,,,-0.2199021089749209,-0.21634643287648916,-0.20225397046422713,,,,,,,,,,,,,,,,,,,,,,,,-0.21034811773207535,-0.22649213505185528,-0.21818886576534008,-0.20040373317781832,,,-0.21701616085439274,-0.21455536826354063,,,,,,,,-0.201199007287407,-0.20690132579516654,-0.20587738484323195,-0.20318491726931354,-0.20303865577761254,-0.20990039364681845,-0.22572913037376885,-0.24575922306059755,-0.25781640758311886,-0.2533454182132166,-0.24300421077002676,-0.24332336898193105,-0.24787917323352757,-0.2368214241468392,-0.20954048590616176,,,,,,,,-0.21076177434856008,-0.23674607813150533,-0.24074011214189514,-0.223439556343402,-0.2033214563793304,-0.20458388252115903,-0.22747421750548957,-0.24972951616599073,-0.2629639396902326,-0.2699193551054865,-0.25983983914832276,-0.2277519044679488,,,,,,-0.22349485313393835,-0.2323377641644176,-0.22140330152686283,-0.21462581529433433,-0.22682697729104406,-0.24935411446402864,-0.26934037581945913,-0.2782420350952007,-0.2667180720286569,-0.23067558740472216,,,,,-0.21839334113166764,-0.2676037694550384,-0.2952317256823545,-0.30064480829878887,-0.2928368632071389,-0.27816022695874254,-0.2657970922866708,-0.26182634860949733,-0.25518749448998324,-0.23133611122659803,,,,,,,,,,,,,,,,-0.21038241502733923,-0.24155568559946733,-0.2399787190029899,-0.21832406302098664,-0.2029997928528337,-0.20693478035281812,-0.21990053671090548,-0.22035767164832992,,,,,,,-0.23401039256513692,-0.2796291412783572,-0.3117625929090272,-0.32806249926058895,-0.33271243361083047,-0.3247937897168196,-0.30378212700047313,-0.27467450804033683,-0.24840032212199015,-0.2376360272863383,-0.24069850603486653,-0.24028255509391425,-0.23324485363723785,-0.2367463467427483,-0.25702969841671935,-0.2801041804450351,-0.29398537480627684,-0.3015200798582936,-0.30406377412914676,-0.2894824414806517,-0.2582948461825992,-0.2398594461017865,-0.2556805651921022,-0.28407170946519034,-0.2878007043314789,-0.2644649654443083,-0.24028659035437877,-0.22699092852581315,-0.21524990198483332,-0.20376841074215485,-0.2064254619932101,-0.2238394574390828,-0.23545306779926317,-0.2313970020100331,-0.2210182578796736,-0.20644213291927094,,,,,,,,,,,,,-0.20216572777827996,,,,,,,,,,-0.203173408951902,-0.20773752915354832,,,,,,,,,,,,,,-0.25297653353298616,-0.2586357005386164,-0.21767816848500632,,,,,,,,,,,,,,,,,,,,,,,,,,,,,,,,,,,,,,,,,,,,,,,,,,,,,,,,,,,,,,,,,,,,,,,,,,
393,,,,,,,,,,,,,,,,,,,,,,-0.20950984871155726,-0.23273412108565586,-0.21945408701978417,,,,,,,,,,,,,,-0.20715681900942795,,,,-0.2016904847203974,-0.20297221533723925,,,,,,,,,,,,,,,,,,,,,-0.20126121701883415,-0.2122372842679212,-0.20369605852893932,,,,,,,,,,,,,,,,,,,,,-0.20592705483095883,-0.2012263434310848,,,,,,,,,,,,-0.21127285993459693,-0.22891801158201036,-0.2351392326558196,-0.22858699140281402,-0.2127231266705877,-0.20243423035027733,-0.21566499185069418,-0.24533141355752286,-0.26421169435088476,-0.2596598740647905,-0.2347234188182122,,,,,,,,,,,,,-0.21608835637662654,-0.2286873345181099,-0.23481908293725673,-0.2217779727181849,,,,,,,-0.21868272590375315,-0.23429037087899957,-0.22702554278528272,-0.20918481963031837,,,,,,,,,,,,,,,,,,,,,,,,,,,,,,,,,,,,,-0.2044368773513486,-0.21956108046161443,-0.22331774782464794,-0.2087647524628214,,,,,,,,,-0.2089666204872248,-0.23159015864473786,-0.23779423243236886,-0.24336681771414048,-0.2486414010216011,-0.23189485846310115,,,,-0.23168515509632276,-0.2461883735861216,-0.23306824802581583,-0.21655320527329086,-0.2095127452681897,-0.20570915180571503,-0.20152133825814944,-0.20423869956429797,-0.2135151996163202,-0.21722029775090734,-0.214913901967011,-0.21465584900154328,-0.20824115778235805,,,,,,,,,,,,,,,,,,,,,,,,,,,,,,,,,,,,,,-0.2594044977814863,-0.2696273908715239,-0.23345019031419612,,,,,,,,,,,,,,,,,,,,,,,,,,,,,,,,,,,,,,,,,,,,,,,,,,,,,,,,,,,,,,,,,,,,,,,,,,
398,,,,,,,,,,,,,,,,,,,,,,-0.20338731007067073,-0.22068599155218366,-0.2001043258665154,,,,,,,,,,,,,,,,,,,,,,,,,,,,,,,,,,,,,,,,,,,,,,,,,,,,,,,,,,,,,,,,,,,,,,,,,,,,-0.2093543943656259,-0.21149888139797074,,,,,,-0.22010746451910346,-0.2230138171190117,-0.2021288000470719,,,,,,,,,,,,,,,,,,,,,,,,,,,,,,,,,,,,,,,,,,,,,,,,,,,,,,,,,,,,,,,,,,,,,,,,,,,,,,,,,,,,,,,,,,,,,,,,,,,,,,,,,,,,,,,,,,,,,,,,,,,,,,,,,,,,,,,-0.240822463645887,-0.24306501327561675,-0.2112140863866795,,,,,,,,,,,,,,,,,,,,,,,,,,,,,,,,,,,,,,,,,,,,,,,,,,,,,,,,,,,,,,,,,,,,,,,,,,
403,,,,,,,,,,,,,,,,,,,,,,,,,,,,,,,,,,,,,,,,,,,,,,,,,,,,,,,,,,,,,,,,,,,,,,,,,,,,,,,,,,,,,,,,,,,,,,,,,,,,,,,,,,,,,,,,,,,,,,,,,,,,,,,,,,,,,,,,,,,,,,,,,,,,,,,,,,,,,,,,,,,,,,,0.20886122997840612,0.20540548380517196,,,,,,,,,,,,,,,,,,,,,,,,,,,,,,,,,,,,,,,,,,,,,,,,,,,,,,,,,,,,,,,,,,,,,,,,,,,,,,,,,,,,,,,,,,,,,,,,,,,,,,,,,,,,,,,,,,,,,,,,,,,,,,,,,,,,,,,,,,,,,,,,,,,,,,,,
408,,,,,,,,,,,,,,,,,,,,,,,,,,,,,,,,,,,,,,,,,,,,,,,,,,,,,,,,,,,,,,,,,,,,,,,,,,,,,,,,,,,,,,,,,,,,,,,,,,,,,,,,,,,,,,,,,,,,,,,,,,,,,,,,,,,,,,,,,,,,,,,,,,0.20483945897745715,0.2057519591873033,0.20080102400661864,0.20513963169801916,0.21761018880437127,0.22711300002618096,0.23253586137412724,0.24287406676493897,0.2593892772993285,0.2634551089372892,0.23208376968019748,,,,,,,,,,0.22942037456807374,0.26417601863205425,0.2532469966324997,0.2190123862911066,,,,,,,,,,,,,,,,,,,,,,,,,,,,,,,,,,,,,,,,,,,,,,,,,,,,,,,,,,,,,,,,,,,,,,,,,,,,,,,,,,,,,,,,,,,,,,,,,,,,,,,,,,,,,,,,,,,,,,,,,,,,,,,,,,,,,,,,,,,,,,,,,,,,,,,
413,,,,,,,,,,,,,,,,,,,,,,,,,,,,,,,,,,,,,,,,,,,,,,,,,,,,,,,,,,,,,,,,,,,,,,,,,,,,,,,,,,,,,,,,,,,,,,,,,,,,,,,,,,,,,,,,,,,,,,,,,,,,,,,,,,,,,,,,,,,,,0.21445732035938558,0.23519740146141524,0.23978804967651945,0.2393818949512009,0.2522842249454978,0.2742501410382121,0.2856955380208788,0.2828615855836164,0.2802493700071184,0.2870443401666678,0.29633808484399904,0.3009892066642325,0.30795369533871997,0.3215438114237371,0.32337693500349884,0.2919091581083957,0.2377226342375369,,,,,,,,0.21838080044174735,0.2788761491118571,0.2983536567460169,0.2823794507369635,0.26296043844469186,0.26613766894868696,0.2881035591880364,0.30448490046592447,0.29437610423293964,0.2567591223199652,0.21538127514885297,,,,,,,,,,,,,,,,,,,,,,,,,,,,,,,,,,,,,,,,,,,,,,,,,,,,,,,,,,,,,,,,,,,,,,,,,,,,,,,,,,,,,,,,,,,,,,,,,,,,,,,,,,,,,,,,,,,,,,,,,,,,,,,,,,,,,,,,,,,,,,,,,
418,,,,,,,,,,,,,,,,,,,,,,,,,,,,,,,,,,,,,,,,,,,,,,,,,,,,,,,,,,,,,,,,,,,,,,,,,,,,,,,,,,,,,,,,,,,,,,,,,,,,,,,,,,,,,,,,,0.20443874663354286,,,,,,,,,,,,,,,,,,,,,,,0.20133876694870534,0.22038745425648354,0.23775233553570796,0.2597479171381931,0.28209544789881935,0.29931840174845337,0.3070767804665408,0.30251657266864057,0.2941869011815778,0.29779525682590385,0.31459053108348145,0.3287133054031103,0.32947210746533717,0.32503390390101716,0.3306465088163941,0.3462891118864963,0.3593868551197935,0.36782011307093876,0.37404396720900257,0.36402666270126455,0.32451045434977227,0.2731151229898789,0.24202967703036501,0.2361005066300588,0.22888512122622445,,,,,0.25913813902162447,0.31583339312597014,0.3318153248079133,0.32073210410634406,0.3160845655285498,0.33794582297609965,0.36987135382376557,0.3784294295400934,0.3493108681181549,0.296517595034005,0.24941586022277695,0.22739262471331123,0.22216520580041438,0.21440642719712338,,,,,,,,,,,,,,,,,,,,,,,,,,,,,,,,,,,,,,,,,,,,,,,,,,,,,,,,,,,,,,,,,,,,,,,,,,,,,,,,,,,,,,,,,,,,,,,,,,,,,,,,,,,,,,,,,,,,,,,,,,,,,,,,,,,,,,,,,,,,,,
423,,,,,,,,,,,,,,,,,,,,,,,,,,,,,,,,,,,,,,,,,,,,,,,,,,,,,,,,,,,,,,,,,,,,,,,,,,,,,,,,,,,,,,,,,,,,,,,,,,,,,,,,,,,,0.2077897026757209,0.2053767543544832,0.20369590096443058,0.2204442998462926,0.24206056739971937,0.2434642137989147,0.22247548680756102,,,,0.20405064427536268,0.2124423672769139,0.2115351488761816,0.20944684390504997,0.2146284701427026,0.2207628263115679,0.2195230065637067,0.21735606203905078,0.22046616180414882,0.22157991016780004,0.21549244909774634,0.20704895028473624,0.20006482450122845,,,,0.20091440847933661,0.2284370237001917,0.25147808180228226,0.27003931455790897,0.2924926754682631,0.32004978055894606,0.3417056490914039,0.35153620156604815,0.35294147580461244,0.34690686733830495,0.33651768113530495,0.3329546683023864,0.34076484866352186,0.3489059757182241,0.3464271692515765,0.3404774351491746,0.34958531204128074,0.37560874786872434,0.3997423087729721,0.4102787896815778,0.4063389402964389,0.3797511942950952,0.32776803280249533,0.2742377620269037,0.24666651101762832,0.24231686764067223,0.23538964376499322,0.2088938454498323,,,0.220212828285542,0.29060028627933293,0.34475579394670997,0.36665825973890387,0.3671146555825411,0.3712594778011732,0.3951286743079033,0.42203709201227335,0.4203856433308465,0.3815026264378674,0.3259100537180022,0.28256331977631904,0.263679476807414,0.25694099004347637,0.2462153446229371,0.2276782107584862,0.20702184125514428,,,,,,,,,,,,,,,0.20467341356838645,,,,,,,,,,,,,,,,,,,,,,,,,,,,,,,,,,,,,,,,,,,,,,,,,,,,,,,,,,,,,,,,,,,,,,,,,,,,,,,,,,,,,,,,,,,,,,,,,,,,,,,,,,,,,,,,,,,,,,,,,,,,,
428,,,,,,,,,,,,,,,,,,,,,,,,,,,,,,,,,,,,,,,,,,,,,,,,,,,,,,,,,,,,,,,,,,,,,,,,,,,,,,,0.21486939776412523,0.21751524151879748,0.21268503538209013,0.2138894268911744,0.21475235425294817,0.20329847970668274,,,,,,,,,,,,,,,,,,,,,,0.213795777764176,0.2304228484737803,0.23879018334373392,0.2364827717653179,0.23637685947231243,0.25185193143634965,0.27150232768625626,0.27316415653213755,0.25367499153128015,0.22973553673445143,0.21830880073657954,0.2246920301481795,0.2422230177382042,0.25485378747090576,0.24946250021155975,0.23260569435005174,0.22197262978594562,0.22319433336676986,0.23251306248247133,0.24979428048983335,0.2686819312482557,0.27526406364014405,0.26852986913453847,0.26050832609664715,0.2573443114788705,0.2527390210435805,0.24435930571189218,0.24419930460257094,0.258492059916591,0.27792504478198077,0.29476797532375254,0.31129138167119114,0.3322529109525574,0.35481023689636465,0.36929277373045394,0.37316311866345975,0.3720459118501287,0.3666007542984778,0.357166614517314,0.3525940499525424,0.35699604988900285,0.3601438512738231,0.3532771455126327,0.34622010472723297,0.3572224048165369,0.3860135953879719,0.41278794810697733,0.4230334453102655,0.41252835619722505,0.3761340127316137,0.3180082310934327,0.26250752637438995,0.22988772728014908,0.21494323927049974,0.201490690915573,,,,0.2499929442478364,0.3154529096649223,0.3647615632015373,0.3929028413699972,0.4043443112544747,0.4108519431266895,0.42584624515990555,0.4425258747857078,0.438636038047912,0.40638317304442445,0.36159263129026603,0.32636990256829185,0.30866306674107064,0.3002654434385741,0.29122993396513586,0.2749265549455793,0.2508521547274253,0.22820382381202312,0.21674043579946115,0.21983488440365373,0.23037436052639396,0.23414669539279567,0.22621044634555262,0.20972692848823693,,,,,,0.209332847856182,0.22331214729871107,0.2276075517455659,0.2189083941104234,0.20416923280951965,,,,0.20187213180827646,0.20514728263473897,,,,,,,,,,,,,,,,,,,,,,,,,,,,,,,,,,,,,,,,,,,,,,,,,,,,,,,,,,,,,,,,,,,,,,,,,,,,,,,,,,,,,,,,,,,,,,,,,,,,,,,,,,,,,,,,,,,,,,
433,,,,,,,,,,,0.204886869182841,,,,,,,,,,,,,,,,,,,,,,,,,,0.20098049225534254,0.20846154456579674,,,,,,,,,,,,,,,,,,,,,,,,,,,,,,,,,,,,,,,,,0.22300800682230207,0.2291598824952413,0.2259349478077775,0.22759309036288122,0.23172069753594476,0.2301071216404014,0.21202950090204936,,,,,,,0.20303979478632014,,,,,,,,,,,,,0.20276298786687097,0.23082679782334337,0.24668242432342763,0.25139537934895506,0.249150520712757,0.2514831636199292,0.26884951820502817,0.2919357893659851,0.29884484859083094,0.28181685827055786,0.25574849803017685,0.2418076789630641,0.2489507069393886,0.26803629331308354,0.2781259005959591,0.26605282118372436,0.24266156232418307,0.22788228167691438,0.228351365686563,0.24385991760353598,0.27306559513859097,0.30044250521516946,0.308538700367597,0.3031135732614816,0.30140234728760085,0.30724302963091454,0.30958156904106726,0.30305051157981766,0.29860522010132645,0.30439050535462137,0.3153005678552542,0.3270921438812758,0.3417981372380129,0.3587842693177391,0.3719713911880914,0.3770806206314725,0.37687721427711696,0.3745591104068414,0.3669264349264486,0.3548736665832819,0.3493618240905233,0.3548837740261406,0.3606831865310236,0.35798833510177114,0.35476763595043903,0.3635192786265312,0.3827256693227763,0.4008713595326408,0.40870411750126595,0.3987659936054463,0.3645989336165892,0.3117151501327203,0.25888124929578626,0.21660857494154878,,,,,,0.25481440179489667,0.3214742088324051,0.37076380529734043,0.4053093462108773,0.42513858602649857,0.43172601887809614,0.4370807222189689,0.4461627190292946,0.4472968319229097,0.4305737466893077,0.4016846886523251,0.373363180561488,0.35251920897389205,0.3404272848819549,0.33516044178540705,0.3264358012129075,0.30554855601316,0.2798797428493185,0.26501919695030385,0.2697583870680191,0.28590082948331436,0.2952308910198742,0.2892092402589369,0.2683897484035869,0.23902109280419837,0.22074835400207674,0.2261525065244062,0.24087098983492006,0.25016700663299307,0.2560479257839329,0.25714641082031764,0.2456287187873934,0.22692759081259217,0.21377636066334027,0.2091369265848813,0.21344171090533245,0.2284449158294577,0.24746384149651504,0.2555236499893188,0.23917338791412485,0.20006545010029447,,,,,,,,,,,,,,,,,,,,,,,,,,,,,,,,,,,,,,,,,,,,,,,,,,,,,,,,,,,,,,,,,,,,,,,,,,,,,,,,,,,,,,0.20275709218440746,0.20811715799002706,,,,,,,,,,,,,,,,,,,,,,,,,,,,,
438,,0.20166806170277454,0.2296036366688256,0.21457816015129597,,,,,0.22222869862953507,0.24176978597570714,0.24695365980384926,0.23081943106829794,,,,,,,,,,0.21762117906147432,0.22546686645045438,0.2064924604195148,,,,,,,,,0.20586200360760915,0.20120805935121527,,,,0.20954093002371632,0.20249269166662565,,,,,,,,,,,,,,,,,,,,,,,,,,,,,,,,,,,,,,,,0.22363951243953595,0.22938241268209594,0.22378195421914304,0.2216674828953922,0.2272029650411105,0.23629275398831567,0.2359978903485212,0.21308705041308612,,,,,,0.20244998677352372,,,,,,,,,,,,,0.20277109195098733,0.2361977156201104,0.2556873750211224,0.26174620903408025,0.262783448332473,0.2695038794532248,0.28870892036272944,0.3128853896452171,0.32329132052988585,0.3092967293938391,0.28282262268235725,0.2679836312028537,0.2757839137504687,0.29322182247678646,0.2973420769778539,0.2804228638641524,0.25775769745466226,0.24523935176417405,0.24467052102151018,0.2582340524739524,0.28670808770341427,0.31201744559124706,0.3188113500969496,0.31878270563641353,0.3284120266070434,0.3448387337417791,0.3521090340075508,0.34418673941499905,0.33345288565365,0.33145850651671943,0.337338171721958,0.3476773322914291,0.36158439638072837,0.37461084356112995,0.3803964884852177,0.37991654916503015,0.3785810060103457,0.37434296157732483,0.3602768347289492,0.34080674516680315,0.33126988959078274,0.3378248833154909,0.350344975131081,0.35832593133113133,0.36264622339088604,0.36650278311646084,0.36855382963816297,0.3705871265703994,0.3743521499546523,0.3704432602232197,0.34646094522134896,0.30442131451320276,0.25670548303714674,0.20635446788858347,,,,,,0.22469819166306237,0.3010080993139483,0.36119878243591064,0.40862224818688875,0.4386954400202451,0.4479582905465428,0.44882387916405864,0.4539134190007449,0.45944569035521987,0.45497912295785164,0.4385081166814807,0.41534001333355797,0.3918751264710143,0.3757358043387071,0.3704861470532489,0.36664307102874155,0.35188224368641396,0.3281413508993605,0.3107251051250923,0.31239425430698015,0.32754446884101823,0.33909710268716053,0.33687945937716524,0.3179970981645381,0.2882693105601952,0.2678390698720655,0.2693292742220377,0.28138891319823106,0.2900641093954818,0.2923987477121547,0.2848230201227804,0.2631384437242151,0.23712663538678425,0.2229189742409597,0.2245581577373441,0.2384182522115775,0.25994727465508594,0.2806661434300157,0.2895267142838523,0.2771153357658086,0.24368210847074862,0.20664378189000637,,,0.21602032476636973,0.2180424058986765,0.2026010951184835,,,,,,,,,,0.20115018103545768,0.20400673812173603,,,,,,,,,,,,,,,,0.21108871527324197,0.22455732871937711,0.22301492552228674,0.20624951776602174,,,,,,,,,,,,,,,,,,,,,,,,,,,,,,,,,,,,,,,,,,,,0.21407495097606621,0.23239588051831164,0.24199800504824376,0.23468407060631277,0.2193568063635875,0.2165356944237587,0.2290117255729588,0.23339755521412384,0.21423554568224706,,,,,,,,,,,,,,,,,,,,,,,,,,,,
443,,0.21624071473229028,0.2370309021496247,0.22104923427387346,,,,0.21079851664679816,0.2332225824222506,0.2480240552867666,0.25142276451528867,0.2375917218474542,0.2069656989393598,,,,,,,,,0.2293624358702986,0.2419178852110932,0.22641591107163908,,,,,,,,,0.21676334086417295,0.21474723789832595,0.2004377449584584,,,0.20251040386641117,0.20818702734580963,0.20107309946668817,,,,0.21066774320793483,0.21387194755641328,0.20871364126736508,,,,,,,0.20473455853181552,0.2202019744968438,0.21791395384633622,0.20347244355852329,,,0.20119530127323512,,,,,,,,,,,,,,,,,,,0.20368499044502558,0.22579929638359097,0.2305217944400497,0.2222125868420483,0.2136558285091919,0.21474671893019864,0.22630020610873697,0.23735608014425263,0.23314351665813873,0.21226799339968913,,,,,,,,,,,0.20200293515587386,0.20493123546966885,,,,,,,0.2353496392917297,0.2635542732184891,0.2772262584398089,0.28375213732856414,0.29215421366900896,0.3064158598512439,0.32438274278953183,0.33643490849813595,0.33055478011644357,0.31034771028073893,0.29673813133165183,0.3020175161699542,0.31345675443718246,0.3106564759790742,0.2928772056593957,0.276641426330183,0.2701451501842344,0.2697865509717036,0.2779470980087498,0.2961492560410068,0.31047818810905065,0.31422130201840803,0.3216104019947978,0.3415606422362829,0.36276369727929936,0.3677248716006164,0.3543048475073336,0.3384659121550431,0.33393048903819733,0.3408060351878931,0.3532923841305641,0.36723453926796057,0.378577250660528,0.38390523636378027,0.38568445154236175,0.38638301091941485,0.3785189083294367,0.354870794295141,0.3252819831768242,0.30910791931562287,0.3142798026621423,0.33241064050864844,0.35142373216198763,0.36459754342437406,0.36560777717993886,0.3510191098640739,0.3335927213465469,0.3293928440519433,0.3307693035826538,0.3168313339718769,0.2829716008585773,0.23789034584690089,,,,,,,,0.2648504210971676,0.3411935394219863,0.40683724873773996,0.44996733084819984,0.4644374223098807,0.46489520606311213,0.4675803813730236,0.47340061101822717,0.47426913786045166,0.46555318095007947,0.44844154381183243,0.4275440670326323,0.410114916919858,0.4006694785428139,0.39487367593612943,0.38290673230836714,0.3602840278892898,0.3373810000674561,0.3310630549030781,0.34318840438607023,0.3599098936012002,0.36745441747304464,0.3577317756247329,0.3342292266413201,0.313607699628161,0.30545963702062534,0.30423751233382934,0.30440926737825735,0.3033269037092958,0.2947458777469459,0.27400410985547496,0.2487756213295956,0.2336221993400588,0.23582449982421594,0.25396908458227696,0.2800831068943228,0.3017962506876115,0.30885926050227197,0.2962362250419527,0.2668252204891214,0.2359313171670926,0.22179679762774834,0.22623010245927638,0.23407542353432254,0.23110249251253656,0.21514075396945975,,,,,,,0.20137877946596794,0.20265066558795097,0.21549099339784833,0.23598971206624372,0.2455489939960892,0.23607790796701128,0.2144162866063496,,,,,,,,,,,,,0.2023225158486073,0.2256185310389665,0.23919414199127698,0.2313721932323542,0.2058293158013874,,,,,,,,,,,,,,,,,,,,,,,,,,,,,,,,,,,,,,,,0.20361854101458965,,,,0.21387034561460588,0.24042718619820633,0.25856682004249243,0.2506011831936355,0.22559472704228348,0.21299045340913214,0.2232720095156427,0.23506700123856547,0.227119792374174,0.20626542052973307,,,,,,,,,,,,,,,,,,,,,,,,,,,0.21482631181431142
448,0.20300161121314234,0.22282955663838472,0.2360446936082154,0.22446771933454682,0.20160400757007857,,,0.20898704827495926,0.21957435498241268,0.2239712844871259,0.2245602964285438,0.22324590521462717,0.21397122807835584,,,,,,,,,0.22665244220728648,0.2447562031482612,0.23972747123613047,0.22133379844424056,0.20193200950453738,,,,,,,0.21209732937734635,0.2150360244840224,0.20299784269672966,,,,0.21046588874816757,0.21627952166120692,0.2057205508471947,0.20288946450415227,0.21953865757506102,0.23729202146737652,0.24283515773765313,0.24127194553030468,0.23678311902948826,0.23306289546600661,0.2352206657066931,0.23637561509295987,0.228433575077854,0.2225348313409954,0.23147309501487776,0.24205065151799887,0.2345244141042772,0.21335814547624665,,,0.20695127154220022,0.21391630655493624,0.21585770395771747,0.20697465927931263,,,,,,,,,,,,,0.2083614753358587,0.205465181825373,0.2059168307448204,0.2183482151088576,0.23457026045383383,0.24019726101319094,0.23070606700968138,0.2156149121747707,0.20766910586766868,0.21112451036720925,0.22078351813211533,0.22638797630880025,0.22007009992883098,0.20485348471421566,,,,,,,,,,,0.20597514040469556,0.2054103151802794,0.20024723561544316,,,,,0.23330216220866568,0.26970873269958234,0.28944579660062886,0.29790662696641695,0.30358213011672,0.3092181620928517,0.31881355101910136,0.3324275267659939,0.33742313095452736,0.32723870586143444,0.3154847185734143,0.3160084899602652,0.3204421997707937,0.3117087871552363,0.2943249669746423,0.28570730732115523,0.28712043346191607,0.28990672360892855,0.2944912233924941,0.3014805748544161,0.3037144864518577,0.3038604341570425,0.3148695684653853,0.3370141943454211,0.3542426835807654,0.351944974491651,0.3336046985125587,0.31668304227386085,0.3134273717691811,0.32305188214663993,0.33821429225443633,0.3534372086189349,0.36690111877096276,0.37764281928981824,0.38584786695260237,0.3896179953323582,0.3793935157056635,0.34933995675739576,0.31162867344774003,0.2871069095401164,0.28707447588163415,0.30723438008539344,0.3352131180454331,0.3591525134555796,0.36458840133694265,0.3415507161003857,0.3073668654929873,0.2920032272550609,0.2934214208759399,0.28383101713951325,0.2520925939089772,0.20580492355231256,,,,,,,,0.23427785690070124,0.3218653763170467,0.3999530188343584,0.4508124680644767,0.46799755725259345,0.4696265439341817,0.4725770479207797,0.47846665521047105,0.4820203689740331,0.4797294056456438,0.47108596423592025,0.45752339079940363,0.4421439356758316,0.42777588538438593,0.4156191300475753,0.4019962219082847,0.37947642762355116,0.3522717416259705,0.3390521050859488,0.3492947621367749,0.37154903375109044,0.38790255697506293,0.387473681741508,0.3719239952357213,0.3515184767354924,0.331050655142119,0.3112345153621951,0.29746112257731083,0.291478385483254,0.28607753136521197,0.27315518002294636,0.25355690222898813,0.23801184827696856,0.2384698789001653,0.2591268507420508,0.29070071542749243,0.31491408708611046,0.31828480044958884,0.2998715212365942,0.2697150071393562,0.24416064788265562,0.23250407430844605,0.22763732270846287,0.22131424822583246,0.2142598242497732,0.20653512025677084,,,,,,0.21450779276288506,0.22030890023629376,0.2185754358473913,0.22901186302927284,0.24750165139496969,0.25655960583202697,0.24881594876113472,0.22899313592674836,0.20595254887990325,,,,,,,,,,,,0.21053269939086777,0.22627243426414506,0.23033214180807238,0.21844983445094063,,,,,,,,,,,,,,,,,,,,,,,,,0.20303164180786004,,,,,,,,,,,,,,0.20688883104724975,0.21791171518107663,0.20740220585905828,,,,,0.2260181493232124,0.2501393801122277,0.2402604018434901,0.2067376754547407,,,0.2087761817950954,0.2185918481676814,0.21766821259050195,0.2170524826839757,0.21836683753782554,0.2088078394965428,,,,,,,,,,0.2006918587177196,,,,,,,,,,,,,0.2077414590392492,0.2211273649721197
453,0.22159149301935305,0.22858019526829265,0.23453986148596584,0.22820851989802224,0.21106267160725778,,,,,,,0.21167224972006687,0.2280064077266117,0.22710181235469923,0.21720587559273286,0.20807631199037294,,,,,,0.23205408099777672,0.2517709085491634,0.25523180344071716,0.24704312309778456,0.22972794932941173,0.2071478645198898,,,,,,,,,,,,0.2115405874990784,0.22354420900707653,0.21693605846100733,0.21645160747309064,0.2352810953518292,0.2539901225565283,0.2598614731822393,0.26379015724699484,0.2717514800164529,0.2800966158060132,0.2865787498509367,0.2849673297214512,0.2713209182365955,0.2567215455454984,0.2532110272641363,0.25369524961889883,0.2448108037211631,0.22808338064246414,0.21542061603591642,0.21347719829391967,0.22000332480989254,0.230665685814278,0.23994229518642562,0.23718404571644552,0.21411652656580854,,,,,,,,,,,0.22355010136386277,0.24171107339577122,0.23994327543502653,0.235616592133437,0.24031050464834502,0.253113498467874,0.2604189654848055,0.2514967590907281,0.23283614951892034,0.21599022343221846,0.20470625982780094,0.20095589823953813,0.20446077454770523,0.20762404640697912,0.2043097608861705,,,,,,,,,,,,0.20162169820572656,0.20649991654819996,0.20462247847974985,,,0.20328941785816168,0.240708247759789,0.27435884134478755,0.2893737998549874,0.2944301285108071,0.2983065707771484,0.30054636863692663,0.30600966641721317,0.31948737735962524,0.3305448487121715,0.3282728823840437,0.31890121798205223,0.31557771287455705,0.3147660288890543,0.3014578796519931,0.28187670734448034,0.27567408019683126,0.2830348955336568,0.2929939998597681,0.30217905040241605,0.30752106169776766,0.30471704503721464,0.30026017675589306,0.30464902029112473,0.3162977847831637,0.3233027999799708,0.31716074252326953,0.3019808806048812,0.288617256719995,0.2846293780634201,0.29225491720313107,0.30819250945895027,0.32649601497359254,0.3441277404307026,0.35956842213559115,0.3708659228944313,0.3756559178242992,0.36754466918372564,0.34207230373563463,0.30624987350028343,0.2757762551195976,0.2663692792744888,0.28189622778249507,0.31240317493071645,0.34469756957169917,0.35952923322587405,0.3384257478748115,0.29705756836695285,0.27448778325324574,0.2745515682382843,0.2650353879362336,0.23010064600445085,,,,,,,,,0.22197851592771523,0.31140019310582434,0.38884723631827645,0.4364935261643098,0.45131960354157274,0.45452650182885157,0.46086331012051407,0.4692301912924533,0.47607748009430384,0.480502031656441,0.4809274846767472,0.4748523140073051,0.4622601285320758,0.44542489511544753,0.42829949280854607,0.4127699022407597,0.39372610532969965,0.370289230181511,0.3561970338861667,0.36284568642142784,0.38201569449018175,0.39684970747772585,0.3985970674644483,0.38834209097397976,0.36894665334348953,0.3402379271022244,0.3077855887248365,0.2845278278720964,0.27530324172324583,0.2724286015462432,0.2646464398100627,0.24813350291522976,0.2322571083567055,0.23216043166139605,0.2555424518387824,0.2931571160733957,0.3216842561666615,0.322099591793288,0.2957625427757976,0.26117142816038863,0.2370441713929842,0.2236683712092986,0.2068282404288071,,,,,,,,0.20892626504495104,0.23091459082427054,0.23172306761043154,0.2237687952411217,0.22810927980279866,0.24112241862296996,0.2457536112935181,0.236401135371082,0.21956320431468268,0.20420638079167597,,0.20249206514124807,0.21433762989383418,0.2205476153147412,0.21301743348528818,,,,,,0.20068488187343658,0.21393294787149425,0.2167498689456639,0.20662019792229064,,,,,,,,,,,,,,,,,,,,,,,,0.2047279111442571,0.22170142119353814,0.22236727823712046,0.20441610006438993,,,,,,,,,,,,0.21749928684449782,0.23340998649488587,0.23210963631303405,0.20873932672384915,,,,,,0.22391258754475568,0.21326028487314624,,,,,,0.20983162072949646,0.22217822326513342,0.229230301921085,0.2213402897152084,,,,,,,,,,,,,,,,,,,,,,,,
458,0.23756116628231272,0.2317861567201118,0.22733200207434473,0.2193771471594661,0.20222248476201263,,,,,,,0.21748413003866246,0.2509357215588722,0.2557455216724881,0.23758799819560456,0.21748317144889814,,,,,0.2218235178158792,0.24953510568943757,0.2644024326361949,0.2694277733536379,0.265862370183169,0.24857866099579112,0.22656193252899387,0.21476887070737588,0.20730706242462016,,,,,,,,,,0.21331416645324958,0.22410963741356787,0.21760677836584696,0.2170448227190161,0.2350602481963034,0.25462513354666527,0.26439158261908313,0.2756375736101171,0.29428246796594604,0.3135322000637618,0.326024156367224,0.32410443691042257,0.3059346359591511,0.28201218762298175,0.2637256130605,0.2522470240601945,0.24446339801510253,0.23980411582471656,0.23751714663226642,0.23484941026473416,0.23259149293545867,0.23624991316849708,0.24554294030196966,0.24828851355875997,0.2316248640662883,,,,,,,,,,0.20686127355865336,0.2495763879037367,0.2685940439019014,0.26870868959592265,0.26336948320985765,0.2635877756868841,0.27317557887301425,0.2802507914930122,0.27195512408217926,0.254160528615992,0.23541658375113234,0.2149034132985015,,,,0.20258963681866246,,,,,,,,,,,,,0.20307766089690532,0.20925444607710866,0.2096196771510681,0.21233671864672635,0.23097447485459732,0.26065948695418995,0.2790817311459481,0.2804769664159352,0.2804624125976187,0.28598551522538995,0.29037366823605903,0.29474852056854284,0.3044820388992907,0.3146145440320033,0.3176330284081366,0.31384792211253437,0.3099652228702888,0.3047779076420303,0.2877241670069691,0.2651003423087816,0.2565909235355054,0.26642293202687173,0.286619068408369,0.3087211252402137,0.32202802983038425,0.32088561880509103,0.3119160245143167,0.30336498537722234,0.29624771463443167,0.2889745370832327,0.28242390572693477,0.27725707914024256,0.27024874434019586,0.26212199414874215,0.2630095308563161,0.27889359508557626,0.30247618815673055,0.3238660680200537,0.33825551198891735,0.3447089068886227,0.3449965125165246,0.34016350688096386,0.32915468603608655,0.3084489483742906,0.2794033430440665,0.2587488073353553,0.2616884201848785,0.2847574063499584,0.3166642126482946,0.3371416709317678,0.32218382520962946,0.28400709425252335,0.26429115318265906,0.2682946002933843,0.2593885156915975,0.218593368970661,,,,,,,,,0.22172462910661417,0.3038834805935642,0.3710667515905693,0.41021242486287374,0.4222036230306473,0.42785637304296076,0.43779783427031504,0.44827475006827977,0.4576649640670247,0.4674981287998893,0.4747147440141362,0.47300959251957664,0.4618008256433002,0.4458489457191381,0.42986615084020263,0.41710422641526457,0.4056485376445438,0.3914139675220354,0.3785999309277152,0.37544870123536045,0.3807474801496731,0.38595911349836753,0.38623754715379877,0.3808163899015604,0.36588534275250184,0.3375051366016879,0.3040943333348153,0.28110891206430344,0.27179683533212656,0.26662728608532765,0.2555898456855011,0.2381568309285042,0.2248428859470582,0.2281708911412737,0.25388596602950064,0.2938769650536688,0.3243086808877865,0.32308059617188156,0.29217867560143307,0.2551301117114031,0.23148684368500555,0.2158663993761294,,,,,,,,,0.21796617652354194,0.2410292253547065,0.23822995573158579,0.22519808753341714,0.22526758759137508,0.23333634848428825,0.2306354594425563,0.21465169500237746,,,,0.21237815801066223,0.22525554826809585,0.22722581677947107,0.21805034119307565,0.20064658585879963,,,,,,0.20836435279382942,0.20185356470575744,,,,0.2200331558494486,0.2214452932025812,,,,,,,,,,,,,,,,,,,,0.20384276076086602,0.22259620765063756,0.22796427912145756,0.2144717647501468,,,,,,,,,,,,0.2272051754711965,0.24482659465623655,0.24256701882761175,0.21412825628211726,,,,,,,,,,,,,,0.2038436557868688,0.2130125343106228,0.21181296491773705,,,,,,,,,,,,,,,,,,0.2183226802711956,0.2234801045159407,0.20814696199738011,,,,
463,0.24817360414038347,0.23184398395448164,0.2155361600363912,0.2004949833743133,,,,,,,,0.23232415892937208,0.27175118740767973,0.2733993961378139,0.2458248565154672,0.2194791624149973,0.20550469364022877,,0.2021925009236021,0.2197767541223454,0.2442744634446917,0.26364436836752597,0.27324828287635844,0.27816223340154156,0.2752784521984271,0.2564187972206532,0.23598943196891112,0.23540081713279365,0.24269321211288397,0.22721952941927004,,,,,,,,0.20155731636837454,0.2215173626153229,0.22325347147810387,0.2115174404207054,0.20607151210014077,0.21828624789763673,0.2370101716624216,0.2533978202998308,0.27356943060237604,0.2993600601730784,0.324211026471171,0.3406848476268861,0.34004208146922926,0.31980446795592693,0.2891645238720078,0.2598996819339512,0.24041517864972792,0.2357278535573839,0.24301637124866562,0.24985918258676043,0.24386620532616665,0.22787172385949908,0.21948044798907185,0.22766781790669555,0.2378790992000927,0.23033873445097586,0.20685212357436233,,,,,,,,,0.22244246767697995,0.25772452250188294,0.2728163274480164,0.273690885137043,0.27034775642890496,0.27106042761446847,0.27977619600464754,0.285674647363907,0.27806077022494063,0.26548114146760116,0.2551571534574306,0.24103730272554486,0.22384894736049862,0.21274783983900414,0.2106278916052713,0.21016271902278405,,,,,,,,,,,,,0.20700567257946795,0.22161435890811507,0.23087832892412014,0.2413278426739991,0.2599444552515404,0.2782603956290346,0.2801769895835666,0.27018839004719647,0.26811979332142916,0.2774394780990784,0.2859114113522587,0.2892549341205104,0.291175926456651,0.2943577258474152,0.3000701987954793,0.3046222903707704,0.30298360012764236,0.2930991467837711,0.27417863304642465,0.2542210739044908,0.24665804758568566,0.25741969214684174,0.28473696697952855,0.3172531424323447,0.3373648513084615,0.33932604154382817,0.33080104598401294,0.3157760672905931,0.29331392915874366,0.26985493381879894,0.25797784539374186,0.258888089719699,0.2576044049228197,0.24731577072396876,0.2438275896088109,0.26147184401951734,0.29110549123139023,0.3135090537801153,0.3193948058532958,0.3119539362342906,0.30011499196488656,0.2937973235315591,0.29786990333895214,0.29950464331463933,0.28164323647602024,0.2551625441735262,0.24425965716518405,0.254482532528447,0.2774407826671923,0.29335444263172844,0.2791106439527257,0.24749645386670494,0.23798796012671092,0.2508530387907998,0.2444828274162874,,,,,,,,,,0.2154485604706045,0.2845833723272559,0.34067506728668595,0.37606834235105996,0.39143747476123464,0.40242539416120593,0.4152954667945203,0.42565935384155695,0.43439892894651555,0.44549139212697086,0.45572888687052,0.4562285833108556,0.44596264009999054,0.4332257307893093,0.4237094405662909,0.417823964998263,0.41324842959027147,0.4049584970364091,0.39008905723039555,0.37312340173244196,0.3613697042595975,0.3575688615816923,0.35985978700430304,0.3631912580663672,0.3574037834277693,0.33522375136075405,0.3061528521933976,0.2866723254414793,0.27774732732338936,0.26793251285962283,0.25170389619294997,0.23519622760788245,0.2277776940558916,0.23483983736247083,0.2588290816215255,0.2947769555750295,0.32299769826978986,0.32267533737379106,0.2952365163107251,0.26292143883173386,0.24319426147504716,0.23009782688879044,0.20894895060098262,,,,,,,,0.22230862125762518,0.24936797949015574,0.2466414061343658,0.2323032713692495,0.22998956952873575,0.23235710791792027,0.2212012588065875,,,,,0.21380334288972386,0.2259650520258884,0.22445755651851812,0.21494766802852558,,,,,,,,,,,0.21258601523981693,0.25204059228137776,0.2533652684880646,0.21735961373975232,,,,,,,0.20571657653940859,0.20474525646479003,,,,,,,,,,,,0.21204091145457077,0.22581718968204373,0.22672362522503298,0.21110817712475355,,,,,,,,,,,0.21003061848591215,0.23781649335259863,0.24508298550444535,0.22086333642760964,,,,,,,,,,,,,,,,,,,,,,,,,,,,,,,,,0.202056841340153,0.22328515095588863,0.21314285047130482,,,,,
468,0.2497285598770419,0.22845350640490372,0.20588038405034792,,,,,,,,,0.24065168192119363,0.27690322856240324,0.27389112627893886,0.24560382789367968,0.2244513068621789,0.22089103627893775,0.2240129175729134,0.2289511223211555,0.2385955853907575,0.2519451708573742,0.26425856342022624,0.27409118598682225,0.2821340807387836,0.2800237762153092,0.2611009597285937,0.24279605782866995,0.24735885254850848,0.2620622410883483,0.25115870553115116,0.20614570107568103,,,,,,0.20046883343251576,0.2291196905428935,0.23543148743995718,0.2232890106234505,0.20524977828752977,,0.201031617254399,0.21487387969518537,0.2333954502885231,0.2594157784084111,0.2894546028422615,0.31493217329837053,0.32972011499913745,0.32864748748171396,0.30962074470366013,0.277733097942711,0.2441664777768955,0.22371607865448656,0.22532008527234954,0.24056652687105856,0.24914226062501824,0.23666293219702472,0.20983381818515426,,0.20299393806355265,0.2199043674971074,0.2208160254721383,0.20839444727408535,0.20294086118688584,0.21144956732456732,0.22139619898395774,0.21656281600736754,,,,,0.20746716476754168,0.23934002074189142,0.25241542022785113,0.25579036299570845,0.2580262858007338,0.26343097723316944,0.27342243133942157,0.27929639362435604,0.27460443220181335,0.26930753182721,0.27027576862552205,0.2701474560201837,0.26335139399047136,0.2505948718694891,0.2349948996172277,0.21975484255407002,0.2001812924308195,,,,,0.20314394662655805,,,,,,,0.2143373930893912,0.23339845079741456,0.24483786367020072,0.25458808647805053,0.26794154816206694,0.2773563240250737,0.2720250748560384,0.26004310082733884,0.2601750114368194,0.274687805797005,0.28920600906708516,0.2921806404945978,0.2839760279653041,0.27589962006557817,0.2790924546436523,0.2880809927751078,0.2872902119717468,0.27294510437919517,0.25575899537050534,0.24701180234048994,0.24891978494766173,0.2614370787710433,0.28721897199817154,0.31809433055504355,0.3370227112367263,0.34147810143998447,0.3396703921062795,0.3286544168920357,0.30140151755543376,0.26610413406108935,0.24224172351629408,0.23716791304251916,0.23723684479919568,0.231935445979699,0.23312438348336145,0.25485018582986896,0.2870602225612813,0.30577469811073354,0.29931061088791266,0.274850173518834,0.24775494207920792,0.23524617464352157,0.24806985652888397,0.27014044128189785,0.2716032544436682,0.2521927840655904,0.2359956640326673,0.23518831067425755,0.24454309544376285,0.24614192854482486,0.22389645189785584,,,0.21369344723102374,0.20768811510423932,,,,,,,,,,,0.24926918244004823,0.30166569595011766,0.3419118824654225,0.3668175791049378,0.38585600041310686,0.4025167741608475,0.41213013691332595,0.4169182824204365,0.4238971423911514,0.4324599813917692,0.4333552650325249,0.4248348633517337,0.4172286445399921,0.4157791149432377,0.41571857448267224,0.4131602091625106,0.40583504801088055,0.3890827476333259,0.36376513764669205,0.34127389405462266,0.332670904835523,0.3386896296289258,0.3501403387093879,0.35203289227402523,0.3345430498431142,0.30618496406747686,0.28531745188512164,0.27596188828585944,0.26716321346812455,0.25443293172457593,0.24416693721932145,0.24057220412387836,0.2441956045412386,0.25895115779570776,0.2857843998702837,0.31109368447178987,0.3167828841857221,0.30160918654960045,0.2808423238304121,0.26852387392048616,0.26314661460282596,0.2509187972525815,0.22505073546911536,,,,,,,0.22809868723300744,0.2588495124890911,0.25840270979584257,0.24443007182220883,0.23796083936020282,0.2328895584141471,0.21757995240903436,,,,,0.2169854155470654,0.22998014917163528,0.228006545621337,0.21909309874593952,0.20654678616060174,,,,,,,,,,0.23497314163908806,0.27698554348271676,0.27705273488824256,0.2352651945976284,,,,,,0.2006596304917822,0.223560719786109,0.23080534164715272,0.2084877523434262,,,0.2011701500111378,0.2160294789784608,0.2048613697020673,,,,,,0.2095421463102435,0.22475349641389247,0.23530746812196773,0.22904259080504497,0.21122976865242094,,,,,,,,,,,0.21743058092479658,0.2342316468464333,0.21997550099883273,,,,,,,,,,,,,,,,,,,,,,,,,,,,,,,,,,0.20714250601415424,,,,,,
473,0.24250349078259642,0.22093620610255554,,,,,,,,,,0.2362666159428572,0.26339647697250756,0.2600551818875647,0.24269388075081255,0.2366259154287895,0.24387932037714444,0.24893909364830458,0.24629695014838104,0.24308466660458716,0.24506291891155568,0.25237864341516736,0.26366963596022797,0.27482516310794525,0.27565160400710625,0.2620896423686111,0.24817236096249706,0.25051522251727837,0.2606003140625937,0.25021799320786114,0.210324222958422,,,,,,0.22202391078762268,0.24785061013702242,0.24137897649648116,0.21929030743244143,0.2016077986345808,,,0.20720815621963162,0.22125713852369622,0.24592915813937977,0.27461426284579527,0.2952128367808358,0.30345798275112,0.3011387771215515,0.2870159524711933,0.259164033206191,0.22617706689765954,0.20839407767628737,0.21651428893879354,0.23450305073532213,0.23823078285050991,0.22029709892142982,,,,0.20899684834606258,0.21465474714385935,0.2115901277058665,0.21533610285968924,0.2280439220708495,0.23757592526934931,0.22831294842286945,,,,,,0.2100256715183733,0.22780982833937485,0.23887545208993533,0.24799979828414465,0.25509226024498743,0.26195458153461076,0.2665379625044613,0.26693324244083,0.26943476071458194,0.27712951102333666,0.2839147651387256,0.2838896387229367,0.27197137439471897,0.24789234996452317,0.22293507229315562,0.20420357224989505,,,,,0.20090531325877398,,,,,,,0.21597061841092693,0.23511902594027329,0.2448887015806517,0.24948891930463657,0.2555703066586797,0.2613274636031768,0.25934933762420337,0.25318292967170264,0.2564022714826192,0.2738634478260317,0.2930756283555577,0.2960453650735206,0.28027026682182177,0.26303731741743364,0.2598562762851667,0.26487278213841686,0.2599926345196464,0.2417988617247604,0.22830713680784953,0.23383793389716068,0.25089136688796077,0.26822413848404936,0.2869753289367066,0.3058342708798748,0.3166516187876562,0.3217722573840447,0.32632520910221097,0.3212827250643371,0.2978735459717937,0.26206040520351664,0.2286774790139014,0.20967277740178317,0.20527025755673117,0.20897370455558106,0.2215006688890805,0.2473632541279317,0.2768576530555149,0.28945348423002387,0.2753105537679845,0.2420457145167395,0.20636235128821778,,0.20308387177877912,0.23491917049335892,0.2531084751271496,0.24846928559888265,0.23738470800406103,0.23306100497068305,0.23269723701534223,0.2214908359356153,,,,,,,,,,,,,,,,0.2125910856535328,0.2707663054200098,0.3188410193999836,0.351816017377948,0.37792760286291527,0.39894048592854264,0.40754996829008916,0.4060284556947774,0.4051651373978011,0.4076037240154568,0.4053816867113452,0.398466249294985,0.3978007388580236,0.4036749848605211,0.40520029304531535,0.4006620610336849,0.3945523141351185,0.3823215570835949,0.359460126504366,0.33564819963262416,0.3255686528383638,0.3321348555217207,0.3437380126945676,0.3445265302674034,0.3258245207874645,0.29367256918185647,0.26686144110271354,0.25686772636772504,0.2562114791745683,0.25572505324386124,0.2542323256706076,0.2508686717377099,0.2467874874400628,0.24952314293430766,0.2644060435612153,0.28392008427098653,0.29493619136052973,0.29372245388285717,0.28567088927446577,0.28062441025490864,0.28362073729081805,0.2818720877373111,0.2584648975914236,0.21612426430129145,,,,,,0.22380515775150361,0.254493554273988,0.25769168640792645,0.2470763474994323,0.23826330513143934,0.228987942344495,0.21693470726973563,0.20752890212472933,0.2010362704643443,,0.20595428039617472,0.22544850415915507,0.2406529356590843,0.24010317900396666,0.23190546747399887,0.22295074076969587,0.2060386426084453,,,,,,0.20353899379994123,0.2086772425774801,0.2224976078248242,0.2542569157968269,0.28459663613798136,0.2824605941335103,0.2437445030693961,,,,,,,0.20153859767151017,0.2152732050420524,0.20964919371716245,0.2038222871415198,0.21864413228463359,0.24024771602889688,0.24095617297900007,0.21863224995834274,,,,,0.20053828824828288,0.20953083967398636,0.21802028943041302,0.22537241844628372,0.22215452516349934,0.20442180516104477,,,,,,,,,,,,0.20597700996827864,0.20201485420981222,,,,,0.20776890426739703,0.206400348089778,,,,,,,,,,,,,,,,,,,0.2034685495903469,0.20138318779987882,,,,,,,,,,,,,,
478,0.23199807681621715,0.21306400141210588,,,,,,,,,,0.22043005102593455,0.24091028667188935,0.24326321925496852,0.23953089092318822,0.24530594841635645,0.2564063991469344,0.25757835763045833,0.24694051904801279,0.2351956071995752,0.2294770297361678,0.23013088075509683,0.2369033993507329,0.24741622374086603,0.2537191557558518,0.251039259099971,0.2450923136139579,0.24480826773041664,0.24762162437095847,0.23827623076573295,0.21005774776358643,,,,,,0.2199374390803725,0.2406639623657002,0.22929540089706935,0.20839224659508715,0.20015939684522527,0.20495440059038683,0.21161810183705196,0.21511981155266152,0.2234425011102365,0.24337008882453376,0.2662245373981653,0.27855326964946553,0.2797310200613028,0.27664730160485634,0.26777743913216123,0.24643853993745451,0.21798731303939223,0.2037058781388862,0.21451446044853514,0.22993788713137156,0.22648868125937763,0.20679348137394915,,,,0.2072049400077816,0.21481144695107285,0.21886649478365644,0.22701067518125695,0.2373352905261012,0.24200143916839856,0.22984452761993146,,,,,,,0.20985939879071092,0.22797954665077835,0.24096977482752802,0.24302905970654282,0.23878181214061403,0.23666199288542605,0.24114195648575593,0.2530959600107568,0.2665652161073149,0.2733892040446531,0.2730426861674867,0.26467816943083644,0.24545103039498206,0.22425612916840093,0.2122765197819182,0.20425326016930276,,,,,,,,,,,0.21416251821716076,0.2303055560526538,0.23822165200140222,0.2375805599867027,0.2360888058895952,0.24084397127631507,0.24811168296905303,0.2522797801043737,0.2577962467061421,0.2722412695715345,0.28929789131411837,0.29114936189053847,0.27423923022280444,0.2552840571374907,0.2464962130676434,0.24190565161917466,0.22757751635648282,0.20207566079306466,,,0.23070813978957386,0.26000106522911337,0.2778459442292982,0.2850573145717203,0.28483790832037137,0.28626423317930705,0.29114577091657795,0.2886747020051702,0.2737200895492736,0.24817219906887877,0.21462384664590714,,,,,0.22445074481650268,0.25252906028137484,0.2635218980620807,0.2499958692431489,0.21857286533406772,,,,0.20530818631837602,0.2250197330125941,0.2296028455761956,0.2292364871595658,0.23357558037277998,0.23804775128922775,0.22847447834488555,0.20080246486162212,,,,,,,,,,,,,,,,0.2562985190115712,0.3071946869908026,0.33935913423458175,0.3670573510690716,0.3902326254491641,0.3963733384861431,0.38814147451927744,0.3804817375599093,0.3772878992005527,0.37140202131304245,0.3660534650845289,0.37161899826265493,0.3811518913412565,0.37966799683829844,0.37165893194606964,0.3688351621091556,0.364652058203607,0.34847610948416485,0.3280410751505489,0.3198761054832699,0.326929381914756,0.33455546112570667,0.3284368777716475,0.30554451658902393,0.27093243291179864,0.23994040707450226,0.22868219462244754,0.23513133844285078,0.24595045660953965,0.2513696240952996,0.2484793549726546,0.24138320444639788,0.2370315392763827,0.2389732271520269,0.24531695233576378,0.25322428679502196,0.26050281652405705,0.2623222291201306,0.26176821301275754,0.2681963474260829,0.27258283919033666,0.255721852228182,0.2187851429804435,,,,,,,0.2247052526742972,0.23354035094506012,0.23368019779295482,0.2318925843631734,0.22559814738888626,0.218589861036416,0.21858438387476398,0.2194774076183278,0.21425859417930626,0.21338618721169098,0.22682063623511484,0.24229964392051345,0.24444117171212165,0.23917677855820452,0.23494784891892465,0.22266338854328838,,,,,,0.22320870114341498,0.24350942175736146,0.25294118105329194,0.26292514216308405,0.2731817519766042,0.2658324549173791,0.23435565166827438,,,,,,,,,0.20452739405721163,0.22231556699211885,0.24675186691677725,0.2585408210720348,0.24381390868865072,0.2131153954922831,,,,,,0.20052155283233403,0.2001560393704327,,,,,,,,,,,,,,,,,,,0.21700000645480716,0.23190120179508542,0.23394616565026988,0.223226339529076,,,,,,,,,,,,,,,,,,,0.21564861495858006,0.2227025768680811,0.21311019840593043,,,,,,,,0.20452039068214933,0.21772145011701804,0.2254531614882868,0.2170420312664314,,
483,0.21782527670378282,0.20687462622918973,,,,,,,,,,,0.22123450321581167,0.23336843606024604,0.2370979968415531,0.2426144343435508,0.2473435010318078,0.24155196966203257,0.2272621435590499,0.21430867648381408,0.20553416616446524,,,0.2081459902242176,0.220990810207782,0.22876996515207165,0.23067131638723198,0.23214247860829268,0.2346617011608548,0.23076272141483067,0.213390676427009,,,,,,,0.2145171416671054,0.20775800729688032,,0.20382220613090174,0.21749265513494193,0.22367859310522964,0.22134798150799498,0.22527197170148477,0.24313797628554035,0.26235924499320784,0.2686081979360548,0.26472865489355274,0.25985114094001066,0.25343971504090035,0.23972358771354266,0.22026960369286414,0.2102419706600266,0.21909898404884653,0.22841375667732847,0.21982893203806073,0.20250195903531404,,,,0.20735630277832484,0.21782511567624568,0.22820546482941909,0.23885569280732602,0.24595205228279426,0.2458546973739163,0.23327901004657925,,,,,,,,0.20858376267176632,0.2221048311211077,0.2189290384404846,0.2024225987016681,,,0.21078862290200445,0.2306555656499115,0.23912627375324946,0.2400225884502337,0.23908913161331324,0.23207861185087406,0.22003229762938165,0.21201170505629746,0.20592259667254165,,,,,,,,,,,0.21322580443824415,0.22484082073481038,0.22993021430636357,0.2228989603801489,0.2122351117215045,0.2141095189025483,0.22991997888010968,0.24586149283520065,0.25481538893922534,0.2632592340576999,0.273406779782307,0.2746900535088361,0.26260601091250746,0.24742984758627506,0.23595283990260218,0.222581824871559,,,,,,0.21858250531634485,0.2506219261138988,0.2577152934122712,0.24980855031429502,0.24512656604486055,0.24798298738405167,0.24954940063377373,0.2457411985147878,0.23284605318723814,0.20472573114380654,,,,,,0.21861946630939366,0.23601116371334646,0.22767960141328775,0.20146905757849806,,,,,,,0.20532752230255916,0.2274844564841447,0.24753351221546935,0.24875062903295247,0.2286813628457592,0.20507144352179307,,,,,,,,,,,,,,,0.2461043699049152,0.2935591996172016,0.3167089884203338,0.33860135249288636,0.35866391413633847,0.3606186730882312,0.3484221858697105,0.34003404498468914,0.33858395568550725,0.3356088018154836,0.3340807711267505,0.34142587736059526,0.3472040929616859,0.33859206986448165,0.3268215790674153,0.3259195528284643,0.3242177448566781,0.3082591454583379,0.29010667456158135,0.2891641119856106,0.30373566907458394,0.3129429288798809,0.3036631491855172,0.28005097419542213,0.24918476738298606,0.22050955486031792,0.20807674364719858,0.21564274440561346,0.2313674489717058,0.2401183333420454,0.23759576582208872,0.2297664282791374,0.22120166168412625,0.21286476786476236,0.20749339950797538,0.2106162274219154,0.22131387121807533,0.22718002438044538,0.22529025032221456,0.22707335081590863,0.22982485909543715,0.21884523276497425,,,,,,,,,,0.21592546864048687,0.22814860385739932,0.22679333602562257,0.2185310262167564,0.2193898364999012,0.22467185144654644,0.21881463117625144,0.20806402343266228,0.21049194932952925,0.2232454085682462,0.22993145234052792,0.2302349755637514,0.23047503120836355,0.22240198230988847,,,,,,0.22849890315150623,0.2581605753676181,0.26559664352326007,0.25815572817458543,0.24737034255085286,0.23182982463289042,0.20770740579559147,,,,,,,,,0.20297780599392853,0.22358779985634175,0.2409916085624492,0.24233339475052498,0.22539366207290817,,,,,,,,,,,,,,,,,,,,,,,,,,,0.22546775661767485,0.24432028412735007,0.24197535812002546,0.22415533854613057,,,,,,,,,,,,,,,,,,,,0.20463298859476636,0.20190996744922596,,,,,,,,,0.2183866461262027,0.22679404472230408,0.21895163503463883,,
488,0.2007409797758105,0.2013862459489163,0.20387065175864064,0.20027793157993057,,,,,,,,,0.20807244268044311,0.23189416175141453,0.23768161804333643,0.23454870289855312,0.22601927543185857,0.21039439131100135,,,,,,,,0.20908050598857192,0.21212028455339962,0.21580693723406658,0.22335540937598622,0.22635603962473627,0.2139363377968201,,,,,,,,,,0.2119631293044908,0.22690324487253988,0.22441418909578675,0.21044766578341795,0.2073475300747973,0.22427836540764334,0.24450483644673365,0.25014440691823825,0.24451466742509484,0.23862523663864263,0.2352937953006598,0.23159489213154597,0.22334252357162399,0.21557766959026434,0.2169662563087308,0.21798537061774592,0.2086558638518861,,,,,,0.2123819253974173,0.2315163968244646,0.24860741493351204,0.2583994851207214,0.2578085662356764,0.2459565387791522,0.221695281112394,,,,,,,,,,,,,,,,,0.2036770583391884,0.20376458120399757,,,,,,,,,,,,,,0.20954823027567338,0.2205431448642391,0.21995790960246703,0.2024255991308863,,,,0.22081467743719718,0.2337587817634216,0.23890039165803376,0.2442881867946703,0.24820405989595146,0.24492403541866387,0.2364696549688987,0.22633757804355464,0.20995781058951674,,,,,,,0.20553572810374124,0.22580256686238276,0.2188699342206814,0.21135838498344356,0.21626997939641815,0.22768597323355488,0.23544569228999795,0.23002803084618959,0.205835300340719,,,,,,,0.2104402873920828,0.2092143191668957,,,,,,,,,0.2202528325973539,0.24900882506938948,0.2531702381957168,0.2349788739784582,0.21375546997678382,,,,,,,,,,,,,,,0.22702030287950903,0.27072629789820446,0.2858891130952658,0.29845029032392434,0.31034780454811106,0.30680113430022293,0.2922195101811995,0.2859066971146057,0.2922711996342633,0.3006598261903344,0.30692304032038564,0.3118928482556001,0.3079176143979071,0.2911212980382415,0.2759066039140894,0.2710771246217458,0.2598529317347689,0.2332495206479705,0.21513204248737253,0.22792881443218593,0.2586729297547222,0.2773944053123235,0.2733918503377972,0.25686035195310053,0.23634166464671214,0.21542572763428922,0.20361335002777553,0.21023540491312787,0.22869189561391978,0.24022186511632582,0.23601295041354511,0.22146482153364283,0.2041193514195828,,,0.20062682910131777,0.2120646568384061,0.21029881890265972,,,,,,,,,,,,,,0.2004696789891901,0.22204237030104507,0.21945322816732588,0.20412154506269348,0.20454980647712911,0.21732087943905573,0.21405468588856058,,,,0.2052376407496549,0.20974953865600635,0.20822888791992347,,,,,,,0.213598947772297,0.2439745850126483,0.2523179245628724,0.23608689580377365,0.20970419221266567,,,,,,,,,,,,0.2016867490682241,0.20628679697476282,0.20788926640315147,0.20517225593702743,,,,,,,,,,,,,,,,,,,,,,,,,,,0.20462443549268355,0.22851743787323367,0.22850629362666963,0.21151968747490413,,,,,,,,,,,,,,,,,,,,,,,,,,,,,,,,,,
493,,0.20212181345580374,0.21177557937744096,0.2083930672640061,,,,,,,,,,0.23558565613111873,0.2442017508524741,0.2325960758795097,0.21111790730608831,,,,,,,,,0.20321215367995082,,,0.21035012629812297,0.21758590603142,0.20612705656131902,,,,,,,,,,0.21465746560815763,0.2245765779595993,0.2098268979828129,,,,0.20186353638805937,0.21186837017509397,0.20989811068123365,0.20840813867041874,0.21334486534090635,0.2224928204802084,0.22424218329972315,0.2137191938346445,0.2014053508391928,,,,,,,,,0.22154738096963647,0.25217181863689164,0.2721356332117368,0.2736176820246725,0.25911764980395724,0.2387314564572317,0.22022130483245633,0.20552898446009868,,,,,,,,,,,,,,,,,,,,,,,,,,,,,,,0.2165933717253368,0.20921708220012436,,,,,,0.2018106105286353,0.2070804688795418,0.2115168685891593,0.22014594478966543,0.2276757733892823,0.22894240672906463,0.22442395679389576,0.21007972918059994,,,,,,,,0.2032956404758679,0.2053168078029345,,0.20852826970917201,0.23062713038715504,0.2473047207279806,0.2444300206912523,0.2209988315446802,,,,,,,,,,,,,,,,,0.2147955640311065,0.23830698167503794,0.23447976309776272,0.21262589670843346,,,,,,,,,,,,,,,,0.20337878144324067,0.2481872826186347,0.2638570881947187,0.26999681933053354,0.27291126910342267,0.26310379841166687,0.2430434068870144,0.2333462633916793,0.24535357219551046,0.2678181314268998,0.28453164203392284,0.28689874374141255,0.27358325632541736,0.2517584337728272,0.2334051646507828,0.21778713577838144,,,,,0.20865110164129047,0.23882168445805596,0.24434861010935824,0.2406029948728774,0.23365872796191023,0.22114876217544008,0.2105684457758618,0.2175428299862165,0.24092715175242524,0.25849393061615067,0.25377609697919307,0.2288978240317781,,,0.20528959885495807,0.23207300036632494,0.24149399584330972,0.22157463227839794,,,,,,,,,,,,,,,0.20408938977518087,,,,0.20455702737043624,0.20783207187938335,,,,,,,,,,,,,,0.20635372317297368,0.21439568956757582,,,,,,,,,,,,,,,,,0.20174224352607018,,,,,,,,,,,,,,,,,,,,,,,,,,,,0.2034092906674866,0.2080750903625937,0.20062097822437516,,,,,,,,,,,,,,,,,,,,,,,,,,,,,,,,,,
498,0.20020179512928554,0.20901822460828878,0.21873629166604863,0.2127392944916917,,,0.20009041775885394,,,,,,,0.23942331882281437,0.252156318205317,0.2367023440603278,0.20841187233433817,,,,,,,,0.203735587863938,0.20621964832826012,,,,0.20761370603678936,,,,,,,,,,,0.2105474754152133,0.21526437254606945,,,,,,,,,,0.21739085907177014,0.22531714008311698,0.21039803008922392,,,,,,,,,,0.20729853134867496,0.25064229075938294,0.2807267161289424,0.28379373877153247,0.26464909906249795,0.24292352746198936,0.22819169344755275,0.2130063737431286,,,,,,,,,,,,,,,,,,,,,,,,,,,,,,,0.21277814216170998,0.20108456296915284,,,,,,,,,0.20265497246479916,0.2183256171577002,0.2280932717187784,0.2291874600185383,0.21735935766753559,,,,,,,,,0.2087996827283758,0.20483955979307986,0.2157842390959815,0.24306645471591523,0.2642652655423676,0.2624998947089853,0.23894231180543318,,,,,,,,,,,,,,,,,0.21058831530434666,0.22566604486351244,0.21400290807078992,,,,,,,,,,,,,,,,,,0.23637354141452244,0.2569414764572172,0.26120164111071187,0.25862744656617576,0.24402442698842874,0.21741610147274226,0.20104773200209725,0.2140516821097271,0.24585915228286134,0.2704736319900367,0.2718289369685068,0.2536305899867141,0.23031754768108648,0.20954479785229596,,,,,,,0.21468533433975667,0.22659449786456093,0.23287925520030234,0.23601223811522953,0.2285868170408065,0.21817520297995097,0.2256960113715919,0.2537190932186541,0.2776688124699984,0.2748070220354318,0.24370740190885026,0.2059256354707964,,0.22966817892584623,0.2693069314563614,0.27561565931243504,0.24029908041420667,,,,,,,,,,,,,,,,,,,,0.2041492291123295,,,,,,,,,,,,,,,,,,,,,,,,,,,,,,,,0.2093066418073677,0.2026510212813084,,,,,,,,,,,,,,,,,,,,,,,,,,,,,,,,,,,,,,,,,,,,,,,,,,,,0.20013108933944695,0.21416004771306552,0.2019425673697916,,,,,,,,,
